achieved_rate_denominator,aggregate_output_metric_provenance,arrival_latency_estimand,arrival_latency_p95_across_blocks,arrival_latency_p95_across_blocks_ci95_high,arrival_latency_p95_across_blocks_ci95_low,arrival_latency_p95_across_blocks_ci_method,arrival_latency_p95_across_blocks_n,arrival_latency_p95_across_blocks_unit,arrival_window_seconds_sum,blocks_n,capacity_estimand_blocks_n,capacity_estimand_state,censored_block_reasons_json,censored_blocks_n,completed_rpm,completed_rpm_ci95_high,completed_rpm_ci95_low,completed_rpm_ci_method,completed_rpm_n,completed_rpm_unit,completion_rate,completion_rate_ci95_high,completion_rate_ci95_low,completion_rate_ci_method,completion_rate_n,completion_rate_unit,early_termination_seconds_sum,elapsed_wall_seconds_sum,healthy_blocks_n,launch_rate,launch_rate_ci95_high,launch_rate_ci95_low,launch_rate_ci_method,launch_rate_n,launch_rate_unit,launched_logical_rpm,launched_logical_rpm_ci95_high,launched_logical_rpm_ci95_low,launched_logical_rpm_ci_method,launched_logical_rpm_n,launched_logical_rpm_unit,logical_requests_launched_n,observed_blocks_healthy_n,observed_requests_completed_n,observed_requests_successful_n,offered_rate_denominator,offered_rpm,offered_rpm_ci95_high,offered_rpm_ci95_low,offered_rpm_ci_method,offered_rpm_n,offered_rpm_unit,offered_rps_target,phase,physical_attempt_rpm,physical_attempt_rpm_ci95_high,physical_attempt_rpm_ci95_low,physical_attempt_rpm_ci_method,physical_attempt_rpm_n,physical_attempt_rpm_unit,physical_attempt_success_rate,physical_attempt_success_rate_ci95_high,physical_attempt_success_rate_ci95_low,physical_attempt_success_rate_ci_method,physical_attempt_success_rate_n,physical_attempt_success_rate_unit,physical_attempts_n,physical_other_outcomes_n,physical_rate_limited_n,physical_server_errors_n,physical_status_provenance,physical_successes_n,physical_timeouts_n,physical_transport_errors_n,post_arrival_drain_p50,post_arrival_drain_p50_ci95_high,post_arrival_drain_p50_ci95_low,post_arrival_drain_p50_ci_method,post_arrival_drain_p50_n,post_arrival_drain_p50_unit,post_arrival_drain_seconds_sum,quality_adjusted_rpm,quality_adjusted_rpm_ci95_high,quality_adjusted_rpm_ci95_low,quality_adjusted_rpm_ci_method,quality_adjusted_rpm_n,quality_adjusted_rpm_unit,quality_censored_blocks_n,quality_complete_blocks_n,quality_mean,quality_mean_ci95_high,quality_mean_ci95_low,quality_mean_ci_method,quality_mean_n,quality_mean_unit,quality_reporting_state,quality_verification_counts_json,raw_runner_elapsed_seconds_sum,requests_completed_n,requests_successful_n,route_id,sampling_unit,service_latency_estimand,service_latency_p95_across_blocks,service_latency_p95_across_blocks_ci95_high,service_latency_p95_across_blocks_ci95_low,service_latency_p95_across_blocks_ci_method,service_latency_p95_across_blocks_n,service_latency_p95_across_blocks_unit,shape,success_rate,success_rate_ci95_high,success_rate_ci95_low,success_rate_ci_method,success_rate_estimand,success_rate_n,success_rate_unit,successful_input_tpm,successful_input_tpm_ci95_high,successful_input_tpm_ci95_low,successful_input_tpm_ci_method,successful_input_tpm_n,successful_input_tpm_unit,successful_output_tpm,successful_output_tpm_ci95_high,successful_output_tpm_ci95_low,successful_output_tpm_ci_method,successful_output_tpm_n,successful_output_tpm_unit,successful_rpm,successful_rpm_ci95_high,successful_rpm_ci95_low,successful_rpm_ci_method,successful_rpm_n,successful_rpm_unit,tpm_censored_blocks_n,tpm_complete_blocks_n,tpm_estimand,tpm_reporting_state,ttft_estimand,ttft_p95_across_blocks,ttft_p95_across_blocks_ci95_high,ttft_p95_across_blocks_ci95_low,ttft_p95_across_blocks_ci_method,ttft_p95_across_blocks_n,ttft_p95_across_blocks_unit,unknown_outcomes_n,usage_verification_counts_json,warm_state
"at least the full registered arrival window, extended through response drain",successful completion tokens / analysis-block wall-clock minute,successful_final_logical_outcomes_only,6.183290168642998,,,single-block-no-CI,1,seconds,5.0,1,1,eligible_blocks_only,{},0,7.103859888351063,,,single-block-no-CI,1,requests/minute,1.0,,,single-block-no-CI,1,proportion,0.0,8.446112527977675,1,1.0,,,single-block-no-CI,1,proportion,7.103859888351063,,,single-block-no-CI,1,requests/minute,1,1,1,1,scheduled-arrival window,12.0,,,single-block-no-CI,1,requests/minute,0.25,aimd,7.103859888351063,,,single-block-no-CI,1,attempts/minute,1.0,,,single-block-no-CI,1,proportion,1,0,0,0,"all terminal provider send attempts, including intermediate retries; other_outcomes is the residual not decomposed by the epoch event schema",1,0,0,3.446112527977675,,,single-block-no-CI,1,seconds,3.446112527977675,0.0,,,single-block-no-CI,1,quality-weighted successful tasks/minute,0,1,0.0,,,single-block-no-CI,1,proportion,complete,"{""request_ledger_join"":1}",8.446112527977675,1,1,deepseek-v4-flash-0731,capacity-eligible load epoch/block; launch-guarded and scientifically censored blocks are retained as audit counts but excluded from provider-capacity estimands; bootstrap assumes block-level exchangeability and does not remove temporal autocorrelation,successful_final_logical_outcomes_only,6.165850260993466,,,single-block-no-CI,1,seconds,long_short,1.0,,,single-block-no-CI,"successful final logical outcomes / all scheduled open-loop arrivals; unlaunched, unknown, and failed arrivals remain in the denominator",1,proportion,710407.3004147713,,,single-block-no-CI,1,tokens/minute,35.519299441755315,,,single-block-no-CI,1,tokens/minute,7.103859888351063,,,single-block-no-CI,1,requests/minute,0,1,"successful provider-reported tokens in complete-usage blocks / at least the full registered arrival window, extended through response drain; partial results may be biased if usage missingness is informative",complete,successful_final_logical_outcomes_with_observed_ttft_only,6.089789963094518,,,single-block-no-CI,1,seconds,0,"{""request_ledger_join"":1}",uncontrolled_not_paired
"at least the full registered arrival window, extended through response drain",successful completion tokens / analysis-block wall-clock minute,successful_final_logical_outcomes_only,11.825442845647922,13.832223866146522,10.246294156135992,epoch/block-bootstrap-percentile,7,seconds,35.0,8,7,eligible_blocks_only,"{""zero_scheduled_poisson_arrivals"":1}",1,9.656007600683116,12.533747438918352,7.5486524311759355,epoch/block-bootstrap-ratio-of-sums,7,requests/minute,1.0,1.0,1.0,epoch/block-bootstrap-ratio-of-sums,7,proportion,0.0,99.4199714519782,7,1.0,1.0,1.0,epoch/block-bootstrap-ratio-of-sums,7,proportion,9.656007600683116,12.533747438918352,7.5486524311759355,epoch/block-bootstrap-ratio-of-sums,7,requests/minute,16,7,16,16,scheduled-arrival window,27.428571428571427,36.0,20.571428571428573,epoch/block-bootstrap-ratio-of-sums,7,requests/minute,0.5,aimd,9.656007600683116,12.533747438918352,7.5486524311759355,epoch/block-bootstrap-ratio-of-sums,7,attempts/minute,1.0,1.0,1.0,epoch/block-bootstrap-ratio-of-sums,7,proportion,16,0,0,0,"all terminal provider send attempts, including intermediate retries; other_outcomes is the residual not decomposed by the epoch event schema",16,0,0,9.271972468006425,9.960564250010066,6.6919971000170335,epoch/block-bootstrap-percentile,7,seconds,64.4199714519782,0.0,0.0,0.0,epoch/block-bootstrap-ratio-of-sums,7,quality-weighted successful tasks/minute,0,7,0.0,0.0,0.0,epoch/block-bootstrap-ratio-of-sums,7,proportion,complete,"{""request_ledger_join"":7}",99.4199714519782,16,16,deepseek-v4-flash-0731,capacity-eligible load epoch/block; launch-guarded and scientifically censored blocks are retained as audit counts but excluded from provider-capacity estimands; bootstrap assumes block-level exchangeability and does not remove temporal autocorrelation,successful_final_logical_outcomes_only,11.810004729503998,13.815869878168451,10.226966707943939,epoch/block-bootstrap-percentile,7,seconds,long_short,1.0,1.0,1.0,epoch/block-bootstrap-ratio-of-sums,"successful final logical outcomes / all scheduled open-loop arrivals; unlaunched, unknown, and failed arrivals remain in the denominator",7,proportion,965604.984571637,1253374.1470467192,754866.31538049,epoch/block-bootstrap-ratio-of-sums,7,tokens/minute,350.030275524763,606.5675684957451,142.50277937165967,epoch/block-bootstrap-ratio-of-sums,7,tokens/minute,9.656007600683116,12.533747438918352,7.5486524311759355,epoch/block-bootstrap-ratio-of-sums,7,requests/minute,0,7,"successful provider-reported tokens in complete-usage blocks / at least the full registered arrival window, extended through response drain; partial results may be biased if usage missingness is informative",complete,successful_final_logical_outcomes_with_observed_ttft_only,9.029090864898171,10.74598407804151,7.634078619786305,epoch/block-bootstrap-percentile,7,seconds,0,"{""request_ledger_join"":7}",uncontrolled_not_paired
"at least the full registered arrival window, extended through response drain",successful completion tokens / analysis-block wall-clock minute,successful_final_logical_outcomes_only,35.860027727385756,,,single-block-no-CI,1,seconds,40.0,1,1,eligible_blocks_only,{},0,22.918191785958484,,,single-block-no-CI,1,requests/minute,1.0,,,single-block-no-CI,1,proportion,0.0,52.360151760978624,1,1.0,,,single-block-no-CI,1,proportion,22.918191785958484,,,single-block-no-CI,1,requests/minute,20,1,20,20,scheduled-arrival window,30.0,,,single-block-no-CI,1,requests/minute,0.5,baseline,22.918191785958484,,,single-block-no-CI,1,attempts/minute,1.0,,,single-block-no-CI,1,proportion,20,0,0,0,"all terminal provider send attempts, including intermediate retries; other_outcomes is the residual not decomposed by the epoch event schema",20,0,0,12.360151760978624,,,single-block-no-CI,1,seconds,12.360151760978624,0.0,,,single-block-no-CI,1,quality-weighted successful tasks/minute,0,1,0.0,,,single-block-no-CI,1,proportion,complete,"{""request_ledger_join"":1}",52.360151760978624,20,20,deepseek-v4-flash-0731,capacity-eligible load epoch/block; launch-guarded and scientifically censored blocks are retained as audit counts but excluded from provider-capacity estimands; bootstrap assumes block-level exchangeability and does not remove temporal autocorrelation,successful_final_logical_outcomes_only,35.84395765893279,,,single-block-no-CI,1,seconds,long_short,1.0,,,single-block-no-CI,"successful final logical outcomes / all scheduled open-loop arrivals; unlaunched, unknown, and failed arrivals remain in the denominator",1,proportion,2291837.5131492773,,,single-block-no-CI,1,tokens/minute,752.8626001687362,,,single-block-no-CI,1,tokens/minute,22.918191785958484,,,single-block-no-CI,1,requests/minute,0,1,"successful provider-reported tokens in complete-usage blocks / at least the full registered arrival window, extended through response drain; partial results may be biased if usage missingness is informative",complete,successful_final_logical_outcomes_with_observed_ttft_only,15.730173518956871,,,single-block-no-CI,1,seconds,0,"{""request_ledger_join"":1}",uncontrolled_not_paired
"at least the full registered arrival window, extended through response drain",successful completion tokens / analysis-block wall-clock minute,successful_final_logical_outcomes_only,39.93649621363148,,,single-block-no-CI,1,seconds,20.0,1,1,eligible_blocks_only,{},0,23.2877531041431,,,single-block-no-CI,1,requests/minute,1.0,,,single-block-no-CI,1,proportion,0.0,51.52923060604371,0,1.0,,,single-block-no-CI,1,proportion,23.2877531041431,,,single-block-no-CI,1,requests/minute,20,0,20,20,scheduled-arrival window,60.0,,,single-block-no-CI,1,requests/minute,1.0,baseline,25.616528414557408,,,single-block-no-CI,1,attempts/minute,0.9090909090909091,,,single-block-no-CI,1,proportion,22,0,0,2,"all terminal provider send attempts, including intermediate retries; other_outcomes is the residual not decomposed by the epoch event schema",20,0,0,31.52923060604371,,,single-block-no-CI,1,seconds,31.52923060604371,0.0,,,single-block-no-CI,1,quality-weighted successful tasks/minute,0,1,0.0,,,single-block-no-CI,1,proportion,complete,"{""request_ledger_join"":1}",51.52923060604371,20,20,deepseek-v4-flash-0731,capacity-eligible load epoch/block; launch-guarded and scientifically censored blocks are retained as audit counts but excluded from provider-capacity estimands; bootstrap assumes block-level exchangeability and does not remove temporal autocorrelation,successful_final_logical_outcomes_only,37.52469750070596,,,single-block-no-CI,1,seconds,long_short,1.0,,,single-block-no-CI,"successful final logical outcomes / all scheduled open-loop arrivals; unlaunched, unknown, and failed arrivals remain in the denominator",1,proportion,,,,epoch/block-bootstrap-ratio-of-sums,0,tokens/minute,,,,epoch/block-bootstrap-ratio-of-sums,0,tokens/minute,23.2877531041431,,,single-block-no-CI,1,requests/minute,1,0,"successful provider-reported tokens in complete-usage blocks / at least the full registered arrival window, extended through response drain; partial results may be biased if usage missingness is informative",censored_no_complete_usage_block,successful_final_logical_outcomes_with_observed_ttft_only,25.12094555249205,,,single-block-no-CI,1,seconds,0,"{""successful_request_usage_incomplete"":1}",uncontrolled_not_paired
"at least the full registered arrival window, extended through response drain",successful completion tokens / analysis-block wall-clock minute,successful_final_logical_outcomes_only,11.968954621127342,13.049229479482165,10.662443647324109,epoch/block-bootstrap-percentile,3,seconds,15.0,3,3,eligible_blocks_only,{},0,11.67279645369652,16.122324415419666,8.646607330794469,epoch/block-bootstrap-ratio-of-sums,3,requests/minute,1.0,1.0,1.0,epoch/block-bootstrap-ratio-of-sums,3,proportion,0.0,41.1212516130181,3,1.0,1.0,1.0,epoch/block-bootstrap-ratio-of-sums,3,proportion,11.67279645369652,16.122324415419666,8.646607330794469,epoch/block-bootstrap-ratio-of-sums,3,requests/minute,8,3,8,8,scheduled-arrival window,32.0,48.0,24.0,epoch/block-bootstrap-ratio-of-sums,3,requests/minute,0.5,confirmation,11.67279645369652,16.122324415419666,8.646607330794469,epoch/block-bootstrap-ratio-of-sums,3,attempts/minute,1.0,1.0,1.0,epoch/block-bootstrap-ratio-of-sums,3,proportion,8,0,0,0,"all terminal provider send attempts, including intermediate retries; other_outcomes is the residual not decomposed by the epoch event schema",8,0,0,8.878275652998127,9.886190962046385,7.356784997973591,epoch/block-bootstrap-percentile,3,seconds,26.121251613018103,0.0,0.0,0.0,epoch/block-bootstrap-ratio-of-sums,3,quality-weighted successful tasks/minute,0,3,0.0,0.0,0.0,epoch/block-bootstrap-ratio-of-sums,3,proportion,complete,"{""request_ledger_join"":3}",41.1212516130181,8,8,deepseek-v4-flash-0731,capacity-eligible load epoch/block; launch-guarded and scientifically censored blocks are retained as audit counts but excluded from provider-capacity estimands; bootstrap assumes block-level exchangeability and does not remove temporal autocorrelation,successful_final_logical_outcomes_only,11.95334909306257,13.019294099201216,10.645581600064178,epoch/block-bootstrap-percentile,3,seconds,long_short,1.0,1.0,1.0,epoch/block-bootstrap-ratio-of-sums,"successful final logical outcomes / all scheduled open-loop arrivals; unlaunched, unknown, and failed arrivals remain in the denominator",3,proportion,1167289.859066549,1612236.4721230704,864639.1165611199,epoch/block-bootstrap-ratio-of-sums,3,tokens/minute,402.71147765252994,574.9993874978322,155.38022230821883,epoch/block-bootstrap-ratio-of-sums,3,tokens/minute,11.67279645369652,16.122324415419666,8.646607330794469,epoch/block-bootstrap-ratio-of-sums,3,requests/minute,0,3,"successful provider-reported tokens in complete-usage blocks / at least the full registered arrival window, extended through response drain; partial results may be biased if usage missingness is informative",complete,successful_final_logical_outcomes_with_observed_ttft_only,7.712976921175141,10.460759908065665,7.149178776633925,epoch/block-bootstrap-percentile,3,seconds,0,"{""request_ledger_join"":3}",uncontrolled_not_paired
"at least the full registered arrival window, extended through response drain",successful completion tokens / analysis-block wall-clock minute,successful_final_logical_outcomes_only,17.565818082401528,17.619813275686464,17.51182288911659,epoch/block-bootstrap-percentile,2,seconds,20.0,2,2,eligible_blocks_only,{},0,14.639781339379676,15.741308294104963,13.68233483358838,epoch/block-bootstrap-ratio-of-sums,2,requests/minute,1.0,1.0,1.0,epoch/block-bootstrap-ratio-of-sums,2,proportion,0.0,40.98421869089361,2,1.0,1.0,1.0,epoch/block-bootstrap-ratio-of-sums,2,proportion,14.639781339379676,15.741308294104963,13.68233483358838,epoch/block-bootstrap-ratio-of-sums,2,requests/minute,10,2,10,10,scheduled-arrival window,30.0,30.0,30.0,epoch/block-bootstrap-ratio-of-sums,2,requests/minute,0.5,confirmation_separator,14.639781339379676,15.741308294104963,13.68233483358838,epoch/block-bootstrap-ratio-of-sums,2,attempts/minute,1.0,1.0,1.0,epoch/block-bootstrap-ratio-of-sums,2,proportion,10,0,0,0,"all terminal provider send attempts, including intermediate retries; other_outcomes is the residual not decomposed by the epoch event schema",10,0,0,10.492109345446806,11.926082327961922,9.058136362931691,epoch/block-bootstrap-percentile,2,seconds,20.984218690893613,0.0,0.0,0.0,epoch/block-bootstrap-ratio-of-sums,2,quality-weighted successful tasks/minute,0,2,0.0,0.0,0.0,epoch/block-bootstrap-ratio-of-sums,2,proportion,complete,"{""request_ledger_join"":2}",40.98421869089361,10,10,deepseek-v4-flash-0731,capacity-eligible load epoch/block; launch-guarded and scientifically censored blocks are retained as audit counts but excluded from provider-capacity estimands; bootstrap assumes block-level exchangeability and does not remove temporal autocorrelation,successful_final_logical_outcomes_only,17.54975365601713,17.603900774451905,17.495606537582354,epoch/block-bootstrap-percentile,2,seconds,long_short,1.0,1.0,1.0,epoch/block-bootstrap-ratio-of-sums,"successful final logical outcomes / all scheduled open-loop arrivals; unlaunched, unknown, and failed arrivals remain in the denominator",2,proportion,1463988.381784905,1574140.2741954727,1368244.4292267049,epoch/block-bootstrap-ratio-of-sums,2,tokens/minute,398.20205243112713,525.4016576097938,251.8609327056794,epoch/block-bootstrap-ratio-of-sums,2,tokens/minute,14.639781339379676,15.741308294104963,13.68233483358838,epoch/block-bootstrap-ratio-of-sums,2,requests/minute,0,2,"successful provider-reported tokens in complete-usage blocks / at least the full registered arrival window, extended through response drain; partial results may be biased if usage missingness is informative",complete,successful_final_logical_outcomes_with_observed_ttft_only,10.923121431481558,11.046308553800918,10.799934309162198,epoch/block-bootstrap-percentile,2,seconds,0,"{""request_ledger_join"":2}",uncontrolled_not_paired
"at least the full registered arrival window, extended through response drain",successful completion tokens / analysis-block wall-clock minute,successful_final_logical_outcomes_only,83.51988154753343,,,single-block-no-CI,1,seconds,5.0,1,1,eligible_blocks_only,{},0,2.0474861058664913,,,single-block-no-CI,1,requests/minute,1.0,,,single-block-no-CI,1,proportion,0.0,87.91268447891343,1,1.0,,,single-block-no-CI,1,proportion,2.0474861058664913,,,single-block-no-CI,1,requests/minute,3,1,3,3,scheduled-arrival window,36.0,,,single-block-no-CI,1,requests/minute,0.25,aimd,2.0474861058664913,,,single-block-no-CI,1,attempts/minute,1.0,,,single-block-no-CI,1,proportion,3,0,0,0,"all terminal provider send attempts, including intermediate retries; other_outcomes is the residual not decomposed by the epoch event schema",3,0,0,82.91268447891343,,,single-block-no-CI,1,seconds,82.91268447891343,2.0474861058664913,,,single-block-no-CI,1,quality-weighted successful tasks/minute,0,1,1.0,,,single-block-no-CI,1,proportion,complete,"{""request_ledger_join"":1}",87.91268447891343,3,3,deepseek-v4-flash-0731,capacity-eligible load epoch/block; launch-guarded and scientifically censored blocks are retained as audit counts but excluded from provider-capacity estimands; bootstrap assumes block-level exchangeability and does not remove temporal autocorrelation,successful_final_logical_outcomes_only,83.50706945097772,,,single-block-no-CI,1,seconds,short_long,1.0,,,single-block-no-CI,"successful final logical outcomes / all scheduled open-loop arrivals; unlaunched, unknown, and failed arrivals remain in the denominator",1,proportion,589.6759984895496,,,single-block-no-CI,1,tokens/minute,8386.503089629148,,,single-block-no-CI,1,tokens/minute,2.0474861058664913,,,single-block-no-CI,1,requests/minute,0,1,"successful provider-reported tokens in complete-usage blocks / at least the full registered arrival window, extended through response drain; partial results may be biased if usage missingness is informative",complete,successful_final_logical_outcomes_with_observed_ttft_only,0.6461699172272346,,,single-block-no-CI,1,seconds,0,"{""request_ledger_join"":1}",uncontrolled_not_paired
"at least the full registered arrival window, extended through response drain",successful completion tokens / analysis-block wall-clock minute,successful_final_logical_outcomes_only,81.35624924392906,,,single-block-no-CI,1,seconds,5.0,1,1,eligible_blocks_only,{},0,2.112306804953216,,,single-block-no-CI,1,requests/minute,1.0,,,single-block-no-CI,1,proportion,0.0,85.2148937729653,1,1.0,,,single-block-no-CI,1,proportion,2.112306804953216,,,single-block-no-CI,1,requests/minute,3,1,3,3,scheduled-arrival window,36.0,,,single-block-no-CI,1,requests/minute,0.5,aimd,2.112306804953216,,,single-block-no-CI,1,attempts/minute,1.0,,,single-block-no-CI,1,proportion,3,0,0,0,"all terminal provider send attempts, including intermediate retries; other_outcomes is the residual not decomposed by the epoch event schema",3,0,0,80.2148937729653,,,single-block-no-CI,1,seconds,80.2148937729653,2.112306804953216,,,single-block-no-CI,1,quality-weighted successful tasks/minute,0,1,1.0,,,single-block-no-CI,1,proportion,complete,"{""request_ledger_join"":1}",85.2148937729653,3,3,deepseek-v4-flash-0731,capacity-eligible load epoch/block; launch-guarded and scientifically censored blocks are retained as audit counts but excluded from provider-capacity estimands; bootstrap assumes block-level exchangeability and does not remove temporal autocorrelation,successful_final_logical_outcomes_only,81.34086230754619,,,single-block-no-CI,1,seconds,short_long,1.0,,,single-block-no-CI,"successful final logical outcomes / all scheduled open-loop arrivals; unlaunched, unknown, and failed arrivals remain in the denominator",1,proportion,606.2320530215729,,,single-block-no-CI,1,tokens/minute,8652.008673088372,,,single-block-no-CI,1,tokens/minute,2.112306804953216,,,single-block-no-CI,1,requests/minute,0,1,"successful provider-reported tokens in complete-usage blocks / at least the full registered arrival window, extended through response drain; partial results may be biased if usage missingness is informative",complete,successful_final_logical_outcomes_with_observed_ttft_only,0.5936839127563872,,,single-block-no-CI,1,seconds,0,"{""request_ledger_join"":1}",uncontrolled_not_paired
"at least the full registered arrival window, extended through response drain",successful completion tokens / analysis-block wall-clock minute,successful_final_logical_outcomes_only,82.12772579863667,84.785713895323,74.27734471845906,epoch/block-bootstrap-percentile,7,seconds,35.0,7,7,eligible_blocks_only,{},0,3.882680591158804,5.023447967622106,2.920129643005419,epoch/block-bootstrap-ratio-of-sums,7,requests/minute,1.0,1.0,1.0,epoch/block-bootstrap-ratio-of-sums,7,proportion,0.0,587.2231687540188,7,1.0,1.0,1.0,epoch/block-bootstrap-ratio-of-sums,7,proportion,3.882680591158804,5.023447967622106,2.920129643005419,epoch/block-bootstrap-ratio-of-sums,7,requests/minute,38,7,38,38,scheduled-arrival window,65.14285714285714,87.42857142857143,46.285714285714285,epoch/block-bootstrap-ratio-of-sums,7,requests/minute,1.0,aimd,3.882680591158804,5.023447967622106,2.920129643005419,epoch/block-bootstrap-ratio-of-sums,7,attempts/minute,1.0,1.0,1.0,epoch/block-bootstrap-ratio-of-sums,7,proportion,38,0,0,0,"all terminal provider send attempts, including intermediate retries; other_outcomes is the residual not decomposed by the epoch event schema",38,0,0,81.72994836699218,84.07916634099092,73.46415781206451,epoch/block-bootstrap-percentile,7,seconds,552.2231687540188,3.4739773710368245,4.508347535903101,2.515963108906789,epoch/block-bootstrap-ratio-of-sums,7,quality-weighted successful tasks/minute,0,7,0.8947368421052632,0.9666666666666667,0.8235294117647058,epoch/block-bootstrap-ratio-of-sums,7,proportion,complete,"{""request_ledger_join"":7}",587.2231687540188,38,38,deepseek-v4-flash-0731,capacity-eligible load epoch/block; launch-guarded and scientifically censored blocks are retained as audit counts but excluded from provider-capacity estimands; bootstrap assumes block-level exchangeability and does not remove temporal autocorrelation,successful_final_logical_outcomes_only,82.11685921426397,84.77355973122758,74.26360390387708,epoch/block-bootstrap-percentile,7,seconds,short_long,1.0,1.0,1.0,epoch/block-bootstrap-ratio-of-sums,"successful final logical outcomes / all scheduled open-loop arrivals; unlaunched, unknown, and failed arrivals remain in the denominator",7,proportion,887.2954121674418,1186.0736472115989,677.0268639898242,epoch/block-bootstrap-ratio-of-sums,3,tokens/minute,12578.15938905241,16907.74127254771,9606.589035458383,epoch/block-bootstrap-ratio-of-sums,3,tokens/minute,3.882680591158804,5.023447967622106,2.920129643005419,epoch/block-bootstrap-ratio-of-sums,7,requests/minute,4,3,"successful provider-reported tokens in complete-usage blocks / at least the full registered arrival window, extended through response drain; partial results may be biased if usage missingness is informative",partial_complete_blocks_only,successful_final_logical_outcomes_with_observed_ttft_only,0.6768505920190364,0.7596844262443483,0.6379853077000006,epoch/block-bootstrap-percentile,7,seconds,0,"{""request_ledger_join"":3,""successful_request_usage_incomplete"":4}",uncontrolled_not_paired
"at least the full registered arrival window, extended through response drain",successful completion tokens / analysis-block wall-clock minute,successful_final_logical_outcomes_only,97.97537472448894,,,single-block-no-CI,1,seconds,20.0,1,1,eligible_blocks_only,{},0,10.429306729218734,,,single-block-no-CI,1,requests/minute,1.0,,,single-block-no-CI,1,proportion,0.0,115.06038044102024,1,1.0,,,single-block-no-CI,1,proportion,10.429306729218734,,,single-block-no-CI,1,requests/minute,20,1,20,20,scheduled-arrival window,60.0,,,single-block-no-CI,1,requests/minute,1.0,baseline,10.429306729218734,,,single-block-no-CI,1,attempts/minute,1.0,,,single-block-no-CI,1,proportion,20,0,0,0,"all terminal provider send attempts, including intermediate retries; other_outcomes is the residual not decomposed by the epoch event schema",20,0,0,95.06038044102024,,,single-block-no-CI,1,seconds,95.06038044102024,10.429306729218734,,,single-block-no-CI,1,quality-weighted successful tasks/minute,0,1,1.0,,,single-block-no-CI,1,proportion,complete,"{""request_ledger_join"":1}",115.06038044102024,20,20,deepseek-v4-flash-0731,capacity-eligible load epoch/block; launch-guarded and scientifically censored blocks are retained as audit counts but excluded from provider-capacity estimands; bootstrap assumes block-level exchangeability and does not remove temporal autocorrelation,successful_final_logical_outcomes_only,97.96481799543254,,,single-block-no-CI,1,seconds,short_long,1.0,,,single-block-no-CI,"successful final logical outcomes / all scheduled open-loop arrivals; unlaunched, unknown, and failed arrivals remain in the denominator",1,proportion,3006.2476646973,,,single-block-no-CI,1,tokens/minute,42694.97442273919,,,single-block-no-CI,1,tokens/minute,10.429306729218734,,,single-block-no-CI,1,requests/minute,0,1,"successful provider-reported tokens in complete-usage blocks / at least the full registered arrival window, extended through response drain; partial results may be biased if usage missingness is informative",complete,successful_final_logical_outcomes_with_observed_ttft_only,0.820588305790443,,,single-block-no-CI,1,seconds,0,"{""request_ledger_join"":1}",uncontrolled_not_paired
"at least the full registered arrival window, extended through response drain",successful completion tokens / analysis-block wall-clock minute,successful_final_logical_outcomes_only,82.24410431989236,99.71667338656262,78.58682372983313,epoch/block-bootstrap-percentile,3,seconds,15.0,3,3,eligible_blocks_only,{},0,2.45591159487582,2.9388591970741302,1.7787919505522007,epoch/block-bootstrap-ratio-of-sums,3,requests/minute,1.0,1.0,1.0,epoch/block-bootstrap-ratio-of-sums,3,proportion,0.0,268.7393151191063,3,1.0,1.0,1.0,epoch/block-bootstrap-ratio-of-sums,3,proportion,2.45591159487582,2.9388591970741302,1.7787919505522007,epoch/block-bootstrap-ratio-of-sums,3,requests/minute,11,3,11,11,scheduled-arrival window,44.0,48.0,36.0,epoch/block-bootstrap-ratio-of-sums,3,requests/minute,1.0,confirmation,2.45591159487582,2.9388591970741302,1.7787919505522007,epoch/block-bootstrap-ratio-of-sums,3,attempts/minute,1.0,1.0,1.0,epoch/block-bootstrap-ratio-of-sums,3,proportion,11,0,0,0,"all terminal provider send attempts, including intermediate retries; other_outcomes is the residual not decomposed by the epoch event schema",11,0,0,80.8827013670234,96.19227262306958,76.66434112901334,epoch/block-bootstrap-percentile,3,seconds,253.73931511910632,2.45591159487582,2.9388591970741302,1.7787919505522007,epoch/block-bootstrap-ratio-of-sums,3,quality-weighted successful tasks/minute,0,3,1.0,1.0,1.0,epoch/block-bootstrap-ratio-of-sums,3,proportion,complete,"{""request_ledger_join"":3}",268.7393151191063,11,11,deepseek-v4-flash-0731,capacity-eligible load epoch/block; launch-guarded and scientifically censored blocks are retained as audit counts but excluded from provider-capacity estimands; bootstrap assumes block-level exchangeability and does not remove temporal autocorrelation,successful_final_logical_outcomes_only,82.23320499503751,99.70470991202164,78.57411486423807,epoch/block-bootstrap-percentile,3,seconds,short_long,1.0,1.0,1.0,epoch/block-bootstrap-ratio-of-sums,"successful final logical outcomes / all scheduled open-loop arrivals; unlaunched, unknown, and failed arrivals remain in the denominator",3,proportion,707.972333395566,844.9220191588124,512.2920817590337,epoch/block-bootstrap-ratio-of-sums,3,tokens/minute,9864.503817854396,12037.567271215637,6768.303371851123,epoch/block-bootstrap-ratio-of-sums,3,tokens/minute,2.45591159487582,2.9388591970741302,1.7787919505522007,epoch/block-bootstrap-ratio-of-sums,3,requests/minute,0,3,"successful provider-reported tokens in complete-usage blocks / at least the full registered arrival window, extended through response drain; partial results may be biased if usage missingness is informative",complete,successful_final_logical_outcomes_with_observed_ttft_only,0.7364870279794559,0.828617734229192,0.6478313355823047,epoch/block-bootstrap-percentile,3,seconds,0,"{""request_ledger_join"":3}",uncontrolled_not_paired
"at least the full registered arrival window, extended through response drain",successful completion tokens / analysis-block wall-clock minute,successful_final_logical_outcomes_only,84.06157036857911,89.75007688612676,78.37306385103147,epoch/block-bootstrap-percentile,2,seconds,10.0,2,2,eligible_blocks_only,{},0,3.436385420979596,3.640408395991666,3.254017338624334,epoch/block-bootstrap-ratio-of-sums,2,requests/minute,1.0,1.0,1.0,epoch/block-bootstrap-ratio-of-sums,2,proportion,0.0,174.6020677241031,2,1.0,1.0,1.0,epoch/block-bootstrap-ratio-of-sums,2,proportion,3.436385420979596,3.640408395991666,3.254017338624334,epoch/block-bootstrap-ratio-of-sums,2,requests/minute,10,2,10,10,scheduled-arrival window,60.0,60.0,60.0,epoch/block-bootstrap-ratio-of-sums,2,requests/minute,1.0,confirmation_separator,3.436385420979596,3.640408395991666,3.254017338624334,epoch/block-bootstrap-ratio-of-sums,2,attempts/minute,1.0,1.0,1.0,epoch/block-bootstrap-ratio-of-sums,2,proportion,10,0,0,0,"all terminal provider send attempts, including intermediate retries; other_outcomes is the residual not decomposed by the epoch event schema",10,0,0,82.30103386205155,87.19373125000857,77.40833647409454,epoch/block-bootstrap-percentile,2,seconds,164.6020677241031,3.0927468788816364,3.254017338624334,2.912326716793333,epoch/block-bootstrap-ratio-of-sums,2,quality-weighted successful tasks/minute,0,2,0.9,1.0,0.8,epoch/block-bootstrap-ratio-of-sums,2,proportion,complete,"{""request_ledger_join"":2}",174.6020677241031,10,10,deepseek-v4-flash-0731,capacity-eligible load epoch/block; launch-guarded and scientifically censored blocks are retained as audit counts but excluded from provider-capacity estimands; bootstrap assumes block-level exchangeability and does not remove temporal autocorrelation,successful_final_logical_outcomes_only,84.0503775363788,89.73922870641108,78.36152636634652,epoch/block-bootstrap-percentile,2,seconds,short_long,1.0,1.0,1.0,epoch/block-bootstrap-ratio-of-sums,"successful final logical outcomes / all scheduled open-loop arrivals; unlaunched, unknown, and failed arrivals remain in the denominator",2,proportion,937.1569935238083,,,single-block-no-CI,1,tokens/minute,13328.455019005272,,,single-block-no-CI,1,tokens/minute,3.436385420979596,3.640408395991666,3.254017338624334,epoch/block-bootstrap-ratio-of-sums,2,requests/minute,1,1,"successful provider-reported tokens in complete-usage blocks / at least the full registered arrival window, extended through response drain; partial results may be biased if usage missingness is informative",partial_complete_blocks_only,successful_final_logical_outcomes_with_observed_ttft_only,0.6476169703179039,0.7631492646411061,0.5320846759947017,epoch/block-bootstrap-percentile,2,seconds,0,"{""request_ledger_join"":1,""successful_request_usage_incomplete"":1}",uncontrolled_not_paired
"at least the full registered arrival window, extended through response drain",successful completion tokens / analysis-block wall-clock minute,successful_final_logical_outcomes_only,296.5411682312202,,,single-block-no-CI,1,seconds,80.0,1,1,eligible_blocks_only,{},0,1.5333858670748441,,,single-block-no-CI,1,requests/minute,1.0,,,single-block-no-CI,1,proportion,0.0,782.5818835080136,0,1.0,,,single-block-no-CI,1,proportion,1.5333858670748441,,,single-block-no-CI,1,requests/minute,20,0,20,14,scheduled-arrival window,15.0,,,single-block-no-CI,1,requests/minute,0.25,baseline,1.9934016271972974,,,single-block-no-CI,1,attempts/minute,0.5384615384615384,,,single-block-no-CI,1,proportion,26,0,0,0,"all terminal provider send attempts, including intermediate retries; other_outcomes is the residual not decomposed by the epoch event schema",14,12,0,702.5818835080136,,,single-block-no-CI,1,seconds,702.5818835080136,0.9200315202449064,,,single-block-no-CI,1,quality-weighted successful tasks/minute,0,1,0.6,,,single-block-no-CI,1,proportion,complete,"{""request_ledger_join"":1}",782.5818835080136,20,14,gemma-4-31B-it,capacity-eligible load epoch/block; launch-guarded and scientifically censored blocks are retained as audit counts but excluded from provider-capacity estimands; bootstrap assumes block-level exchangeability and does not remove temporal autocorrelation,successful_final_logical_outcomes_only,296.5247357631917,,,single-block-no-CI,1,seconds,long_short,0.7,,,single-block-no-CI,"successful final logical outcomes / all scheduled open-loop arrivals; unlaunched, unknown, and failed arrivals remain in the denominator",1,proportion,107377.56875142321,,,single-block-no-CI,1,tokens/minute,72.2991436325789,,,single-block-no-CI,1,tokens/minute,1.0733701069523909,,,single-block-no-CI,1,requests/minute,0,1,"successful provider-reported tokens in complete-usage blocks / at least the full registered arrival window, extended through response drain; partial results may be biased if usage missingness is informative",complete,successful_final_logical_outcomes_with_observed_ttft_only,196.94971486797442,,,single-block-no-CI,1,seconds,0,"{""request_ledger_join"":1}",uncontrolled_not_paired
"at least the full registered arrival window, extended through response drain",successful completion tokens / analysis-block wall-clock minute,successful_final_logical_outcomes_only,702.0929982637871,,,single-block-no-CI,1,seconds,40.0,1,1,eligible_blocks_only,{},0,1.6050519356837283,,,single-block-no-CI,1,requests/minute,1.0,,,single-block-no-CI,1,proportion,0.0,747.6393587780185,0,1.0,,,single-block-no-CI,1,proportion,1.6050519356837283,,,single-block-no-CI,1,requests/minute,20,0,20,19,scheduled-arrival window,30.0,,,single-block-no-CI,1,requests/minute,0.5,baseline,2.6483356938781517,,,single-block-no-CI,1,attempts/minute,0.5757575757575758,,,single-block-no-CI,1,proportion,33,0,0,0,"all terminal provider send attempts, including intermediate retries; other_outcomes is the residual not decomposed by the epoch event schema",19,14,0,707.6393587780185,,,single-block-no-CI,1,seconds,707.6393587780185,1.364294145331169,,,single-block-no-CI,1,quality-weighted successful tasks/minute,0,1,0.85,,,single-block-no-CI,1,proportion,complete,"{""request_ledger_join"":1}",747.6393587780185,20,19,gemma-4-31B-it,capacity-eligible load epoch/block; launch-guarded and scientifically censored blocks are retained as audit counts but excluded from provider-capacity estimands; bootstrap assumes block-level exchangeability and does not remove temporal autocorrelation,successful_final_logical_outcomes_only,341.54070821364877,,,single-block-no-CI,1,seconds,long_short,0.95,,,single-block-no-CI,"successful final logical outcomes / all scheduled open-loop arrivals; unlaunched, unknown, and failed arrivals remain in the denominator",1,proportion,152537.47500184845,,,single-block-no-CI,1,tokens/minute,101.35902973842744,,,single-block-no-CI,1,tokens/minute,1.5247993388995418,,,single-block-no-CI,1,requests/minute,0,1,"successful provider-reported tokens in complete-usage blocks / at least the full registered arrival window, extended through response drain; partial results may be biased if usage missingness is informative",complete,successful_final_logical_outcomes_with_observed_ttft_only,245.8221879263291,,,single-block-no-CI,1,seconds,0,"{""request_ledger_join"":1}",uncontrolled_not_paired
"at least the full registered arrival window, extended through response drain",successful completion tokens / analysis-block wall-clock minute,successful_final_logical_outcomes_only,655.5487701537204,,,single-block-no-CI,1,seconds,20.0,1,1,eligible_blocks_only,{},0,1.7777899501003052,,,single-block-no-CI,1,requests/minute,1.0,,,single-block-no-CI,1,proportion,0.0,674.9953783529345,0,1.0,,,single-block-no-CI,1,proportion,1.7777899501003052,,,single-block-no-CI,1,requests/minute,20,0,20,20,scheduled-arrival window,60.0,,,single-block-no-CI,1,requests/minute,1.0,baseline,2.755574422655473,,,single-block-no-CI,1,attempts/minute,0.6451612903225806,,,single-block-no-CI,1,proportion,31,0,0,0,"all terminal provider send attempts, including intermediate retries; other_outcomes is the residual not decomposed by the epoch event schema",20,11,0,654.9953783529345,,,single-block-no-CI,1,seconds,654.9953783529345,1.6000109550902746,,,single-block-no-CI,1,quality-weighted successful tasks/minute,0,1,0.9,,,single-block-no-CI,1,proportion,complete,"{""request_ledger_join"":1}",674.9953783529345,20,20,gemma-4-31B-it,capacity-eligible load epoch/block; launch-guarded and scientifically censored blocks are retained as audit counts but excluded from provider-capacity estimands; bootstrap assumes block-level exchangeability and does not remove temporal autocorrelation,successful_final_logical_outcomes_only,296.86707255867077,,,single-block-no-CI,1,seconds,long_short,1.0,,,single-block-no-CI,"successful final logical outcomes / all scheduled open-loop arrivals; unlaunched, unknown, and failed arrivals remain in the denominator",1,proportion,177843.70656421417,,,single-block-no-CI,1,tokens/minute,117.95636318915524,,,single-block-no-CI,1,tokens/minute,1.7777899501003052,,,single-block-no-CI,1,requests/minute,0,1,"successful provider-reported tokens in complete-usage blocks / at least the full registered arrival window, extended through response drain; partial results may be biased if usage missingness is informative",complete,successful_final_logical_outcomes_with_observed_ttft_only,241.9785673903942,,,single-block-no-CI,1,seconds,0,"{""request_ledger_join"":1}",uncontrolled_not_paired
"at least the full registered arrival window, extended through response drain",successful completion tokens / analysis-block wall-clock minute,successful_final_logical_outcomes_only,55.28434249502607,,,single-block-no-CI,1,seconds,5.0,1,1,eligible_blocks_only,{},0,1.0346538350111014,,,single-block-no-CI,1,requests/minute,1.0,,,single-block-no-CI,1,proportion,0.0,57.99040990299545,1,1.0,,,single-block-no-CI,1,proportion,1.0346538350111014,,,single-block-no-CI,1,requests/minute,1,1,1,1,scheduled-arrival window,12.0,,,single-block-no-CI,1,requests/minute,0.25,aimd,1.0346538350111014,,,single-block-no-CI,1,attempts/minute,1.0,,,single-block-no-CI,1,proportion,1,0,0,0,"all terminal provider send attempts, including intermediate retries; other_outcomes is the residual not decomposed by the epoch event schema",1,0,0,52.99040990299545,,,single-block-no-CI,1,seconds,52.99040990299545,1.0346538350111014,,,single-block-no-CI,1,quality-weighted successful tasks/minute,0,1,1.0,,,single-block-no-CI,1,proportion,complete,"{""request_ledger_join"":1}",57.99040990299545,1,1,gemma-4-31B-it,capacity-eligible load epoch/block; launch-guarded and scientifically censored blocks are retained as audit counts but excluded from provider-capacity estimands; bootstrap assumes block-level exchangeability and does not remove temporal autocorrelation,successful_final_logical_outcomes_only,55.269164874916896,,,single-block-no-CI,1,seconds,mixed,1.0,,,single-block-no-CI,"successful final logical outcomes / all scheduled open-loop arrivals; unlaunched, unknown, and failed arrivals remain in the denominator",1,proportion,103507.8043083456,,,single-block-no-CI,1,tokens/minute,70.3564607807549,,,single-block-no-CI,1,tokens/minute,1.0346538350111014,,,single-block-no-CI,1,requests/minute,0,1,"successful provider-reported tokens in complete-usage blocks / at least the full registered arrival window, extended through response drain; partial results may be biased if usage missingness is informative",complete,successful_final_logical_outcomes_with_observed_ttft_only,50.272103087976575,,,single-block-no-CI,1,seconds,0,"{""request_ledger_join"":1}",uncontrolled_not_paired
"at least the full registered arrival window, extended through response drain",successful completion tokens / analysis-block wall-clock minute,successful_final_logical_outcomes_only,99.39350605608196,,,single-block-no-CI,1,seconds,5.0,1,1,eligible_blocks_only,{},0,1.7111915905512698,,,single-block-no-CI,1,requests/minute,1.0,,,single-block-no-CI,1,proportion,0.0,105.18985775404144,1,1.0,,,single-block-no-CI,1,proportion,1.7111915905512698,,,single-block-no-CI,1,requests/minute,3,1,3,3,scheduled-arrival window,36.0,,,single-block-no-CI,1,requests/minute,0.5,aimd,1.7111915905512698,,,single-block-no-CI,1,attempts/minute,1.0,,,single-block-no-CI,1,proportion,3,0,0,0,"all terminal provider send attempts, including intermediate retries; other_outcomes is the residual not decomposed by the epoch event schema",3,0,0,100.18985775404144,,,single-block-no-CI,1,seconds,100.18985775404144,1.1407943937008467,,,single-block-no-CI,1,quality-weighted successful tasks/minute,0,1,0.6666666666666666,,,single-block-no-CI,1,proportion,complete,"{""request_ledger_join"":1}",105.18985775404144,3,3,gemma-4-31B-it,capacity-eligible load epoch/block; launch-guarded and scientifically censored blocks are retained as audit counts but excluded from provider-capacity estimands; bootstrap assumes block-level exchangeability and does not remove temporal autocorrelation,successful_final_logical_outcomes_only,99.38453484099591,,,single-block-no-CI,1,seconds,mixed,1.0,,,single-block-no-CI,"successful final logical outcomes / all scheduled open-loop arrivals; unlaunched, unknown, and failed arrivals remain in the denominator",1,proportion,114294.47911329726,,,single-block-no-CI,1,tokens/minute,1439.112127653618,,,single-block-no-CI,1,tokens/minute,1.7111915905512698,,,single-block-no-CI,1,requests/minute,0,1,"successful provider-reported tokens in complete-usage blocks / at least the full registered arrival window, extended through response drain; partial results may be biased if usage missingness is informative",complete,successful_final_logical_outcomes_with_observed_ttft_only,49.404848907946146,,,single-block-no-CI,1,seconds,0,"{""request_ledger_join"":1}",uncontrolled_not_paired
"at least the full registered arrival window, extended through response drain",successful completion tokens / analysis-block wall-clock minute,successful_final_logical_outcomes_only,55.149406534130684,,,single-block-no-CI,1,seconds,5.0,1,1,eligible_blocks_only,{},0,4.276983471380681,,,single-block-no-CI,1,requests/minute,1.0,,,single-block-no-CI,1,proportion,0.0,56.11431552306749,1,1.0,,,single-block-no-CI,1,proportion,4.276983471380681,,,single-block-no-CI,1,requests/minute,4,1,4,4,scheduled-arrival window,48.0,,,single-block-no-CI,1,requests/minute,1.0,aimd,4.276983471380681,,,single-block-no-CI,1,attempts/minute,1.0,,,single-block-no-CI,1,proportion,4,0,0,0,"all terminal provider send attempts, including intermediate retries; other_outcomes is the residual not decomposed by the epoch event schema",4,0,0,51.11431552306749,,,single-block-no-CI,1,seconds,51.11431552306749,2.1384917356903403,,,single-block-no-CI,1,quality-weighted successful tasks/minute,0,1,0.5,,,single-block-no-CI,1,proportion,complete,"{""request_ledger_join"":1}",56.11431552306749,4,4,gemma-4-31B-it,capacity-eligible load epoch/block; launch-guarded and scientifically censored blocks are retained as audit counts but excluded from provider-capacity estimands; bootstrap assumes block-level exchangeability and does not remove temporal autocorrelation,successful_final_logical_outcomes_only,55.141241419781,,,single-block-no-CI,1,seconds,mixed,1.0,,,single-block-no-CI,"successful final logical outcomes / all scheduled open-loop arrivals; unlaunched, unknown, and failed arrivals remain in the denominator",1,proportion,214557.01433354753,,,single-block-no-CI,1,tokens/minute,2617.5138844849766,,,single-block-no-CI,1,tokens/minute,4.276983471380681,,,single-block-no-CI,1,requests/minute,0,1,"successful provider-reported tokens in complete-usage blocks / at least the full registered arrival window, extended through response drain; partial results may be biased if usage missingness is informative",complete,successful_final_logical_outcomes_with_observed_ttft_only,49.6417629061616,,,single-block-no-CI,1,seconds,0,"{""request_ledger_join"":1}",uncontrolled_not_paired
"at least the full registered arrival window, extended through response drain",successful completion tokens / analysis-block wall-clock minute,successful_final_logical_outcomes_only,104.77765100287213,315.81515592283387,69.35128397517835,epoch/block-bootstrap-percentile,6,seconds,30.0,6,6,eligible_blocks_only,{},0,3.9399423252971926,7.058402726079775,2.3569040318654064,epoch/block-bootstrap-ratio-of-sums,6,requests/minute,1.0,1.0,1.0,epoch/block-bootstrap-ratio-of-sums,6,proportion,0.0,1081.2341014861595,5,1.0,1.0,1.0,epoch/block-bootstrap-ratio-of-sums,6,proportion,3.9399423252971926,7.058402726079775,2.3569040318654064,epoch/block-bootstrap-ratio-of-sums,6,requests/minute,71,5,71,71,scheduled-arrival window,142.0,164.0,108.0,epoch/block-bootstrap-ratio-of-sums,6,requests/minute,2.0,aimd,4.161910907004077,7.058402726079775,2.7238773518698687,epoch/block-bootstrap-ratio-of-sums,6,attempts/minute,0.9466666666666667,1.0,0.8588235294117647,epoch/block-bootstrap-ratio-of-sums,6,proportion,75,0,0,0,"all terminal provider send attempts, including intermediate retries; other_outcomes is the residual not decomposed by the epoch event schema",71,4,0,115.18361048505176,325.4985805255128,77.90451639803359,epoch/block-bootstrap-percentile,6,seconds,1051.2341014861595,1.7757486536550728,3.014726337728162,1.1497751241032135,epoch/block-bootstrap-ratio-of-sums,6,quality-weighted successful tasks/minute,0,6,0.4507042253521127,0.5128378378378378,0.37037037037037035,epoch/block-bootstrap-ratio-of-sums,6,proportion,complete,"{""request_ledger_join"":6}",1081.2341014861595,71,71,gemma-4-31B-it,capacity-eligible load epoch/block; launch-guarded and scientifically censored blocks are retained as audit counts but excluded from provider-capacity estimands; bootstrap assumes block-level exchangeability and does not remove temporal autocorrelation,successful_final_logical_outcomes_only,104.76811903104242,149.25035544452257,69.34178800199876,epoch/block-bootstrap-percentile,6,seconds,mixed,1.0,1.0,1.0,epoch/block-bootstrap-ratio-of-sums,"successful final logical outcomes / all scheduled open-loop arrivals; unlaunched, unknown, and failed arrivals remain in the denominator",6,proportion,112835.95276204088,167202.1963070338,87577.91234362459,epoch/block-bootstrap-ratio-of-sums,6,tokens/minute,1818.6440820699281,3823.0240143625997,926.6113248963059,epoch/block-bootstrap-ratio-of-sums,6,tokens/minute,3.9399423252971926,7.058402726079775,2.3569040318654064,epoch/block-bootstrap-ratio-of-sums,6,requests/minute,0,6,"successful provider-reported tokens in complete-usage blocks / at least the full registered arrival window, extended through response drain; partial results may be biased if usage missingness is informative",complete,successful_final_logical_outcomes_with_observed_ttft_only,60.21266770065992,118.00799203698985,49.80736397218425,epoch/block-bootstrap-percentile,6,seconds,0,"{""request_ledger_join"":6}",uncontrolled_not_paired
"at least the full registered arrival window, extended through response drain",successful completion tokens / analysis-block wall-clock minute,successful_final_logical_outcomes_only,115.94994643256653,,,single-block-no-CI,1,seconds,20.0,1,1,eligible_blocks_only,{},0,7.144527440491589,,,single-block-no-CI,1,requests/minute,1.0,,,single-block-no-CI,1,proportion,0.0,167.9607237840537,1,1.0,,,single-block-no-CI,1,proportion,7.144527440491589,,,single-block-no-CI,1,requests/minute,20,1,20,20,scheduled-arrival window,60.0,,,single-block-no-CI,1,requests/minute,1.0,baseline,7.144527440491589,,,single-block-no-CI,1,attempts/minute,1.0,,,single-block-no-CI,1,proportion,20,0,0,0,"all terminal provider send attempts, including intermediate retries; other_outcomes is the residual not decomposed by the epoch event schema",20,0,0,147.9607237840537,,,single-block-no-CI,1,seconds,147.9607237840537,3.215037348221215,,,single-block-no-CI,1,quality-weighted successful tasks/minute,0,1,0.45,,,single-block-no-CI,1,proportion,complete,"{""request_ledger_join"":1}",167.9607237840537,20,20,gemma-4-31B-it,capacity-eligible load epoch/block; launch-guarded and scientifically censored blocks are retained as audit counts but excluded from provider-capacity estimands; bootstrap assumes block-level exchangeability and does not remove temporal autocorrelation,successful_final_logical_outcomes_only,115.93502643291725,,,single-block-no-CI,1,seconds,mixed,1.0,,,single-block-no-CI,"successful final logical outcomes / all scheduled open-loop arrivals; unlaunched, unknown, and failed arrivals remain in the denominator",1,proportion,111167.77529493306,,,single-block-no-CI,1,tokens/minute,2699.2024670177225,,,single-block-no-CI,1,tokens/minute,7.144527440491589,,,single-block-no-CI,1,requests/minute,0,1,"successful provider-reported tokens in complete-usage blocks / at least the full registered arrival window, extended through response drain; partial results may be biased if usage missingness is informative",complete,successful_final_logical_outcomes_with_observed_ttft_only,88.13419025031034,,,single-block-no-CI,1,seconds,0,"{""request_ledger_join"":1}",uncontrolled_not_paired
"at least the full registered arrival window, extended through response drain",successful completion tokens / analysis-block wall-clock minute,successful_final_logical_outcomes_only,111.54794342353125,166.30735316998326,104.950098945247,epoch/block-bootstrap-percentile,3,seconds,15.0,3,3,eligible_blocks_only,{},0,4.725116287510351,8.305450100199652,2.8171616176171344,epoch/block-bootstrap-ratio-of-sums,3,requests/minute,1.0,1.0,1.0,epoch/block-bootstrap-ratio-of-sums,3,proportion,0.0,393.64110570494086,3,1.0,1.0,1.0,epoch/block-bootstrap-ratio-of-sums,3,proportion,4.725116287510351,8.305450100199652,2.8171616176171344,epoch/block-bootstrap-ratio-of-sums,3,requests/minute,31,3,31,31,scheduled-arrival window,124.0,192.0,84.0,epoch/block-bootstrap-ratio-of-sums,3,requests/minute,2.0,confirmation,4.725116287510351,8.305450100199652,2.8171616176171344,epoch/block-bootstrap-ratio-of-sums,3,attempts/minute,1.0,1.0,1.0,epoch/block-bootstrap-ratio-of-sums,3,proportion,31,0,0,0,"all terminal provider send attempts, including intermediate retries; other_outcomes is the residual not decomposed by the epoch event schema",31,0,0,110.58675188198686,165.38426088099368,102.67009294196032,epoch/block-bootstrap-percentile,3,seconds,378.64110570494086,2.2863465907308154,3.114543787574869,1.760726011010709,epoch/block-bootstrap-ratio-of-sums,3,quality-weighted successful tasks/minute,0,3,0.4838709677419355,0.625,0.375,epoch/block-bootstrap-ratio-of-sums,3,proportion,complete,"{""request_ledger_join"":3}",393.64110570494086,31,31,gemma-4-31B-it,capacity-eligible load epoch/block; launch-guarded and scientifically censored blocks are retained as audit counts but excluded from provider-capacity estimands; bootstrap assumes block-level exchangeability and does not remove temporal autocorrelation,successful_final_logical_outcomes_only,111.54077418154338,166.29681919454015,104.93539901729673,epoch/block-bootstrap-percentile,3,seconds,mixed,1.0,1.0,1.0,epoch/block-bootstrap-ratio-of-sums,"successful final logical outcomes / all scheduled open-loop arrivals; unlaunched, unknown, and failed arrivals remain in the denominator",3,proportion,138809.89360129763,168751.0385060618,106473.91904743519,epoch/block-bootstrap-ratio-of-sums,3,tokens/minute,3835.5750406100155,9385.677703856869,1434.2874085693236,epoch/block-bootstrap-ratio-of-sums,3,tokens/minute,4.725116287510351,8.305450100199652,2.8171616176171344,epoch/block-bootstrap-ratio-of-sums,3,requests/minute,0,3,"successful provider-reported tokens in complete-usage blocks / at least the full registered arrival window, extended through response drain; partial results may be biased if usage missingness is informative",complete,successful_final_logical_outcomes_with_observed_ttft_only,99.67041185125709,156.38023373524774,83.07400533870091,epoch/block-bootstrap-percentile,3,seconds,0,"{""request_ledger_join"":3}",uncontrolled_not_paired
"at least the full registered arrival window, extended through response drain",successful completion tokens / analysis-block wall-clock minute,successful_final_logical_outcomes_only,76.1057669626316,79.44763884774875,72.76389507751446,epoch/block-bootstrap-percentile,2,seconds,10.0,2,2,eligible_blocks_only,{},0,3.5758530362683123,3.6603101763452908,3.49520548322693,epoch/block-bootstrap-ratio-of-sums,2,requests/minute,1.0,1.0,1.0,epoch/block-bootstrap-ratio-of-sums,2,proportion,0.0,167.79213069286197,2,1.0,1.0,1.0,epoch/block-bootstrap-ratio-of-sums,2,proportion,3.5758530362683123,3.6603101763452908,3.49520548322693,epoch/block-bootstrap-ratio-of-sums,2,requests/minute,10,2,10,10,scheduled-arrival window,60.0,60.0,60.0,epoch/block-bootstrap-ratio-of-sums,2,requests/minute,1.0,confirmation_separator,3.5758530362683123,3.6603101763452908,3.49520548322693,epoch/block-bootstrap-ratio-of-sums,2,attempts/minute,1.0,1.0,1.0,epoch/block-bootstrap-ratio-of-sums,2,proportion,10,0,0,0,"all terminal provider send attempts, including intermediate retries; other_outcomes is the residual not decomposed by the epoch event schema",10,0,0,78.89606534643099,80.83186351694167,76.96026717592031,epoch/block-bootstrap-percentile,2,seconds,157.79213069286197,1.430341214507325,1.4641240705381162,1.398082193290772,epoch/block-bootstrap-ratio-of-sums,2,quality-weighted successful tasks/minute,0,2,0.4,0.4,0.4,epoch/block-bootstrap-ratio-of-sums,2,proportion,complete,"{""request_ledger_join"":2}",167.79213069286197,10,10,gemma-4-31B-it,capacity-eligible load epoch/block; launch-guarded and scientifically censored blocks are retained as audit counts but excluded from provider-capacity estimands; bootstrap assumes block-level exchangeability and does not remove temporal autocorrelation,successful_final_logical_outcomes_only,76.09698011830915,79.440605555824,72.75335468079429,epoch/block-bootstrap-percentile,2,seconds,mixed,1.0,1.0,1.0,epoch/block-bootstrap-ratio-of-sums,"successful final logical outcomes / all scheduled open-loop arrivals; unlaunched, unknown, and failed arrivals remain in the denominator",2,proportion,37270.758611720994,71295.90048795956,1638.354834932152,epoch/block-bootstrap-ratio-of-sums,2,tokens/minute,3118.5014329295955,3220.4823322452935,3011.703213096905,epoch/block-bootstrap-ratio-of-sums,2,tokens/minute,3.5758530362683123,3.6603101763452908,3.49520548322693,epoch/block-bootstrap-ratio-of-sums,2,requests/minute,0,2,"successful provider-reported tokens in complete-usage blocks / at least the full registered arrival window, extended through response drain; partial results may be biased if usage missingness is informative",complete,successful_final_logical_outcomes_with_observed_ttft_only,20.760533668531565,39.780880193226025,1.7401871438371017,epoch/block-bootstrap-percentile,2,seconds,0,"{""request_ledger_join"":2}",uncontrolled_not_paired
"at least the full registered arrival window, extended through response drain",successful completion tokens / analysis-block wall-clock minute,successful_final_logical_outcomes_only,52.778814614750445,,,single-block-no-CI,1,seconds,5.0,2,1,eligible_blocks_only,"{""zero_scheduled_poisson_arrivals"":1}",1,1.1127335585915816,,,single-block-no-CI,1,requests/minute,1.0,,,single-block-no-CI,1,proportion,0.0,53.921264022937976,1,1.0,,,single-block-no-CI,1,proportion,1.1127335585915816,,,single-block-no-CI,1,requests/minute,1,1,1,1,scheduled-arrival window,12.0,,,single-block-no-CI,1,requests/minute,0.25,aimd,1.1127335585915816,,,single-block-no-CI,1,attempts/minute,1.0,,,single-block-no-CI,1,proportion,1,0,0,0,"all terminal provider send attempts, including intermediate retries; other_outcomes is the residual not decomposed by the epoch event schema",1,0,0,48.921264022937976,,,single-block-no-CI,1,seconds,48.921264022937976,0.0,,,single-block-no-CI,1,quality-weighted successful tasks/minute,0,1,0.0,,,single-block-no-CI,1,proportion,complete,"{""request_ledger_join"":1}",53.921264022937976,1,1,gemma-4-31B-it,capacity-eligible load epoch/block; launch-guarded and scientifically censored blocks are retained as audit counts but excluded from provider-capacity estimands; bootstrap assumes block-level exchangeability and does not remove temporal autocorrelation,successful_final_logical_outcomes_only,52.76989659795072,,,single-block-no-CI,1,seconds,short_long,1.0,,,single-block-no-CI,"successful final logical outcomes / all scheduled open-loop arrivals; unlaunched, unknown, and failed arrivals remain in the denominator",1,proportion,336.04553469465765,,,single-block-no-CI,1,tokens/minute,2555.9489840848632,,,single-block-no-CI,1,tokens/minute,1.1127335585915816,,,single-block-no-CI,1,requests/minute,0,1,"successful provider-reported tokens in complete-usage blocks / at least the full registered arrival window, extended through response drain; partial results may be biased if usage missingness is informative",complete,successful_final_logical_outcomes_with_observed_ttft_only,1.3157684119651094,,,single-block-no-CI,1,seconds,0,"{""request_ledger_join"":1}",uncontrolled_not_paired
"at least the full registered arrival window, extended through response drain",successful completion tokens / analysis-block wall-clock minute,successful_final_logical_outcomes_only,47.03138204466086,,,single-block-no-CI,1,seconds,5.0,1,1,eligible_blocks_only,{},0,1.244269442969417,,,single-block-no-CI,1,requests/minute,1.0,,,single-block-no-CI,1,proportion,0.0,48.2210668589687,1,1.0,,,single-block-no-CI,1,proportion,1.244269442969417,,,single-block-no-CI,1,requests/minute,1,1,1,1,scheduled-arrival window,12.0,,,single-block-no-CI,1,requests/minute,0.5,aimd,1.244269442969417,,,single-block-no-CI,1,attempts/minute,1.0,,,single-block-no-CI,1,proportion,1,0,0,0,"all terminal provider send attempts, including intermediate retries; other_outcomes is the residual not decomposed by the epoch event schema",1,0,0,43.2210668589687,,,single-block-no-CI,1,seconds,43.2210668589687,0.0,,,single-block-no-CI,1,quality-weighted successful tasks/minute,0,1,0.0,,,single-block-no-CI,1,proportion,complete,"{""request_ledger_join"":1}",48.2210668589687,1,1,gemma-4-31B-it,capacity-eligible load epoch/block; launch-guarded and scientifically censored blocks are retained as audit counts but excluded from provider-capacity estimands; bootstrap assumes block-level exchangeability and does not remove temporal autocorrelation,successful_final_logical_outcomes_only,47.02305218798574,,,single-block-no-CI,1,seconds,short_long,1.0,,,single-block-no-CI,"successful final logical outcomes / all scheduled open-loop arrivals; unlaunched, unknown, and failed arrivals remain in the denominator",1,proportion,374.52510233379456,,,single-block-no-CI,1,tokens/minute,2603.0116746920207,,,single-block-no-CI,1,tokens/minute,1.244269442969417,,,single-block-no-CI,1,requests/minute,0,1,"successful provider-reported tokens in complete-usage blocks / at least the full registered arrival window, extended through response drain; partial results may be biased if usage missingness is informative",complete,successful_final_logical_outcomes_with_observed_ttft_only,0.6846610360080376,,,single-block-no-CI,1,seconds,0,"{""request_ledger_join"":1}",uncontrolled_not_paired
"at least the full registered arrival window, extended through response drain",successful completion tokens / analysis-block wall-clock minute,successful_final_logical_outcomes_only,78.43975501691456,79.87866594189254,52.067927925119875,epoch/block-bootstrap-percentile,6,seconds,30.0,6,6,eligible_blocks_only,{},0,4.564728488057382,5.732377878984577,3.3576812179777815,epoch/block-bootstrap-ratio-of-sums,6,requests/minute,1.0,1.0,1.0,epoch/block-bootstrap-ratio-of-sums,6,proportion,0.0,446.9050032958621,6,1.0,1.0,1.0,epoch/block-bootstrap-ratio-of-sums,6,proportion,4.564728488057382,5.732377878984577,3.3576812179777815,epoch/block-bootstrap-ratio-of-sums,6,requests/minute,34,6,34,34,scheduled-arrival window,68.0,90.0,42.0,epoch/block-bootstrap-ratio-of-sums,6,requests/minute,1.0,aimd,4.564728488057382,5.732377878984577,3.3576812179777815,epoch/block-bootstrap-ratio-of-sums,6,attempts/minute,1.0,1.0,1.0,epoch/block-bootstrap-ratio-of-sums,6,proportion,34,0,0,0,"all terminal provider send attempts, including intermediate retries; other_outcomes is the residual not decomposed by the epoch event schema",34,0,0,82.43101168295834,85.36318293795921,51.20813927997369,epoch/block-bootstrap-percentile,6,seconds,416.9050032958621,0.0,0.0,0.0,epoch/block-bootstrap-ratio-of-sums,6,quality-weighted successful tasks/minute,0,6,0.0,0.0,0.0,epoch/block-bootstrap-ratio-of-sums,6,proportion,complete,"{""request_ledger_join"":6}",446.9050032958621,34,34,gemma-4-31B-it,capacity-eligible load epoch/block; launch-guarded and scientifically censored blocks are retained as audit counts but excluded from provider-capacity estimands; bootstrap assumes block-level exchangeability and does not remove temporal autocorrelation,successful_final_logical_outcomes_only,78.43262891659978,79.71074878208455,52.0602126410231,epoch/block-bootstrap-percentile,6,seconds,short_long,1.0,1.0,1.0,epoch/block-bootstrap-ratio-of-sums,"successful final logical outcomes / all scheduled open-loop arrivals; unlaunched, unknown, and failed arrivals remain in the denominator",6,proportion,1376.8026660302487,1728.242023466545,1013.0603903384392,epoch/block-bootstrap-ratio-of-sums,6,tokens/minute,9882.905690084706,12716.07639668373,6954.877029504645,epoch/block-bootstrap-ratio-of-sums,6,tokens/minute,4.564728488057382,5.732377878984577,3.3576812179777815,epoch/block-bootstrap-ratio-of-sums,6,requests/minute,0,6,"successful provider-reported tokens in complete-usage blocks / at least the full registered arrival window, extended through response drain; partial results may be biased if usage missingness is informative",complete,successful_final_logical_outcomes_with_observed_ttft_only,1.45307893079007,1.5755937315872868,0.7235825262905564,epoch/block-bootstrap-percentile,6,seconds,0,"{""request_ledger_join"":6}",uncontrolled_not_paired
"at least the full registered arrival window, extended through response drain",successful completion tokens / analysis-block wall-clock minute,successful_final_logical_outcomes_only,88.743547496642,,,single-block-no-CI,1,seconds,20.0,1,1,eligible_blocks_only,{},0,11.4138519567071,,,single-block-no-CI,1,requests/minute,1.0,,,single-block-no-CI,1,proportion,0.0,105.13540954899509,1,1.0,,,single-block-no-CI,1,proportion,11.4138519567071,,,single-block-no-CI,1,requests/minute,20,1,20,20,scheduled-arrival window,60.0,,,single-block-no-CI,1,requests/minute,1.0,baseline,11.4138519567071,,,single-block-no-CI,1,attempts/minute,1.0,,,single-block-no-CI,1,proportion,20,0,0,0,"all terminal provider send attempts, including intermediate retries; other_outcomes is the residual not decomposed by the epoch event schema",20,0,0,85.13540954899509,,,single-block-no-CI,1,seconds,85.13540954899509,0.0,,,single-block-no-CI,1,quality-weighted successful tasks/minute,0,1,0.0,,,single-block-no-CI,1,proportion,complete,"{""request_ledger_join"":1}",105.13540954899509,20,20,gemma-4-31B-it,capacity-eligible load epoch/block; launch-guarded and scientifically censored blocks are retained as audit counts but excluded from provider-capacity estimands; bootstrap assumes block-level exchangeability and does not remove temporal autocorrelation,successful_final_logical_outcomes_only,88.7368312700477,,,single-block-no-CI,1,seconds,short_long,1.0,,,single-block-no-CI,"successful final logical outcomes / all scheduled open-loop arrivals; unlaunched, unknown, and failed arrivals remain in the denominator",1,proportion,3444.1298279363677,,,single-block-no-CI,1,tokens/minute,24366.861849776156,,,single-block-no-CI,1,tokens/minute,11.4138519567071,,,single-block-no-CI,1,requests/minute,0,1,"successful provider-reported tokens in complete-usage blocks / at least the full registered arrival window, extended through response drain; partial results may be biased if usage missingness is informative",complete,successful_final_logical_outcomes_with_observed_ttft_only,1.5357131343160295,,,single-block-no-CI,1,seconds,0,"{""request_ledger_join"":1}",uncontrolled_not_paired
"at least the full registered arrival window, extended through response drain",successful completion tokens / analysis-block wall-clock minute,successful_final_logical_outcomes_only,108.66544423785525,145.2429742384702,76.40377237027278,epoch/block-bootstrap-percentile,3,seconds,15.0,3,3,eligible_blocks_only,{},0,2.998190828542467,5.107659565975497,1.0286811368215507,epoch/block-bootstrap-ratio-of-sums,3,requests/minute,1.0,1.0,1.0,epoch/block-bootstrap-ratio-of-sums,3,proportion,0.0,400.2413684199564,3,1.0,1.0,1.0,epoch/block-bootstrap-ratio-of-sums,3,proportion,2.998190828542467,5.107659565975497,1.0286811368215507,epoch/block-bootstrap-ratio-of-sums,3,requests/minute,20,3,20,20,scheduled-arrival window,80.0,132.0,24.0,epoch/block-bootstrap-ratio-of-sums,3,requests/minute,1.0,confirmation,2.998190828542467,5.107659565975497,1.0286811368215507,epoch/block-bootstrap-ratio-of-sums,3,attempts/minute,1.0,1.0,1.0,epoch/block-bootstrap-ratio-of-sums,3,proportion,20,0,0,0,"all terminal provider send attempts, including intermediate retries; other_outcomes is the residual not decomposed by the epoch event schema",20,0,0,111.65422423393466,196.35770140995737,77.22944277606439,epoch/block-bootstrap-percentile,3,seconds,385.2413684199564,0.14990954142712337,0.7296656522822138,0.0,epoch/block-bootstrap-ratio-of-sums,3,quality-weighted successful tasks/minute,0,3,0.05,0.14285714285714285,0.0,epoch/block-bootstrap-ratio-of-sums,3,proportion,complete,"{""request_ledger_join"":3}",400.2413684199564,20,20,gemma-4-31B-it,capacity-eligible load epoch/block; launch-guarded and scientifically censored blocks are retained as audit counts but excluded from provider-capacity estimands; bootstrap assumes block-level exchangeability and does not remove temporal autocorrelation,successful_final_logical_outcomes_only,108.65705996790784,145.2361411380116,76.39676857349696,epoch/block-bootstrap-percentile,3,seconds,short_long,1.0,1.0,1.0,epoch/block-bootstrap-ratio-of-sums,"successful final logical outcomes / all scheduled open-loop arrivals; unlaunched, unknown, and failed arrivals remain in the denominator",3,proportion,905.0039015955438,1538.1351950109067,310.66170332010836,epoch/block-bootstrap-ratio-of-sums,3,tokens/minute,6564.688728635159,11324.410923419959,2263.098501007412,epoch/block-bootstrap-ratio-of-sums,3,tokens/minute,2.998190828542467,5.107659565975497,1.0286811368215507,epoch/block-bootstrap-ratio-of-sums,3,requests/minute,0,3,"successful provider-reported tokens in complete-usage blocks / at least the full registered arrival window, extended through response drain; partial results may be biased if usage missingness is informative",complete,successful_final_logical_outcomes_with_observed_ttft_only,1.3814263274543919,1.7323970905796158,1.3566150421858758,epoch/block-bootstrap-percentile,3,seconds,0,"{""request_ledger_join"":3}",uncontrolled_not_paired
"at least the full registered arrival window, extended through response drain",successful completion tokens / analysis-block wall-clock minute,successful_final_logical_outcomes_only,84.66609169529983,85.9692170847673,83.36296630583237,epoch/block-bootstrap-percentile,2,seconds,10.0,2,2,eligible_blocks_only,{},0,3.169118468981281,3.1718672626066517,3.1663744355324237,epoch/block-bootstrap-ratio-of-sums,2,requests/minute,1.0,1.0,1.0,epoch/block-bootstrap-ratio-of-sums,2,proportion,0.0,189.3270970690064,2,1.0,1.0,1.0,epoch/block-bootstrap-ratio-of-sums,2,proportion,3.169118468981281,3.1718672626066517,3.1663744355324237,epoch/block-bootstrap-ratio-of-sums,2,requests/minute,10,2,10,10,scheduled-arrival window,60.0,60.0,60.0,epoch/block-bootstrap-ratio-of-sums,2,requests/minute,1.0,confirmation_separator,3.169118468981281,3.1718672626066517,3.1663744355324237,epoch/block-bootstrap-ratio-of-sums,2,attempts/minute,1.0,1.0,1.0,epoch/block-bootstrap-ratio-of-sums,2,proportion,10,0,0,0,"all terminal provider send attempts, including intermediate retries; other_outcomes is the residual not decomposed by the epoch event schema",10,0,0,89.6635485345032,89.74558556103148,89.58151150797494,epoch/block-bootstrap-percentile,2,seconds,179.3270970690064,0.0,0.0,0.0,epoch/block-bootstrap-ratio-of-sums,2,quality-weighted successful tasks/minute,0,2,0.0,0.0,0.0,epoch/block-bootstrap-ratio-of-sums,2,proportion,complete,"{""request_ledger_join"":2}",189.3270970690064,10,10,gemma-4-31B-it,capacity-eligible load epoch/block; launch-guarded and scientifically censored blocks are retained as audit counts but excluded from provider-capacity estimands; bootstrap assumes block-level exchangeability and does not remove temporal autocorrelation,successful_final_logical_outcomes_only,84.65840459709287,85.96057715776841,83.35623203641734,epoch/block-bootstrap-percentile,2,seconds,short_long,1.0,1.0,1.0,epoch/block-bootstrap-ratio-of-sums,"successful final logical outcomes / all scheduled open-loop arrivals; unlaunched, unknown, and failed arrivals remain in the denominator",2,proportion,954.85539470406,954.9785297565791,954.7320460446022,epoch/block-bootstrap-ratio-of-sums,2,tokens/minute,7110.868020700199,7184.279349804066,7037.583820414365,epoch/block-bootstrap-ratio-of-sums,2,tokens/minute,3.169118468981281,3.1718672626066517,3.1663744355324237,epoch/block-bootstrap-ratio-of-sums,2,requests/minute,0,2,"successful provider-reported tokens in complete-usage blocks / at least the full registered arrival window, extended through response drain; partial results may be biased if usage missingness is informative",complete,successful_final_logical_outcomes_with_observed_ttft_only,1.3702366412966511,1.5103608661796897,1.2301124164136126,epoch/block-bootstrap-percentile,2,seconds,0,"{""request_ledger_join"":2}",uncontrolled_not_paired
"at least the full registered arrival window, extended through response drain",successful completion tokens / analysis-block wall-clock minute,successful_final_logical_outcomes_only,0.7747393858153373,,,single-block-no-CI,1,seconds,5.0,1,1,eligible_blocks_only,{},0,11.45440302526303,,,single-block-no-CI,1,requests/minute,1.0,,,single-block-no-CI,1,proportion,0.0,5.238160370965488,1,1.0,,,single-block-no-CI,1,proportion,11.45440302526303,,,single-block-no-CI,1,requests/minute,1,1,1,1,scheduled-arrival window,12.0,,,single-block-no-CI,1,requests/minute,0.25,aimd,11.45440302526303,,,single-block-no-CI,1,attempts/minute,1.0,,,single-block-no-CI,1,proportion,1,0,0,0,"all terminal provider send attempts, including intermediate retries; other_outcomes is the residual not decomposed by the epoch event schema",1,0,0,0.23816037096548826,,,single-block-no-CI,1,seconds,0.23816037096548826,11.45440302526303,,,single-block-no-CI,1,quality-weighted successful tasks/minute,0,1,1.0,,,single-block-no-CI,1,proportion,complete,"{""request_ledger_join"":1}",5.238160370965488,1,1,gemma-4-31B-it,capacity-eligible load epoch/block; launch-guarded and scientifically censored blocks are retained as audit counts but excluded from provider-capacity estimands; bootstrap assumes block-level exchangeability and does not remove temporal autocorrelation,successful_final_logical_outcomes_only,0.7600371249718592,,,single-block-no-CI,1,seconds,short_short,1.0,,,single-block-no-CI,"successful final logical outcomes / all scheduled open-loop arrivals; unlaunched, unknown, and failed arrivals remain in the denominator",1,proportion,3321.7768773262783,,,single-block-no-CI,1,tokens/minute,68.72641815157817,,,single-block-no-CI,1,tokens/minute,11.45440302526303,,,single-block-no-CI,1,requests/minute,0,1,"successful provider-reported tokens in complete-usage blocks / at least the full registered arrival window, extended through response drain; partial results may be biased if usage missingness is informative",complete,successful_final_logical_outcomes_with_observed_ttft_only,0.5380468810908496,,,single-block-no-CI,1,seconds,0,"{""request_ledger_join"":1}",uncontrolled_not_paired
"at least the full registered arrival window, extended through response drain",successful completion tokens / analysis-block wall-clock minute,successful_final_logical_outcomes_only,0.6075559929187875,0.6620358964777551,0.5530760893598199,epoch/block-bootstrap-percentile,2,seconds,10.0,2,2,eligible_blocks_only,{},0,23.255216157299802,33.84747252392601,11.994504933625633,epoch/block-bootstrap-ratio-of-sums,2,requests/minute,1.0,1.0,1.0,epoch/block-bootstrap-ratio-of-sums,2,proportion,0.0,10.32026528485585,2,1.0,1.0,1.0,epoch/block-bootstrap-ratio-of-sums,2,proportion,23.255216157299802,33.84747252392601,11.994504933625633,epoch/block-bootstrap-ratio-of-sums,2,requests/minute,4,2,4,4,scheduled-arrival window,24.0,36.0,12.0,epoch/block-bootstrap-ratio-of-sums,2,requests/minute,0.5,aimd,23.255216157299802,33.84747252392601,11.994504933625633,epoch/block-bootstrap-ratio-of-sums,2,attempts/minute,1.0,1.0,1.0,epoch/block-bootstrap-ratio-of-sums,2,proportion,4,0,0,0,"all terminal provider send attempts, including intermediate retries; other_outcomes is the residual not decomposed by the epoch event schema",4,0,0,0.16013264242792502,0.31797462492249906,0.0022906599333509803,epoch/block-bootstrap-percentile,2,seconds,0.32026528485585004,23.255216157299802,33.84747252392601,11.994504933625633,epoch/block-bootstrap-ratio-of-sums,2,quality-weighted successful tasks/minute,0,2,1.0,1.0,1.0,epoch/block-bootstrap-ratio-of-sums,2,proportion,complete,"{""request_ledger_join"":2}",10.32026528485585,4,4,gemma-4-31B-it,capacity-eligible load epoch/block; launch-guarded and scientifically censored blocks are retained as audit counts but excluded from provider-capacity estimands; bootstrap assumes block-level exchangeability and does not remove temporal autocorrelation,successful_final_logical_outcomes_only,0.5947652476315852,0.6466183491866104,0.54291214607656,epoch/block-bootstrap-percentile,2,seconds,short_short,1.0,1.0,1.0,epoch/block-bootstrap-ratio-of-sums,"successful final logical outcomes / all scheduled open-loop arrivals; unlaunched, unknown, and failed arrivals remain in the denominator",2,proportion,6714.943665420317,9759.354577732,3478.4064307514336,epoch/block-bootstrap-ratio-of-sums,2,tokens/minute,139.53129694379882,203.08483514355603,71.9670296017538,epoch/block-bootstrap-ratio-of-sums,2,tokens/minute,23.255216157299802,33.84747252392601,11.994504933625633,epoch/block-bootstrap-ratio-of-sums,2,requests/minute,0,2,"successful provider-reported tokens in complete-usage blocks / at least the full registered arrival window, extended through response drain; partial results may be biased if usage missingness is informative",complete,successful_final_logical_outcomes_with_observed_ttft_only,0.4415068986534607,0.46757729033706713,0.41543650696985424,epoch/block-bootstrap-percentile,2,seconds,0,"{""request_ledger_join"":2}",uncontrolled_not_paired
"at least the full registered arrival window, extended through response drain",successful completion tokens / analysis-block wall-clock minute,successful_final_logical_outcomes_only,1.5055971454596146,42.35791874624556,0.7749732739175669,epoch/block-bootstrap-percentile,3,seconds,15.0,3,3,eligible_blocks_only,{},0,27.31073547377148,83.97871503861421,14.914736939266403,epoch/block-bootstrap-ratio-of-sums,3,requests/minute,1.0,1.0,1.0,epoch/block-bootstrap-ratio-of-sums,3,proportion,0.0,54.923456801101565,1,1.0,1.0,1.0,epoch/block-bootstrap-ratio-of-sums,3,proportion,27.31073547377148,83.97871503861421,14.914736939266403,epoch/block-bootstrap-ratio-of-sums,3,requests/minute,25,1,25,25,scheduled-arrival window,100.0,132.0,84.0,epoch/block-bootstrap-ratio-of-sums,3,requests/minute,1.0,aimd,27.31073547377148,83.97871503861421,14.914736939266403,epoch/block-bootstrap-ratio-of-sums,3,attempts/minute,1.0,1.0,1.0,epoch/block-bootstrap-ratio-of-sums,3,proportion,25,0,0,0,"all terminal provider send attempts, including intermediate retries; other_outcomes is the residual not decomposed by the epoch event schema",25,0,0,0.6706547649810091,39.2515347530134,0.0012672831071540713,epoch/block-bootstrap-percentile,3,seconds,39.923456801101565,27.31073547377148,83.97871503861421,14.914736939266403,epoch/block-bootstrap-ratio-of-sums,3,quality-weighted successful tasks/minute,0,3,1.0,1.0,1.0,epoch/block-bootstrap-ratio-of-sums,3,proportion,complete,"{""request_ledger_join"":3}",54.923456801101565,25,25,gemma-4-31B-it,capacity-eligible load epoch/block; launch-guarded and scientifically censored blocks are retained as audit counts but excluded from provider-capacity estimands; bootstrap assumes block-level exchangeability and does not remove temporal autocorrelation,successful_final_logical_outcomes_only,1.496801067877095,42.34908206947148,0.7655618539080022,epoch/block-bootstrap-percentile,3,seconds,short_short,1.0,1.0,1.0,epoch/block-bootstrap-ratio-of-sums,"successful final logical outcomes / all scheduled open-loop arrivals; unlaunched, unknown, and failed arrivals remain in the denominator",3,proportion,7887.340404825203,24245.854727577047,4309.0030902716935,epoch/block-bootstrap-ratio-of-sums,3,tokens/minute,163.8644128426289,503.87229023168527,89.48842163559843,epoch/block-bootstrap-ratio-of-sums,3,tokens/minute,27.31073547377148,83.97871503861421,14.914736939266403,epoch/block-bootstrap-ratio-of-sums,3,requests/minute,0,3,"successful provider-reported tokens in complete-usage blocks / at least the full registered arrival window, extended through response drain; partial results may be biased if usage missingness is informative",complete,successful_final_logical_outcomes_with_observed_ttft_only,1.2818789828452282,38.15729409450432,0.584489542862866,epoch/block-bootstrap-percentile,3,seconds,0,"{""request_ledger_join"":3}",uncontrolled_not_paired
"at least the full registered arrival window, extended through response drain",successful completion tokens / analysis-block wall-clock minute,successful_final_logical_outcomes_only,0.69220537901856,,,single-block-no-CI,1,seconds,5.0,1,1,eligible_blocks_only,{},0,47.98828304690105,,,single-block-no-CI,1,requests/minute,1.0,,,single-block-no-CI,1,proportion,0.0,5.001220813952386,1,1.0,,,single-block-no-CI,1,proportion,47.98828304690105,,,single-block-no-CI,1,requests/minute,4,1,4,4,scheduled-arrival window,48.0,,,single-block-no-CI,1,requests/minute,1.5,aimd,47.98828304690105,,,single-block-no-CI,1,attempts/minute,1.0,,,single-block-no-CI,1,proportion,4,0,0,0,"all terminal provider send attempts, including intermediate retries; other_outcomes is the residual not decomposed by the epoch event schema",4,0,0,0.0012208139523863792,,,single-block-no-CI,1,seconds,0.0012208139523863792,47.98828304690105,,,single-block-no-CI,1,quality-weighted successful tasks/minute,0,1,1.0,,,single-block-no-CI,1,proportion,complete,"{""request_ledger_join"":1}",5.001220813952386,4,4,gemma-4-31B-it,capacity-eligible load epoch/block; launch-guarded and scientifically censored blocks are retained as audit counts but excluded from provider-capacity estimands; bootstrap assumes block-level exchangeability and does not remove temporal autocorrelation,successful_final_logical_outcomes_only,0.6818643203470856,,,single-block-no-CI,1,seconds,short_short,1.0,,,single-block-no-CI,"successful final logical outcomes / all scheduled open-loop arrivals; unlaunched, unknown, and failed arrivals remain in the denominator",1,proportion,13832.622588269229,,,single-block-no-CI,1,tokens/minute,287.92969828140633,,,single-block-no-CI,1,tokens/minute,47.98828304690105,,,single-block-no-CI,1,requests/minute,0,1,"successful provider-reported tokens in complete-usage blocks / at least the full registered arrival window, extended through response drain; partial results may be biased if usage missingness is informative",complete,successful_final_logical_outcomes_with_observed_ttft_only,0.5740176265244372,,,single-block-no-CI,1,seconds,0,"{""request_ledger_join"":1}",uncontrolled_not_paired
"at least the full registered arrival window, extended through response drain",successful completion tokens / analysis-block wall-clock minute,successful_final_logical_outcomes_only,0.6600316484458745,,,single-block-no-CI,1,seconds,5.0,1,1,eligible_blocks_only,{},0,59.988769022462684,,,single-block-no-CI,1,requests/minute,1.0,,,single-block-no-CI,1,proportion,0.0,5.000936090014875,1,1.0,,,single-block-no-CI,1,proportion,59.988769022462684,,,single-block-no-CI,1,requests/minute,5,1,5,5,scheduled-arrival window,60.0,,,single-block-no-CI,1,requests/minute,2.0,aimd,59.988769022462684,,,single-block-no-CI,1,attempts/minute,1.0,,,single-block-no-CI,1,proportion,5,0,0,0,"all terminal provider send attempts, including intermediate retries; other_outcomes is the residual not decomposed by the epoch event schema",5,0,0,0.0009360900148749352,,,single-block-no-CI,1,seconds,0.0009360900148749352,59.988769022462684,,,single-block-no-CI,1,quality-weighted successful tasks/minute,0,1,1.0,,,single-block-no-CI,1,proportion,complete,"{""request_ledger_join"":1}",5.000936090014875,5,5,gemma-4-31B-it,capacity-eligible load epoch/block; launch-guarded and scientifically censored blocks are retained as audit counts but excluded from provider-capacity estimands; bootstrap assumes block-level exchangeability and does not remove temporal autocorrelation,successful_final_logical_outcomes_only,0.6499123149551451,,,single-block-no-CI,1,seconds,short_short,1.0,,,single-block-no-CI,"successful final logical outcomes / all scheduled open-loop arrivals; unlaunched, unknown, and failed arrivals remain in the denominator",1,proportion,17336.754247491717,,,single-block-no-CI,1,tokens/minute,359.93261413477614,,,single-block-no-CI,1,tokens/minute,59.988769022462684,,,single-block-no-CI,1,requests/minute,0,1,"successful provider-reported tokens in complete-usage blocks / at least the full registered arrival window, extended through response drain; partial results may be biased if usage missingness is informative",complete,successful_final_logical_outcomes_with_observed_ttft_only,0.45789355419110506,,,single-block-no-CI,1,seconds,0,"{""request_ledger_join"":1}",uncontrolled_not_paired
"at least the full registered arrival window, extended through response drain",successful completion tokens / analysis-block wall-clock minute,successful_final_logical_outcomes_only,1.1085807730851225,,,single-block-no-CI,1,seconds,5.0,1,1,eligible_blocks_only,{},0,113.21983853709892,,,single-block-no-CI,1,requests/minute,1.0,,,single-block-no-CI,1,proportion,0.0,6.359309545950964,1,1.0,,,single-block-no-CI,1,proportion,113.21983853709892,,,single-block-no-CI,1,requests/minute,12,1,12,12,scheduled-arrival window,144.0,,,single-block-no-CI,1,requests/minute,2.5,aimd,113.21983853709892,,,single-block-no-CI,1,attempts/minute,1.0,,,single-block-no-CI,1,proportion,12,0,0,0,"all terminal provider send attempts, including intermediate retries; other_outcomes is the residual not decomposed by the epoch event schema",12,0,0,1.359309545950964,,,single-block-no-CI,1,seconds,1.359309545950964,113.21983853709892,,,single-block-no-CI,1,quality-weighted successful tasks/minute,0,1,1.0,,,single-block-no-CI,1,proportion,complete,"{""request_ledger_join"":1}",6.359309545950964,12,12,gemma-4-31B-it,capacity-eligible load epoch/block; launch-guarded and scientifically censored blocks are retained as audit counts but excluded from provider-capacity estimands; bootstrap assumes block-level exchangeability and does not remove temporal autocorrelation,successful_final_logical_outcomes_only,1.0993763700593258,,,single-block-no-CI,1,seconds,short_short,1.0,,,single-block-no-CI,"successful final logical outcomes / all scheduled open-loop arrivals; unlaunched, unknown, and failed arrivals remain in the denominator",1,proportion,32654.48843140828,,,single-block-no-CI,1,tokens/minute,679.3190312225935,,,single-block-no-CI,1,tokens/minute,113.21983853709892,,,single-block-no-CI,1,requests/minute,0,1,"successful provider-reported tokens in complete-usage blocks / at least the full registered arrival window, extended through response drain; partial results may be biased if usage missingness is informative",complete,successful_final_logical_outcomes_with_observed_ttft_only,0.5316012188326567,,,single-block-no-CI,1,seconds,0,"{""request_ledger_join"":1}",uncontrolled_not_paired
"at least the full registered arrival window, extended through response drain",successful completion tokens / analysis-block wall-clock minute,successful_final_logical_outcomes_only,0.8469172803685077,,,single-block-no-CI,1,seconds,20.0,1,1,eligible_blocks_only,{},0,59.26944936029861,,,single-block-no-CI,1,requests/minute,1.0,,,single-block-no-CI,1,proportion,0.0,20.24651845009066,1,1.0,,,single-block-no-CI,1,proportion,59.26944936029861,,,single-block-no-CI,1,requests/minute,20,1,20,20,scheduled-arrival window,60.0,,,single-block-no-CI,1,requests/minute,1.0,baseline,59.26944936029861,,,single-block-no-CI,1,attempts/minute,1.0,,,single-block-no-CI,1,proportion,20,0,0,0,"all terminal provider send attempts, including intermediate retries; other_outcomes is the residual not decomposed by the epoch event schema",20,0,0,0.24651845009066164,,,single-block-no-CI,1,seconds,0.24651845009066164,59.26944936029861,,,single-block-no-CI,1,quality-weighted successful tasks/minute,0,1,1.0,,,single-block-no-CI,1,proportion,complete,"{""request_ledger_join"":1}",20.24651845009066,20,20,gemma-4-31B-it,capacity-eligible load epoch/block; launch-guarded and scientifically censored blocks are retained as audit counts but excluded from provider-capacity estimands; bootstrap assumes block-level exchangeability and does not remove temporal autocorrelation,successful_final_logical_outcomes_only,0.8369759126682772,,,single-block-no-CI,1,seconds,short_short,1.0,,,single-block-no-CI,"successful final logical outcomes / all scheduled open-loop arrivals; unlaunched, unknown, and failed arrivals remain in the denominator",1,proportion,17128.8708651263,,,single-block-no-CI,1,tokens/minute,355.61669616179165,,,single-block-no-CI,1,tokens/minute,59.26944936029861,,,single-block-no-CI,1,requests/minute,0,1,"successful provider-reported tokens in complete-usage blocks / at least the full registered arrival window, extended through response drain; partial results may be biased if usage missingness is informative",complete,successful_final_logical_outcomes_with_observed_ttft_only,0.6352313974581193,,,single-block-no-CI,1,seconds,0,"{""request_ledger_join"":1}",uncontrolled_not_paired
"at least the full registered arrival window, extended through response drain",successful completion tokens / analysis-block wall-clock minute,successful_final_logical_outcomes_only,0.6131634432007559,0.8435932812804822,0.5375071689486504,epoch/block-bootstrap-percentile,3,seconds,15.0,3,3,eligible_blocks_only,{},0,23.45223644337196,35.99284136907699,11.221131554757738,epoch/block-bootstrap-ratio-of-sums,3,requests/minute,1.0,1.0,1.0,epoch/block-bootstrap-ratio-of-sums,3,proportion,0.0,15.350348392967135,3,1.0,1.0,1.0,epoch/block-bootstrap-ratio-of-sums,3,proportion,23.45223644337196,35.99284136907699,11.221131554757738,epoch/block-bootstrap-ratio-of-sums,3,requests/minute,6,3,6,6,scheduled-arrival window,24.0,36.0,12.0,epoch/block-bootstrap-ratio-of-sums,3,requests/minute,0.25,confirmation,23.45223644337196,35.99284136907699,11.221131554757738,epoch/block-bootstrap-ratio-of-sums,3,attempts/minute,1.0,1.0,1.0,epoch/block-bootstrap-ratio-of-sums,3,proportion,6,0,0,0,"all terminal provider send attempts, including intermediate retries; other_outcomes is the residual not decomposed by the epoch event schema",6,0,0,0.0022996169282123446,0.3470543239964172,0.000994452042505145,epoch/block-bootstrap-percentile,3,seconds,0.3503483929671347,23.45223644337196,35.99284136907699,11.221131554757738,epoch/block-bootstrap-ratio-of-sums,3,quality-weighted successful tasks/minute,0,3,1.0,1.0,1.0,epoch/block-bootstrap-ratio-of-sums,3,proportion,complete,"{""request_ledger_join"":3}",15.350348392967135,6,6,gemma-4-31B-it,capacity-eligible load epoch/block; launch-guarded and scientifically censored blocks are retained as audit counts but excluded from provider-capacity estimands; bootstrap assumes block-level exchangeability and does not remove temporal autocorrelation,successful_final_logical_outcomes_only,0.6012254936271347,0.8329410264792386,0.5242253469768912,epoch/block-bootstrap-percentile,3,seconds,short_short,1.0,1.0,1.0,epoch/block-bootstrap-ratio-of-sums,"successful final logical outcomes / all scheduled open-loop arrivals; unlaunched, unknown, and failed arrivals remain in the denominator",3,proportion,6785.513744282286,10389.933541873559,3254.1281508797438,epoch/block-bootstrap-ratio-of-sums,3,tokens/minute,140.71341866023175,215.95704821446196,67.32678932854643,epoch/block-bootstrap-ratio-of-sums,3,tokens/minute,23.45223644337196,35.99284136907699,11.221131554757738,epoch/block-bootstrap-ratio-of-sums,3,requests/minute,0,3,"successful provider-reported tokens in complete-usage blocks / at least the full registered arrival window, extended through response drain; partial results may be biased if usage missingness is informative",complete,successful_final_logical_outcomes_with_observed_ttft_only,0.45101529042003674,0.6794118983321824,0.40555815398693085,epoch/block-bootstrap-percentile,3,seconds,0,"{""request_ledger_join"":3}",uncontrolled_not_paired
"at least the full registered arrival window, extended through response drain",successful completion tokens / analysis-block wall-clock minute,successful_final_logical_outcomes_only,2.467933932179584,3.2368415027041917,0.9068533284007572,epoch/block-bootstrap-percentile,3,seconds,15.0,3,3,eligible_blocks_only,{},0,123.02455957613569,138.92047119267065,107.87104034914111,epoch/block-bootstrap-ratio-of-sums,3,requests/minute,1.0,1.0,1.0,epoch/block-bootstrap-ratio-of-sums,3,proportion,0.0,17.55746988602914,1,1.0,1.0,1.0,epoch/block-bootstrap-ratio-of-sums,3,proportion,123.02455957613569,138.92047119267065,107.87104034914111,epoch/block-bootstrap-ratio-of-sums,3,requests/minute,36,1,36,36,scheduled-arrival window,144.0,180.0,120.0,epoch/block-bootstrap-ratio-of-sums,3,requests/minute,2.5,confirmation,123.02455957613569,138.92047119267065,107.87104034914111,epoch/block-bootstrap-ratio-of-sums,3,attempts/minute,1.0,1.0,1.0,epoch/block-bootstrap-ratio-of-sums,3,proportion,36,0,0,0,"all terminal provider send attempts, including intermediate retries; other_outcomes is the residual not decomposed by the epoch event schema",36,0,0,0.5621972130611539,1.4785268310224637,0.5167458419455215,epoch/block-bootstrap-percentile,3,seconds,2.557469886029139,123.02455957613569,138.92047119267065,107.87104034914111,epoch/block-bootstrap-ratio-of-sums,3,quality-weighted successful tasks/minute,0,3,1.0,1.0,1.0,epoch/block-bootstrap-ratio-of-sums,3,proportion,complete,"{""request_ledger_join"":3}",17.55746988602914,36,36,gemma-4-31B-it,capacity-eligible load epoch/block; launch-guarded and scientifically censored blocks are retained as audit counts but excluded from provider-capacity estimands; bootstrap assumes block-level exchangeability and does not remove temporal autocorrelation,successful_final_logical_outcomes_only,2.4584414779150383,3.2271998763317242,0.8960220659500919,epoch/block-bootstrap-percentile,3,seconds,short_short,1.0,1.0,1.0,epoch/block-bootstrap-ratio-of-sums,"successful final logical outcomes / all scheduled open-loop arrivals; unlaunched, unknown, and failed arrivals remain in the denominator",3,proportion,35485.75073996092,40055.40252722004,31066.85962055264,epoch/block-bootstrap-ratio-of-sums,3,tokens/minute,738.1473574568141,833.5228271560238,647.2262420948467,epoch/block-bootstrap-ratio-of-sums,3,tokens/minute,123.02455957613569,138.92047119267065,107.87104034914111,epoch/block-bootstrap-ratio-of-sums,3,requests/minute,0,3,"successful provider-reported tokens in complete-usage blocks / at least the full registered arrival window, extended through response drain; partial results may be biased if usage missingness is informative",complete,successful_final_logical_outcomes_with_observed_ttft_only,2.0912174135679367,2.143182743282522,0.8262819275842048,epoch/block-bootstrap-percentile,3,seconds,0,"{""request_ledger_join"":3}",uncontrolled_not_paired
"at least the full registered arrival window, extended through response drain",successful completion tokens / analysis-block wall-clock minute,successful_final_logical_outcomes_only,0.8176618926576338,1.6875863654073326,0.5819225606042892,epoch/block-bootstrap-percentile,4,seconds,20.0,4,4,eligible_blocks_only,{},0,59.25430363607621,59.393476232450006,59.151757891077125,epoch/block-bootstrap-ratio-of-sums,4,requests/minute,1.0,1.0,1.0,epoch/block-bootstrap-ratio-of-sums,4,proportion,0.0,20.25169357098639,3,1.0,1.0,1.0,epoch/block-bootstrap-ratio-of-sums,4,proportion,59.25430363607621,59.393476232450006,59.151757891077125,epoch/block-bootstrap-ratio-of-sums,4,requests/minute,20,3,20,20,scheduled-arrival window,60.0,60.0,60.0,epoch/block-bootstrap-ratio-of-sums,4,requests/minute,1.0,confirmation_separator,59.25430363607621,59.393476232450006,59.151757891077125,epoch/block-bootstrap-ratio-of-sums,4,attempts/minute,1.0,1.0,1.0,epoch/block-bootstrap-ratio-of-sums,4,proportion,20,0,0,0,"all terminal provider send attempts, including intermediate retries; other_outcomes is the residual not decomposed by the epoch event schema",20,0,0,0.06600988248828799,0.07424736802931875,0.04542643798049539,epoch/block-bootstrap-percentile,4,seconds,0.2516935709863901,59.25430363607621,59.393476232450006,59.151757891077125,epoch/block-bootstrap-ratio-of-sums,4,quality-weighted successful tasks/minute,0,4,1.0,1.0,1.0,epoch/block-bootstrap-ratio-of-sums,4,proportion,complete,"{""request_ledger_join"":4}",20.25169357098639,20,20,gemma-4-31B-it,capacity-eligible load epoch/block; launch-guarded and scientifically censored blocks are retained as audit counts but excluded from provider-capacity estimands; bootstrap assumes block-level exchangeability and does not remove temporal autocorrelation,successful_final_logical_outcomes_only,0.8078016581712291,1.6774391415994612,0.5727833428420126,epoch/block-bootstrap-percentile,4,seconds,short_short,1.0,1.0,1.0,epoch/block-bootstrap-ratio-of-sums,"successful final logical outcomes / all scheduled open-loop arrivals; unlaunched, unknown, and failed arrivals remain in the denominator",4,proportion,17088.94116864438,17149.86626211994,17020.918333157442,epoch/block-bootstrap-ratio-of-sums,4,tokens/minute,355.52582181645727,356.3608573947,354.91054734646275,epoch/block-bootstrap-ratio-of-sums,4,tokens/minute,59.25430363607621,59.393476232450006,59.151757891077125,epoch/block-bootstrap-ratio-of-sums,4,requests/minute,0,4,"successful provider-reported tokens in complete-usage blocks / at least the full registered arrival window, extended through response drain; partial results may be biased if usage missingness is informative",complete,successful_final_logical_outcomes_with_observed_ttft_only,0.4662570882821455,1.4327597600175066,0.4227844848064706,epoch/block-bootstrap-percentile,4,seconds,0,"{""request_ledger_join"":4}",uncontrolled_not_paired
"at least the full registered arrival window, extended through response drain",successful completion tokens / analysis-block wall-clock minute,successful_final_logical_outcomes_only,0.6095315875834786,,,single-block-no-CI,1,seconds,5.0,1,1,eligible_blocks_only,{},0,32.44370144460979,,,single-block-no-CI,1,requests/minute,1.0,,,single-block-no-CI,1,proportion,0.0,5.548072260105982,1,1.0,,,single-block-no-CI,1,proportion,32.44370144460979,,,single-block-no-CI,1,requests/minute,3,1,3,3,scheduled-arrival window,36.0,,,single-block-no-CI,1,requests/minute,0.25,recovery_after_observed_overload,32.44370144460979,,,single-block-no-CI,1,attempts/minute,1.0,,,single-block-no-CI,1,proportion,3,0,0,0,"all terminal provider send attempts, including intermediate retries; other_outcomes is the residual not decomposed by the epoch event schema",3,0,0,0.5480722601059824,,,single-block-no-CI,1,seconds,0.5480722601059824,32.44370144460979,,,single-block-no-CI,1,quality-weighted successful tasks/minute,0,1,1.0,,,single-block-no-CI,1,proportion,complete,"{""request_ledger_join"":1}",5.548072260105982,3,3,gemma-4-31B-it,capacity-eligible load epoch/block; launch-guarded and scientifically censored blocks are retained as audit counts but excluded from provider-capacity estimands; bootstrap assumes block-level exchangeability and does not remove temporal autocorrelation,successful_final_logical_outcomes_only,0.5920498922816478,,,single-block-no-CI,1,seconds,short_short,1.0,,,single-block-no-CI,"successful final logical outcomes / all scheduled open-loop arrivals; unlaunched, unknown, and failed arrivals remain in the denominator",1,proportion,9365.415150344028,,,single-block-no-CI,1,tokens/minute,194.66220866765877,,,single-block-no-CI,1,tokens/minute,32.44370144460979,,,single-block-no-CI,1,requests/minute,0,1,"successful provider-reported tokens in complete-usage blocks / at least the full registered arrival window, extended through response drain; partial results may be biased if usage missingness is informative",complete,successful_final_logical_outcomes_with_observed_ttft_only,0.43877400540513917,,,single-block-no-CI,1,seconds,0,"{""request_ledger_join"":1}",uncontrolled_not_paired
"at least the full registered arrival window, extended through response drain",successful completion tokens / analysis-block wall-clock minute,successful_final_logical_outcomes_only,7.501805785886245,,,single-block-no-CI,1,seconds,80.0,1,1,eligible_blocks_only,{},0,14.048496334214954,,,single-block-no-CI,1,requests/minute,1.0,,,single-block-no-CI,1,proportion,0.0,85.41839435708243,0,1.0,,,single-block-no-CI,1,proportion,14.048496334214954,,,single-block-no-CI,1,requests/minute,20,0,20,20,scheduled-arrival window,15.0,,,single-block-no-CI,1,requests/minute,0.25,baseline,14.048496334214954,,,single-block-no-CI,1,attempts/minute,1.0,,,single-block-no-CI,1,proportion,20,0,0,0,"all terminal provider send attempts, including intermediate retries; other_outcomes is the residual not decomposed by the epoch event schema",20,0,0,5.418394357082434,,,single-block-no-CI,1,seconds,5.418394357082434,0.0,,,single-block-no-CI,1,quality-weighted successful tasks/minute,0,1,0.0,,,single-block-no-CI,1,proportion,complete,"{""request_ledger_join"":1}",85.41839435708243,20,20,glm-5.2,capacity-eligible load epoch/block; launch-guarded and scientifically censored blocks are retained as audit counts but excluded from provider-capacity estimands; bootstrap assumes block-level exchangeability and does not remove temporal autocorrelation,successful_final_logical_outcomes_only,7.48544501758879,,,single-block-no-CI,1,seconds,long_short,1.0,,,single-block-no-CI,"successful final logical outcomes / all scheduled open-loop arrivals; unlaunched, unknown, and failed arrivals remain in the denominator",1,proportion,,,,epoch/block-bootstrap-ratio-of-sums,0,tokens/minute,,,,epoch/block-bootstrap-ratio-of-sums,0,tokens/minute,14.048496334214954,,,single-block-no-CI,1,requests/minute,1,0,"successful provider-reported tokens in complete-usage blocks / at least the full registered arrival window, extended through response drain; partial results may be biased if usage missingness is informative",censored_no_complete_usage_block,successful_final_logical_outcomes_with_observed_ttft_only,6.248620177037083,,,single-block-no-CI,1,seconds,0,"{""successful_request_usage_incomplete"":1}",uncontrolled_not_paired
"at least the full registered arrival window, extended through response drain",successful completion tokens / analysis-block wall-clock minute,successful_final_logical_outcomes_only,7.857195029017749,,,single-block-no-CI,1,seconds,40.0,1,1,eligible_blocks_only,{},0,26.572298065374138,,,single-block-no-CI,1,requests/minute,1.0,,,single-block-no-CI,1,proportion,0.0,45.15981256298255,0,1.0,,,single-block-no-CI,1,proportion,26.572298065374138,,,single-block-no-CI,1,requests/minute,20,0,20,20,scheduled-arrival window,30.0,,,single-block-no-CI,1,requests/minute,0.5,baseline,26.572298065374138,,,single-block-no-CI,1,attempts/minute,1.0,,,single-block-no-CI,1,proportion,20,0,0,0,"all terminal provider send attempts, including intermediate retries; other_outcomes is the residual not decomposed by the epoch event schema",20,0,0,5.159812562982552,,,single-block-no-CI,1,seconds,5.159812562982552,0.0,,,single-block-no-CI,1,quality-weighted successful tasks/minute,0,1,0.0,,,single-block-no-CI,1,proportion,complete,"{""request_ledger_join"":1}",45.15981256298255,20,20,glm-5.2,capacity-eligible load epoch/block; launch-guarded and scientifically censored blocks are retained as audit counts but excluded from provider-capacity estimands; bootstrap assumes block-level exchangeability and does not remove temporal autocorrelation,successful_final_logical_outcomes_only,7.842418913875008,,,single-block-no-CI,1,seconds,long_short,1.0,,,single-block-no-CI,"successful final logical outcomes / all scheduled open-loop arrivals; unlaunched, unknown, and failed arrivals remain in the denominator",1,proportion,,,,epoch/block-bootstrap-ratio-of-sums,0,tokens/minute,,,,epoch/block-bootstrap-ratio-of-sums,0,tokens/minute,26.572298065374138,,,single-block-no-CI,1,requests/minute,1,0,"successful provider-reported tokens in complete-usage blocks / at least the full registered arrival window, extended through response drain; partial results may be biased if usage missingness is informative",censored_no_complete_usage_block,successful_final_logical_outcomes_with_observed_ttft_only,7.163604830624536,,,single-block-no-CI,1,seconds,0,"{""successful_request_usage_incomplete"":1}",uncontrolled_not_paired
"at least the full registered arrival window, extended through response drain",successful completion tokens / analysis-block wall-clock minute,successful_final_logical_outcomes_only,8.458275985514046,,,single-block-no-CI,1,seconds,20.0,1,1,eligible_blocks_only,{},0,45.929280452142926,,,single-block-no-CI,1,requests/minute,1.0,,,single-block-no-CI,1,proportion,0.0,26.127123877988197,0,1.0,,,single-block-no-CI,1,proportion,45.929280452142926,,,single-block-no-CI,1,requests/minute,20,0,20,20,scheduled-arrival window,60.0,,,single-block-no-CI,1,requests/minute,1.0,baseline,45.929280452142926,,,single-block-no-CI,1,attempts/minute,1.0,,,single-block-no-CI,1,proportion,20,0,0,0,"all terminal provider send attempts, including intermediate retries; other_outcomes is the residual not decomposed by the epoch event schema",20,0,0,6.127123877988197,,,single-block-no-CI,1,seconds,6.127123877988197,0.0,,,single-block-no-CI,1,quality-weighted successful tasks/minute,0,1,0.0,,,single-block-no-CI,1,proportion,complete,"{""request_ledger_join"":1}",26.127123877988197,20,20,glm-5.2,capacity-eligible load epoch/block; launch-guarded and scientifically censored blocks are retained as audit counts but excluded from provider-capacity estimands; bootstrap assumes block-level exchangeability and does not remove temporal autocorrelation,successful_final_logical_outcomes_only,8.440920030837878,,,single-block-no-CI,1,seconds,long_short,1.0,,,single-block-no-CI,"successful final logical outcomes / all scheduled open-loop arrivals; unlaunched, unknown, and failed arrivals remain in the denominator",1,proportion,,,,epoch/block-bootstrap-ratio-of-sums,0,tokens/minute,,,,epoch/block-bootstrap-ratio-of-sums,0,tokens/minute,45.929280452142926,,,single-block-no-CI,1,requests/minute,1,0,"successful provider-reported tokens in complete-usage blocks / at least the full registered arrival window, extended through response drain; partial results may be biased if usage missingness is informative",censored_no_complete_usage_block,successful_final_logical_outcomes_with_observed_ttft_only,7.58657854195917,,,single-block-no-CI,1,seconds,0,"{""successful_request_usage_incomplete"":1}",uncontrolled_not_paired
"at least the full registered arrival window, extended through response drain",successful completion tokens / analysis-block wall-clock minute,successful_final_logical_outcomes_only,2.104412997089094,,,single-block-no-CI,1,seconds,80.0,1,1,eligible_blocks_only,{},0,14.999631231061773,,,single-block-no-CI,1,requests/minute,1.0,,,single-block-no-CI,1,proportion,0.0,80.00196681602392,0,1.0,,,single-block-no-CI,1,proportion,14.999631231061773,,,single-block-no-CI,1,requests/minute,20,0,20,20,scheduled-arrival window,15.0,,,single-block-no-CI,1,requests/minute,0.25,baseline,14.999631231061773,,,single-block-no-CI,1,attempts/minute,1.0,,,single-block-no-CI,1,proportion,20,0,0,0,"all terminal provider send attempts, including intermediate retries; other_outcomes is the residual not decomposed by the epoch event schema",20,0,0,0.0019668160239234567,,,single-block-no-CI,1,seconds,0.0019668160239234567,3.7499078077654433,,,single-block-no-CI,1,quality-weighted successful tasks/minute,0,1,0.25,,,single-block-no-CI,1,proportion,complete,"{""request_ledger_join"":1}",80.00196681602392,20,20,glm-5.2,capacity-eligible load epoch/block; launch-guarded and scientifically censored blocks are retained as audit counts but excluded from provider-capacity estimands; bootstrap assumes block-level exchangeability and does not remove temporal autocorrelation,successful_final_logical_outcomes_only,2.097605971427402,,,single-block-no-CI,1,seconds,short_short,1.0,,,single-block-no-CI,"successful final logical outcomes / all scheduled open-loop arrivals; unlaunched, unknown, and failed arrivals remain in the denominator",1,proportion,4265.145140552415,,,single-block-no-CI,1,tokens/minute,1709.957960341042,,,single-block-no-CI,1,tokens/minute,14.999631231061773,,,single-block-no-CI,1,requests/minute,0,1,"successful provider-reported tokens in complete-usage blocks / at least the full registered arrival window, extended through response drain; partial results may be biased if usage missingness is informative",complete,successful_final_logical_outcomes_with_observed_ttft_only,2.2176491167629138,,,single-block-no-CI,1,seconds,0,"{""request_ledger_join"":1}",uncontrolled_not_paired
"at least the full registered arrival window, extended through response drain",successful completion tokens / analysis-block wall-clock minute,successful_final_logical_outcomes_only,1.4169253431377002,,,single-block-no-CI,1,seconds,40.0,1,1,eligible_blocks_only,{},0,29.921558847172122,,,single-block-no-CI,1,requests/minute,1.0,,,single-block-no-CI,1,proportion,0.0,40.10486238799058,0,1.0,,,single-block-no-CI,1,proportion,29.921558847172122,,,single-block-no-CI,1,requests/minute,20,0,20,20,scheduled-arrival window,30.0,,,single-block-no-CI,1,requests/minute,0.5,baseline,29.921558847172122,,,single-block-no-CI,1,attempts/minute,1.0,,,single-block-no-CI,1,proportion,20,0,0,0,"all terminal provider send attempts, including intermediate retries; other_outcomes is the residual not decomposed by the epoch event schema",20,0,0,0.10486238799057901,,,single-block-no-CI,1,seconds,0.10486238799057901,7.4803897117930305,,,single-block-no-CI,1,quality-weighted successful tasks/minute,0,1,0.25,,,single-block-no-CI,1,proportion,complete,"{""request_ledger_join"":1}",40.10486238799058,20,20,glm-5.2,capacity-eligible load epoch/block; launch-guarded and scientifically censored blocks are retained as audit counts but excluded from provider-capacity estimands; bootstrap assumes block-level exchangeability and does not remove temporal autocorrelation,successful_final_logical_outcomes_only,1.4094070323684718,,,single-block-no-CI,1,seconds,short_short,1.0,,,single-block-no-CI,"successful final logical outcomes / all scheduled open-loop arrivals; unlaunched, unknown, and failed arrivals remain in the denominator",1,proportion,8512.68349202047,,,single-block-no-CI,1,tokens/minute,3731.2183882423637,,,single-block-no-CI,1,tokens/minute,29.921558847172122,,,single-block-no-CI,1,requests/minute,0,1,"successful provider-reported tokens in complete-usage blocks / at least the full registered arrival window, extended through response drain; partial results may be biased if usage missingness is informative",complete,successful_final_logical_outcomes_with_observed_ttft_only,1.1117090944433585,,,single-block-no-CI,1,seconds,0,"{""request_ledger_join"":1}",uncontrolled_not_paired
"at least the full registered arrival window, extended through response drain",successful completion tokens / analysis-block wall-clock minute,successful_final_logical_outcomes_only,1.6541839875571909,,,single-block-no-CI,1,seconds,20.0,1,1,eligible_blocks_only,{},0,57.96261416447311,,,single-block-no-CI,1,requests/minute,1.0,,,single-block-no-CI,1,proportion,0.0,20.702999981935136,0,1.0,,,single-block-no-CI,1,proportion,57.96261416447311,,,single-block-no-CI,1,requests/minute,20,0,20,20,scheduled-arrival window,60.0,,,single-block-no-CI,1,requests/minute,1.0,baseline,57.96261416447311,,,single-block-no-CI,1,attempts/minute,1.0,,,single-block-no-CI,1,proportion,20,0,0,0,"all terminal provider send attempts, including intermediate retries; other_outcomes is the residual not decomposed by the epoch event schema",20,0,0,0.702999981935136,,,single-block-no-CI,1,seconds,0.702999981935136,8.694392124670966,,,single-block-no-CI,1,quality-weighted successful tasks/minute,0,1,0.15,,,single-block-no-CI,1,proportion,complete,"{""request_ledger_join"":1}",20.702999981935136,20,20,glm-5.2,capacity-eligible load epoch/block; launch-guarded and scientifically censored blocks are retained as audit counts but excluded from provider-capacity estimands; bootstrap assumes block-level exchangeability and does not remove temporal autocorrelation,successful_final_logical_outcomes_only,1.647060196939857,,,single-block-no-CI,1,seconds,short_short,1.0,,,single-block-no-CI,"successful final logical outcomes / all scheduled open-loop arrivals; unlaunched, unknown, and failed arrivals remain in the denominator",1,proportion,16478.771206959704,,,single-block-no-CI,1,tokens/minute,7227.9379863097965,,,single-block-no-CI,1,tokens/minute,57.96261416447311,,,single-block-no-CI,1,requests/minute,0,1,"successful provider-reported tokens in complete-usage blocks / at least the full registered arrival window, extended through response drain; partial results may be biased if usage missingness is informative",complete,successful_final_logical_outcomes_with_observed_ttft_only,1.312688876845641,,,single-block-no-CI,1,seconds,0,"{""request_ledger_join"":1}",uncontrolled_not_paired
"at least the full registered arrival window, extended through response drain",successful completion tokens / analysis-block wall-clock minute,successful_final_logical_outcomes_only,139.2899420476053,,,single-block-no-CI,1,seconds,80.0,1,1,eligible_blocks_only,{},0,6.166384983276697,,,single-block-no-CI,1,requests/minute,1.0,,,single-block-no-CI,1,proportion,0.0,194.60348376794718,0,1.0,,,single-block-no-CI,1,proportion,6.166384983276697,,,single-block-no-CI,1,requests/minute,20,0,20,20,scheduled-arrival window,15.0,,,single-block-no-CI,1,requests/minute,0.25,baseline,6.166384983276697,,,single-block-no-CI,1,attempts/minute,1.0,,,single-block-no-CI,1,proportion,20,0,0,0,"all terminal provider send attempts, including intermediate retries; other_outcomes is the residual not decomposed by the epoch event schema",20,0,0,114.60348376794718,,,single-block-no-CI,1,seconds,114.60348376794718,2.158234744146844,,,single-block-no-CI,1,quality-weighted successful tasks/minute,0,1,0.35,,,single-block-no-CI,1,proportion,complete,"{""request_ledger_join"":1}",194.60348376794718,20,20,kimi-k3,capacity-eligible load epoch/block; launch-guarded and scientifically censored blocks are retained as audit counts but excluded from provider-capacity estimands; bootstrap assumes block-level exchangeability and does not remove temporal autocorrelation,successful_final_logical_outcomes_only,139.27999908943315,,,single-block-no-CI,1,seconds,mixed,1.0,,,single-block-no-CI,"successful final logical outcomes / all scheduled open-loop arrivals; unlaunched, unknown, and failed arrivals remain in the denominator",1,proportion,,,,epoch/block-bootstrap-ratio-of-sums,0,tokens/minute,,,,epoch/block-bootstrap-ratio-of-sums,0,tokens/minute,6.166384983276697,,,single-block-no-CI,1,requests/minute,1,0,"successful provider-reported tokens in complete-usage blocks / at least the full registered arrival window, extended through response drain; partial results may be biased if usage missingness is informative",censored_no_complete_usage_block,successful_final_logical_outcomes_with_observed_ttft_only,70.28566513187246,,,single-block-no-CI,1,seconds,0,"{""successful_request_usage_incomplete"":1}",uncontrolled_not_paired
"at least the full registered arrival window, extended through response drain",successful completion tokens / analysis-block wall-clock minute,successful_final_logical_outcomes_only,87.98503723134638,,,single-block-no-CI,1,seconds,40.0,1,1,eligible_blocks_only,{},0,7.787357449166161,,,single-block-no-CI,1,requests/minute,1.0,,,single-block-no-CI,1,proportion,0.0,154.09591865190305,0,1.0,,,single-block-no-CI,1,proportion,7.787357449166161,,,single-block-no-CI,1,requests/minute,20,0,20,20,scheduled-arrival window,30.0,,,single-block-no-CI,1,requests/minute,0.5,baseline,7.787357449166161,,,single-block-no-CI,1,attempts/minute,1.0,,,single-block-no-CI,1,proportion,20,0,0,0,"all terminal provider send attempts, including intermediate retries; other_outcomes is the residual not decomposed by the epoch event schema",20,0,0,114.09591865190305,,,single-block-no-CI,1,seconds,114.09591865190305,3.1149429796664645,,,single-block-no-CI,1,quality-weighted successful tasks/minute,0,1,0.4,,,single-block-no-CI,1,proportion,complete,"{""request_ledger_join"":1}",154.09591865190305,20,20,kimi-k3,capacity-eligible load epoch/block; launch-guarded and scientifically censored blocks are retained as audit counts but excluded from provider-capacity estimands; bootstrap assumes block-level exchangeability and does not remove temporal autocorrelation,successful_final_logical_outcomes_only,87.97680519452554,,,single-block-no-CI,1,seconds,mixed,1.0,,,single-block-no-CI,"successful final logical outcomes / all scheduled open-loop arrivals; unlaunched, unknown, and failed arrivals remain in the denominator",1,proportion,,,,epoch/block-bootstrap-ratio-of-sums,0,tokens/minute,,,,epoch/block-bootstrap-ratio-of-sums,0,tokens/minute,7.787357449166161,,,single-block-no-CI,1,requests/minute,1,0,"successful provider-reported tokens in complete-usage blocks / at least the full registered arrival window, extended through response drain; partial results may be biased if usage missingness is informative",censored_no_complete_usage_block,successful_final_logical_outcomes_with_observed_ttft_only,52.12157738277453,,,single-block-no-CI,1,seconds,0,"{""successful_request_usage_incomplete"":1}",uncontrolled_not_paired
"at least the full registered arrival window, extended through response drain",successful completion tokens / analysis-block wall-clock minute,successful_final_logical_outcomes_only,134.01720090624298,,,single-block-no-CI,1,seconds,20.0,1,1,eligible_blocks_only,{},0,7.03725175058913,,,single-block-no-CI,1,requests/minute,1.0,,,single-block-no-CI,1,proportion,0.0,170.52111286192667,0,1.0,,,single-block-no-CI,1,proportion,7.03725175058913,,,single-block-no-CI,1,requests/minute,20,0,20,20,scheduled-arrival window,60.0,,,single-block-no-CI,1,requests/minute,1.0,baseline,7.03725175058913,,,single-block-no-CI,1,attempts/minute,1.0,,,single-block-no-CI,1,proportion,20,0,0,0,"all terminal provider send attempts, including intermediate retries; other_outcomes is the residual not decomposed by the epoch event schema",20,0,0,150.52111286192667,,,single-block-no-CI,1,seconds,150.52111286192667,3.518625875294565,,,single-block-no-CI,1,quality-weighted successful tasks/minute,0,1,0.5,,,single-block-no-CI,1,proportion,complete,"{""request_ledger_join"":1}",170.52111286192667,20,20,kimi-k3,capacity-eligible load epoch/block; launch-guarded and scientifically censored blocks are retained as audit counts but excluded from provider-capacity estimands; bootstrap assumes block-level exchangeability and does not remove temporal autocorrelation,successful_final_logical_outcomes_only,134.00970212873656,,,single-block-no-CI,1,seconds,mixed,1.0,,,single-block-no-CI,"successful final logical outcomes / all scheduled open-loop arrivals; unlaunched, unknown, and failed arrivals remain in the denominator",1,proportion,,,,epoch/block-bootstrap-ratio-of-sums,0,tokens/minute,,,,epoch/block-bootstrap-ratio-of-sums,0,tokens/minute,7.03725175058913,,,single-block-no-CI,1,requests/minute,1,0,"successful provider-reported tokens in complete-usage blocks / at least the full registered arrival window, extended through response drain; partial results may be biased if usage missingness is informative",censored_no_complete_usage_block,successful_final_logical_outcomes_with_observed_ttft_only,40.999410246917975,,,single-block-no-CI,1,seconds,0,"{""successful_request_usage_incomplete"":1}",uncontrolled_not_paired
"at least the full registered arrival window, extended through response drain",successful completion tokens / analysis-block wall-clock minute,successful_final_logical_outcomes_only,5.858341604599266,,,single-block-no-CI,1,seconds,80.0,1,1,eligible_blocks_only,{},0,14.61303035256448,,,single-block-no-CI,1,requests/minute,1.0,,,single-block-no-CI,1,proportion,0.0,82.11849089805037,0,1.0,,,single-block-no-CI,1,proportion,14.61303035256448,,,single-block-no-CI,1,requests/minute,20,0,20,20,scheduled-arrival window,15.0,,,single-block-no-CI,1,requests/minute,0.25,baseline,14.61303035256448,,,single-block-no-CI,1,attempts/minute,1.0,,,single-block-no-CI,1,proportion,20,0,0,0,"all terminal provider send attempts, including intermediate retries; other_outcomes is the residual not decomposed by the epoch event schema",20,0,0,2.118490898050368,,,single-block-no-CI,1,seconds,2.118490898050368,10.229121246795136,,,single-block-no-CI,1,quality-weighted successful tasks/minute,0,1,0.7,,,single-block-no-CI,1,proportion,complete,"{""request_ledger_join"":1}",82.11849089805037,20,20,kimi-k3,capacity-eligible load epoch/block; launch-guarded and scientifically censored blocks are retained as audit counts but excluded from provider-capacity estimands; bootstrap assumes block-level exchangeability and does not remove temporal autocorrelation,successful_final_logical_outcomes_only,5.85142485793913,,,single-block-no-CI,1,seconds,short_short,1.0,,,single-block-no-CI,"successful final logical outcomes / all scheduled open-loop arrivals; unlaunched, unknown, and failed arrivals remain in the denominator",1,proportion,,,,epoch/block-bootstrap-ratio-of-sums,0,tokens/minute,,,,epoch/block-bootstrap-ratio-of-sums,0,tokens/minute,14.61303035256448,,,single-block-no-CI,1,requests/minute,1,0,"successful provider-reported tokens in complete-usage blocks / at least the full registered arrival window, extended through response drain; partial results may be biased if usage missingness is informative",censored_no_complete_usage_block,successful_final_logical_outcomes_with_observed_ttft_only,6.106581181986256,,,single-block-no-CI,1,seconds,0,"{""successful_request_usage_incomplete"":1}",uncontrolled_not_paired
"at least the full registered arrival window, extended through response drain",successful completion tokens / analysis-block wall-clock minute,successful_final_logical_outcomes_only,5.617927498772042,,,single-block-no-CI,1,seconds,40.0,1,1,eligible_blocks_only,{},0,29.07069060385184,,,single-block-no-CI,1,requests/minute,1.0,,,single-block-no-CI,1,proportion,0.0,41.278689122060314,0,1.0,,,single-block-no-CI,1,proportion,29.07069060385184,,,single-block-no-CI,1,requests/minute,20,0,20,20,scheduled-arrival window,30.0,,,single-block-no-CI,1,requests/minute,0.5,baseline,29.07069060385184,,,single-block-no-CI,1,attempts/minute,1.0,,,single-block-no-CI,1,proportion,20,0,0,0,"all terminal provider send attempts, including intermediate retries; other_outcomes is the residual not decomposed by the epoch event schema",20,0,0,1.2786891220603138,,,single-block-no-CI,1,seconds,1.2786891220603138,17.442414362311105,,,single-block-no-CI,1,quality-weighted successful tasks/minute,0,1,0.6,,,single-block-no-CI,1,proportion,complete,"{""request_ledger_join"":1}",41.278689122060314,20,20,kimi-k3,capacity-eligible load epoch/block; launch-guarded and scientifically censored blocks are retained as audit counts but excluded from provider-capacity estimands; bootstrap assumes block-level exchangeability and does not remove temporal autocorrelation,successful_final_logical_outcomes_only,5.610736969060964,,,single-block-no-CI,1,seconds,short_short,1.0,,,single-block-no-CI,"successful final logical outcomes / all scheduled open-loop arrivals; unlaunched, unknown, and failed arrivals remain in the denominator",1,proportion,,,,epoch/block-bootstrap-ratio-of-sums,0,tokens/minute,,,,epoch/block-bootstrap-ratio-of-sums,0,tokens/minute,29.07069060385184,,,single-block-no-CI,1,requests/minute,1,0,"successful provider-reported tokens in complete-usage blocks / at least the full registered arrival window, extended through response drain; partial results may be biased if usage missingness is informative",censored_no_complete_usage_block,successful_final_logical_outcomes_with_observed_ttft_only,4.953223305282881,,,single-block-no-CI,1,seconds,0,"{""successful_request_usage_incomplete"":1}",uncontrolled_not_paired
"at least the full registered arrival window, extended through response drain",successful completion tokens / analysis-block wall-clock minute,successful_final_logical_outcomes_only,6.22137830521679,,,single-block-no-CI,1,seconds,20.0,1,1,eligible_blocks_only,{},0,51.1612677453685,,,single-block-no-CI,1,requests/minute,1.0,,,single-block-no-CI,1,proportion,0.0,23.455243641976267,0,1.0,,,single-block-no-CI,1,proportion,51.1612677453685,,,single-block-no-CI,1,requests/minute,20,0,20,20,scheduled-arrival window,60.0,,,single-block-no-CI,1,requests/minute,1.0,baseline,51.1612677453685,,,single-block-no-CI,1,attempts/minute,1.0,,,single-block-no-CI,1,proportion,20,0,0,0,"all terminal provider send attempts, including intermediate retries; other_outcomes is the residual not decomposed by the epoch event schema",20,0,0,3.455243641976267,,,single-block-no-CI,1,seconds,3.455243641976267,38.370950809026375,,,single-block-no-CI,1,quality-weighted successful tasks/minute,0,1,0.75,,,single-block-no-CI,1,proportion,complete,"{""request_ledger_join"":1}",23.455243641976267,20,20,kimi-k3,capacity-eligible load epoch/block; launch-guarded and scientifically censored blocks are retained as audit counts but excluded from provider-capacity estimands; bootstrap assumes block-level exchangeability and does not remove temporal autocorrelation,successful_final_logical_outcomes_only,6.214874155551666,,,single-block-no-CI,1,seconds,short_short,1.0,,,single-block-no-CI,"successful final logical outcomes / all scheduled open-loop arrivals; unlaunched, unknown, and failed arrivals remain in the denominator",1,proportion,,,,epoch/block-bootstrap-ratio-of-sums,0,tokens/minute,,,,epoch/block-bootstrap-ratio-of-sums,0,tokens/minute,51.1612677453685,,,single-block-no-CI,1,requests/minute,1,0,"successful provider-reported tokens in complete-usage blocks / at least the full registered arrival window, extended through response drain; partial results may be biased if usage missingness is informative",censored_no_complete_usage_block,successful_final_logical_outcomes_with_observed_ttft_only,7.729488256585311,,,single-block-no-CI,1,seconds,0,"{""successful_request_usage_incomplete"":1}",uncontrolled_not_paired
"at least the full registered arrival window, extended through response drain",successful completion tokens / analysis-block wall-clock minute,successful_final_logical_outcomes_only,67.59649991728365,,,single-block-no-CI,1,seconds,5.0,2,1,eligible_blocks_only,"{""zero_scheduled_poisson_arrivals"":1}",1,1.68872582630768,,,single-block-no-CI,1,requests/minute,1.0,,,single-block-no-CI,1,proportion,0.0,71.05949238804169,1,1.0,,,single-block-no-CI,1,proportion,1.68872582630768,,,single-block-no-CI,1,requests/minute,2,1,2,2,scheduled-arrival window,24.0,,,single-block-no-CI,1,requests/minute,0.25,aimd,1.68872582630768,,,single-block-no-CI,1,attempts/minute,1.0,,,single-block-no-CI,1,proportion,2,0,0,0,"all terminal provider send attempts, including intermediate retries; other_outcomes is the residual not decomposed by the epoch event schema",2,0,0,66.05949238804169,,,single-block-no-CI,1,seconds,66.05949238804169,0.84436291315384,,,single-block-no-CI,1,quality-weighted successful tasks/minute,0,1,0.5,,,single-block-no-CI,1,proportion,complete,"{""request_ledger_join"":1}",71.05949238804169,2,2,mimo-v2.5-pro,capacity-eligible load epoch/block; launch-guarded and scientifically censored blocks are retained as audit counts but excluded from provider-capacity estimands; bootstrap assumes block-level exchangeability and does not remove temporal autocorrelation,successful_final_logical_outcomes_only,67.58643340461421,,,single-block-no-CI,1,seconds,short_long,1.0,,,single-block-no-CI,"successful final logical outcomes / all scheduled open-loop arrivals; unlaunched, unknown, and failed arrivals remain in the denominator",1,proportion,911.0675832929934,,,single-block-no-CI,1,tokens/minute,4433.749656970814,,,single-block-no-CI,1,tokens/minute,1.68872582630768,,,single-block-no-CI,1,requests/minute,0,1,"successful provider-reported tokens in complete-usage blocks / at least the full registered arrival window, extended through response drain; partial results may be biased if usage missingness is informative",complete,successful_final_logical_outcomes_with_observed_ttft_only,7.217689206637442,,,single-block-no-CI,1,seconds,0,"{""request_ledger_join"":1}",uncontrolled_not_paired
"at least the full registered arrival window, extended through response drain",successful completion tokens / analysis-block wall-clock minute,successful_final_logical_outcomes_only,32.7701157051255,,,single-block-no-CI,1,seconds,5.0,1,1,eligible_blocks_only,{},0,3.288349724295173,,,single-block-no-CI,1,requests/minute,1.0,,,single-block-no-CI,1,proportion,0.0,36.49246888596099,1,1.0,,,single-block-no-CI,1,proportion,3.288349724295173,,,single-block-no-CI,1,requests/minute,2,1,2,2,scheduled-arrival window,24.0,,,single-block-no-CI,1,requests/minute,0.5,aimd,3.288349724295173,,,single-block-no-CI,1,attempts/minute,1.0,,,single-block-no-CI,1,proportion,2,0,0,0,"all terminal provider send attempts, including intermediate retries; other_outcomes is the residual not decomposed by the epoch event schema",2,0,0,31.49246888596099,,,single-block-no-CI,1,seconds,31.49246888596099,0.0,,,single-block-no-CI,1,quality-weighted successful tasks/minute,0,1,0.0,,,single-block-no-CI,1,proportion,complete,"{""request_ledger_join"":1}",36.49246888596099,2,2,mimo-v2.5-pro,capacity-eligible load epoch/block; launch-guarded and scientifically censored blocks are retained as audit counts but excluded from provider-capacity estimands; bootstrap assumes block-level exchangeability and does not remove temporal autocorrelation,successful_final_logical_outcomes_only,32.760652344330445,,,single-block-no-CI,1,seconds,short_long,1.0,,,single-block-no-CI,"successful final logical outcomes / all scheduled open-loop arrivals; unlaunched, unknown, and failed arrivals remain in the denominator",1,proportion,1772.4205013950982,,,single-block-no-CI,1,tokens/minute,6048.9193178409705,,,single-block-no-CI,1,tokens/minute,3.288349724295173,,,single-block-no-CI,1,requests/minute,0,1,"successful provider-reported tokens in complete-usage blocks / at least the full registered arrival window, extended through response drain; partial results may be biased if usage missingness is informative",complete,successful_final_logical_outcomes_with_observed_ttft_only,3.7926955881353934,,,single-block-no-CI,1,seconds,0,"{""request_ledger_join"":1}",uncontrolled_not_paired
"at least the full registered arrival window, extended through response drain",successful completion tokens / analysis-block wall-clock minute,successful_final_logical_outcomes_only,68.94778757941094,78.9177018184273,33.67733975287701,epoch/block-bootstrap-percentile,6,seconds,30.0,6,6,eligible_blocks_only,{},0,4.840103403294738,6.1147896188137505,3.781223270748991,epoch/block-bootstrap-ratio-of-sums,6,requests/minute,1.0,1.0,1.0,epoch/block-bootstrap-ratio-of-sums,6,proportion,0.0,396.6857399560977,6,1.0,1.0,1.0,epoch/block-bootstrap-ratio-of-sums,6,proportion,4.840103403294738,6.1147896188137505,3.781223270748991,epoch/block-bootstrap-ratio-of-sums,6,requests/minute,32,6,32,32,scheduled-arrival window,64.0,80.0,46.0,epoch/block-bootstrap-ratio-of-sums,6,requests/minute,1.0,aimd,4.840103403294738,6.1147896188137505,3.781223270748991,epoch/block-bootstrap-ratio-of-sums,6,attempts/minute,1.0,1.0,1.0,epoch/block-bootstrap-ratio-of-sums,6,proportion,32,0,0,0,"all terminal provider send attempts, including intermediate retries; other_outcomes is the residual not decomposed by the epoch event schema",32,0,0,69.64099063549656,82.09461985604139,31.607259486510884,epoch/block-bootstrap-percentile,6,seconds,366.6857399560977,0.6050129254118423,0.7792409239216304,0.332705743058654,epoch/block-bootstrap-ratio-of-sums,6,quality-weighted successful tasks/minute,0,6,0.125,0.1875,0.05714285714285714,epoch/block-bootstrap-ratio-of-sums,6,proportion,complete,"{""request_ledger_join"":6}",396.6857399560977,32,32,mimo-v2.5-pro,capacity-eligible load epoch/block; launch-guarded and scientifically censored blocks are retained as audit counts but excluded from provider-capacity estimands; bootstrap assumes block-level exchangeability and does not remove temporal autocorrelation,successful_final_logical_outcomes_only,68.93752858362859,78.90697859012579,33.667452585854335,epoch/block-bootstrap-percentile,6,seconds,short_long,1.0,1.0,1.0,epoch/block-bootstrap-ratio-of-sums,"successful final logical outcomes / all scheduled open-loop arrivals; unlaunched, unknown, and failed arrivals remain in the denominator",6,proportion,2611.5382925402173,3298.3322058276913,2039.0657490043363,epoch/block-bootstrap-ratio-of-sums,6,tokens/minute,10117.026138736826,11480.48074248022,8516.36391095894,epoch/block-bootstrap-ratio-of-sums,6,tokens/minute,4.840103403294738,6.1147896188137505,3.781223270748991,epoch/block-bootstrap-ratio-of-sums,6,requests/minute,0,6,"successful provider-reported tokens in complete-usage blocks / at least the full registered arrival window, extended through response drain; partial results may be biased if usage missingness is informative",complete,successful_final_logical_outcomes_with_observed_ttft_only,9.24801601161598,12.351738407832453,7.791257908640546,epoch/block-bootstrap-percentile,6,seconds,0,"{""request_ledger_join"":6}",uncontrolled_not_paired
"at least the full registered arrival window, extended through response drain",successful completion tokens / analysis-block wall-clock minute,successful_final_logical_outcomes_only,82.8782973808411,,,single-block-no-CI,1,seconds,20.0,1,1,eligible_blocks_only,{},0,13.181749139030227,,,single-block-no-CI,1,requests/minute,1.0,,,single-block-no-CI,1,proportion,0.0,91.03495957504492,1,1.0,,,single-block-no-CI,1,proportion,13.181749139030227,,,single-block-no-CI,1,requests/minute,20,1,20,20,scheduled-arrival window,60.0,,,single-block-no-CI,1,requests/minute,1.0,baseline,13.181749139030227,,,single-block-no-CI,1,attempts/minute,1.0,,,single-block-no-CI,1,proportion,20,0,0,0,"all terminal provider send attempts, including intermediate retries; other_outcomes is the residual not decomposed by the epoch event schema",20,0,0,71.03495957504492,,,single-block-no-CI,1,seconds,71.03495957504492,0.6590874569515114,,,single-block-no-CI,1,quality-weighted successful tasks/minute,0,1,0.05,,,single-block-no-CI,1,proportion,complete,"{""request_ledger_join"":1}",91.03495957504492,20,20,mimo-v2.5-pro,capacity-eligible load epoch/block; launch-guarded and scientifically censored blocks are retained as audit counts but excluded from provider-capacity estimands; bootstrap assumes block-level exchangeability and does not remove temporal autocorrelation,successful_final_logical_outcomes_only,82.86865396415814,,,single-block-no-CI,1,seconds,short_long,1.0,,,single-block-no-CI,"successful final logical outcomes / all scheduled open-loop arrivals; unlaunched, unknown, and failed arrivals remain in the denominator",1,proportion,7114.190010334614,,,single-block-no-CI,1,tokens/minute,26573.088089371035,,,single-block-no-CI,1,tokens/minute,13.181749139030227,,,single-block-no-CI,1,requests/minute,0,1,"successful provider-reported tokens in complete-usage blocks / at least the full registered arrival window, extended through response drain; partial results may be biased if usage missingness is informative",complete,successful_final_logical_outcomes_with_observed_ttft_only,15.356694948859518,,,single-block-no-CI,1,seconds,0,"{""request_ledger_join"":1}",uncontrolled_not_paired
"at least the full registered arrival window, extended through response drain",successful completion tokens / analysis-block wall-clock minute,successful_final_logical_outcomes_only,59.07301679821103,102.86444537923671,55.36470759366057,epoch/block-bootstrap-percentile,3,seconds,15.0,3,3,eligible_blocks_only,{},0,3.6854504474007834,6.137966654311686,1.9810245964334738,epoch/block-bootstrap-ratio-of-sums,3,requests/minute,1.0,1.0,1.0,epoch/block-bootstrap-ratio-of-sums,3,proportion,0.0,227.923292413936,3,1.0,1.0,1.0,epoch/block-bootstrap-ratio-of-sums,3,proportion,3.6854504474007834,6.137966654311686,1.9810245964334738,epoch/block-bootstrap-ratio-of-sums,3,requests/minute,14,3,14,14,scheduled-arrival window,56.0,72.0,24.0,epoch/block-bootstrap-ratio-of-sums,3,requests/minute,1.0,confirmation,3.6854504474007834,6.137966654311686,1.9810245964334738,epoch/block-bootstrap-ratio-of-sums,3,attempts/minute,1.0,1.0,1.0,epoch/block-bootstrap-ratio-of-sums,3,proportion,14,0,0,0,"all terminal provider send attempts, including intermediate retries; other_outcomes is the residual not decomposed by the epoch event schema",14,0,0,55.57471482991241,103.69723255804274,53.651345025980845,epoch/block-bootstrap-percentile,3,seconds,212.923292413936,0.5264929210572548,1.1039839485878515,0.0,epoch/block-bootstrap-ratio-of-sums,3,quality-weighted successful tasks/minute,0,3,0.14285714285714285,0.3333333333333333,0.0,epoch/block-bootstrap-ratio-of-sums,3,proportion,complete,"{""request_ledger_join"":3}",227.923292413936,14,14,mimo-v2.5-pro,capacity-eligible load epoch/block; launch-guarded and scientifically censored blocks are retained as audit counts but excluded from provider-capacity estimands; bootstrap assumes block-level exchangeability and does not remove temporal autocorrelation,successful_final_logical_outcomes_only,59.06367966440739,102.85475030945963,55.353453230753075,epoch/block-bootstrap-percentile,3,seconds,short_long,1.0,1.0,1.0,epoch/block-bootstrap-ratio-of-sums,"successful final logical outcomes / all scheduled open-loop arrivals; unlaunched, unknown, and failed arrivals remain in the denominator",3,proportion,1989.6167486753657,3316.547982213081,1065.791232881209,epoch/block-bootstrap-ratio-of-sums,3,tokens/minute,8988.287148289453,15132.133791763077,5187.312905761051,epoch/block-bootstrap-ratio-of-sums,3,tokens/minute,3.6854504474007834,6.137966654311686,1.9810245964334738,epoch/block-bootstrap-ratio-of-sums,3,requests/minute,0,3,"successful provider-reported tokens in complete-usage blocks / at least the full registered arrival window, extended through response drain; partial results may be biased if usage missingness is informative",complete,successful_final_logical_outcomes_with_observed_ttft_only,6.864640046027489,13.423283586482285,6.224407726345817,epoch/block-bootstrap-percentile,3,seconds,0,"{""request_ledger_join"":3}",uncontrolled_not_paired
"at least the full registered arrival window, extended through response drain",successful completion tokens / analysis-block wall-clock minute,successful_final_logical_outcomes_only,123.87969570447456,183.52282674689775,64.23656466205138,epoch/block-bootstrap-percentile,2,seconds,10.0,2,2,eligible_blocks_only,{},0,2.1215129530491343,4.398264109629985,1.3978955713771706,epoch/block-bootstrap-ratio-of-sums,2,requests/minute,1.0,1.0,1.0,epoch/block-bootstrap-ratio-of-sums,2,proportion,0.0,282.81703354092315,1,1.0,1.0,1.0,epoch/block-bootstrap-ratio-of-sums,2,proportion,2.1215129530491343,4.398264109629985,1.3978955713771706,epoch/block-bootstrap-ratio-of-sums,2,requests/minute,10,1,10,10,scheduled-arrival window,60.0,60.0,60.0,epoch/block-bootstrap-ratio-of-sums,2,requests/minute,1.0,confirmation_separator,2.1215129530491343,4.398264109629985,1.3978955713771706,epoch/block-bootstrap-ratio-of-sums,2,attempts/minute,1.0,1.0,1.0,epoch/block-bootstrap-ratio-of-sums,2,proportion,10,0,0,0,"all terminal provider send attempts, including intermediate retries; other_outcomes is the residual not decomposed by the epoch event schema",10,0,0,136.40851677046157,209.6083056150237,63.20872792589944,epoch/block-bootstrap-percentile,2,seconds,272.81703354092315,0.0,0.0,0.0,epoch/block-bootstrap-ratio-of-sums,2,quality-weighted successful tasks/minute,0,2,0.0,0.0,0.0,epoch/block-bootstrap-ratio-of-sums,2,proportion,complete,"{""request_ledger_join"":2}",282.81703354092315,10,10,mimo-v2.5-pro,capacity-eligible load epoch/block; launch-guarded and scientifically censored blocks are retained as audit counts but excluded from provider-capacity estimands; bootstrap assumes block-level exchangeability and does not remove temporal autocorrelation,successful_final_logical_outcomes_only,123.86991165230282,183.51348229602442,64.22634100858122,epoch/block-bootstrap-percentile,2,seconds,short_long,1.0,1.0,1.0,epoch/block-bootstrap-ratio-of-sums,"successful final logical outcomes / all scheduled open-loop arrivals; unlaunched, unknown, and failed arrivals remain in the denominator",2,proportion,2373.30331355634,,,single-block-no-CI,1,tokens/minute,9531.917978390104,,,single-block-no-CI,1,tokens/minute,2.1215129530491343,4.398264109629985,1.3978955713771706,epoch/block-bootstrap-ratio-of-sums,2,requests/minute,1,1,"successful provider-reported tokens in complete-usage blocks / at least the full registered arrival window, extended through response drain; partial results may be biased if usage missingness is informative",partial_complete_blocks_only,successful_final_logical_outcomes_with_observed_ttft_only,8.005519158800599,10.54615058603231,5.464887731568887,epoch/block-bootstrap-percentile,2,seconds,0,"{""request_ledger_join"":1,""successful_request_usage_incomplete"":1}",uncontrolled_not_paired
"at least the full registered arrival window, extended through response drain",successful completion tokens / analysis-block wall-clock minute,successful_final_logical_outcomes_only,3.188592890417204,,,single-block-no-CI,1,seconds,80.0,1,1,eligible_blocks_only,{},0,14.653443280785366,,,single-block-no-CI,1,requests/minute,1.0,,,single-block-no-CI,1,proportion,0.0,81.89201520802453,0,1.0,,,single-block-no-CI,1,proportion,14.653443280785366,,,single-block-no-CI,1,requests/minute,20,0,20,20,scheduled-arrival window,15.0,,,single-block-no-CI,1,requests/minute,0.25,baseline,14.653443280785366,,,single-block-no-CI,1,attempts/minute,1.0,,,single-block-no-CI,1,proportion,20,0,0,0,"all terminal provider send attempts, including intermediate retries; other_outcomes is the residual not decomposed by the epoch event schema",20,0,0,1.8920152080245316,,,single-block-no-CI,1,seconds,1.8920152080245316,2.930688656157073,,,single-block-no-CI,1,quality-weighted successful tasks/minute,0,1,0.2,,,single-block-no-CI,1,proportion,complete,"{""request_ledger_join"":1}",81.89201520802453,20,20,minimax-m2.5,capacity-eligible load epoch/block; launch-guarded and scientifically censored blocks are retained as audit counts but excluded from provider-capacity estimands; bootstrap assumes block-level exchangeability and does not remove temporal autocorrelation,successful_final_logical_outcomes_only,3.180017908738228,,,single-block-no-CI,1,seconds,short_short,1.0,,,single-block-no-CI,"successful final logical outcomes / all scheduled open-loop arrivals; unlaunched, unknown, and failed arrivals remain in the denominator",1,proportion,,,,epoch/block-bootstrap-ratio-of-sums,0,tokens/minute,,,,epoch/block-bootstrap-ratio-of-sums,0,tokens/minute,14.653443280785366,,,single-block-no-CI,1,requests/minute,1,0,"successful provider-reported tokens in complete-usage blocks / at least the full registered arrival window, extended through response drain; partial results may be biased if usage missingness is informative",censored_no_complete_usage_block,successful_final_logical_outcomes_with_observed_ttft_only,2.437576778023504,,,single-block-no-CI,1,seconds,0,"{""successful_request_usage_incomplete"":1}",uncontrolled_not_paired
"at least the full registered arrival window, extended through response drain",successful completion tokens / analysis-block wall-clock minute,successful_final_logical_outcomes_only,3.2452695882006113,,,single-block-no-CI,1,seconds,40.0,1,1,eligible_blocks_only,{},0,28.94551431500029,,,single-block-no-CI,1,requests/minute,1.0,,,single-block-no-CI,1,proportion,0.0,41.45720082707703,0,1.0,,,single-block-no-CI,1,proportion,28.94551431500029,,,single-block-no-CI,1,requests/minute,20,0,20,20,scheduled-arrival window,30.0,,,single-block-no-CI,1,requests/minute,0.5,baseline,28.94551431500029,,,single-block-no-CI,1,attempts/minute,1.0,,,single-block-no-CI,1,proportion,20,0,0,0,"all terminal provider send attempts, including intermediate retries; other_outcomes is the residual not decomposed by the epoch event schema",20,0,0,1.4572008270770311,,,single-block-no-CI,1,seconds,1.4572008270770311,8.683654294500087,,,single-block-no-CI,1,quality-weighted successful tasks/minute,0,1,0.3,,,single-block-no-CI,1,proportion,complete,"{""request_ledger_join"":1}",41.45720082707703,20,20,minimax-m2.5,capacity-eligible load epoch/block; launch-guarded and scientifically censored blocks are retained as audit counts but excluded from provider-capacity estimands; bootstrap assumes block-level exchangeability and does not remove temporal autocorrelation,successful_final_logical_outcomes_only,3.2383899823064013,,,single-block-no-CI,1,seconds,short_short,1.0,,,single-block-no-CI,"successful final logical outcomes / all scheduled open-loop arrivals; unlaunched, unknown, and failed arrivals remain in the denominator",1,proportion,,,,epoch/block-bootstrap-ratio-of-sums,0,tokens/minute,,,,epoch/block-bootstrap-ratio-of-sums,0,tokens/minute,28.94551431500029,,,single-block-no-CI,1,requests/minute,1,0,"successful provider-reported tokens in complete-usage blocks / at least the full registered arrival window, extended through response drain; partial results may be biased if usage missingness is informative",censored_no_complete_usage_block,successful_final_logical_outcomes_with_observed_ttft_only,2.4529279820562806,,,single-block-no-CI,1,seconds,0,"{""successful_request_usage_incomplete"":1}",uncontrolled_not_paired
"at least the full registered arrival window, extended through response drain",successful completion tokens / analysis-block wall-clock minute,successful_final_logical_outcomes_only,2.633855344692711,,,single-block-no-CI,1,seconds,20.0,1,1,eligible_blocks_only,{},0,54.707489331020135,,,single-block-no-CI,1,requests/minute,1.0,,,single-block-no-CI,1,proportion,0.0,21.9348395379493,0,1.0,,,single-block-no-CI,1,proportion,54.707489331020135,,,single-block-no-CI,1,requests/minute,20,0,20,20,scheduled-arrival window,60.0,,,single-block-no-CI,1,requests/minute,1.0,baseline,54.707489331020135,,,single-block-no-CI,1,attempts/minute,1.0,,,single-block-no-CI,1,proportion,20,0,0,0,"all terminal provider send attempts, including intermediate retries; other_outcomes is the residual not decomposed by the epoch event schema",20,0,0,1.9348395379493013,,,single-block-no-CI,1,seconds,1.9348395379493013,8.20612339965302,,,single-block-no-CI,1,quality-weighted successful tasks/minute,0,1,0.15,,,single-block-no-CI,1,proportion,complete,"{""request_ledger_join"":1}",21.9348395379493,20,20,minimax-m2.5,capacity-eligible load epoch/block; launch-guarded and scientifically censored blocks are retained as audit counts but excluded from provider-capacity estimands; bootstrap assumes block-level exchangeability and does not remove temporal autocorrelation,successful_final_logical_outcomes_only,2.6271535257692453,,,single-block-no-CI,1,seconds,short_short,1.0,,,single-block-no-CI,"successful final logical outcomes / all scheduled open-loop arrivals; unlaunched, unknown, and failed arrivals remain in the denominator",1,proportion,,,,epoch/block-bootstrap-ratio-of-sums,0,tokens/minute,,,,epoch/block-bootstrap-ratio-of-sums,0,tokens/minute,54.707489331020135,,,single-block-no-CI,1,requests/minute,1,0,"successful provider-reported tokens in complete-usage blocks / at least the full registered arrival window, extended through response drain; partial results may be biased if usage missingness is informative",censored_no_complete_usage_block,successful_final_logical_outcomes_with_observed_ttft_only,2.0153461604495533,,,single-block-no-CI,1,seconds,0,"{""successful_request_usage_incomplete"":1}",uncontrolled_not_paired
"at least the full registered arrival window, extended through response drain",successful completion tokens / analysis-block wall-clock minute,successful_final_logical_outcomes_only,96.6757043801772,,,single-block-no-CI,1,seconds,80.0,1,1,eligible_blocks_only,{},0,8.646652929862512,,,single-block-no-CI,1,requests/minute,1.0,,,single-block-no-CI,1,proportion,0.0,138.782024643966,0,1.0,,,single-block-no-CI,1,proportion,8.646652929862512,,,single-block-no-CI,1,requests/minute,20,0,20,20,scheduled-arrival window,15.0,,,single-block-no-CI,1,requests/minute,0.25,baseline,8.646652929862512,,,single-block-no-CI,1,attempts/minute,1.0,,,single-block-no-CI,1,proportion,20,0,0,0,"all terminal provider send attempts, including intermediate retries; other_outcomes is the residual not decomposed by the epoch event schema",20,0,0,58.782024643966,,,single-block-no-CI,1,seconds,58.782024643966,0.0,,,single-block-no-CI,1,quality-weighted successful tasks/minute,0,1,0.0,,,single-block-no-CI,1,proportion,complete,"{""request_ledger_join"":1}",138.782024643966,20,20,nemotron-3-ultra-550b,capacity-eligible load epoch/block; launch-guarded and scientifically censored blocks are retained as audit counts but excluded from provider-capacity estimands; bootstrap assumes block-level exchangeability and does not remove temporal autocorrelation,successful_final_logical_outcomes_only,96.66217749721837,,,single-block-no-CI,1,seconds,long_short,1.0,,,single-block-no-CI,"successful final logical outcomes / all scheduled open-loop arrivals; unlaunched, unknown, and failed arrivals remain in the denominator",1,proportion,865063.039021025,,,single-block-no-CI,1,tokens/minute,1106.7715750224015,,,single-block-no-CI,1,tokens/minute,8.646652929862512,,,single-block-no-CI,1,requests/minute,0,1,"successful provider-reported tokens in complete-usage blocks / at least the full registered arrival window, extended through response drain; partial results may be biased if usage missingness is informative",complete,successful_final_logical_outcomes_with_observed_ttft_only,,,,epoch/block-bootstrap-percentile,0,seconds,0,"{""request_ledger_join"":1}",uncontrolled_not_paired
"at least the full registered arrival window, extended through response drain",successful completion tokens / analysis-block wall-clock minute,successful_final_logical_outcomes_only,110.56985161333577,,,single-block-no-CI,1,seconds,40.0,1,1,eligible_blocks_only,{},0,9.009851413414362,,,single-block-no-CI,1,requests/minute,1.0,,,single-block-no-CI,1,proportion,0.0,133.1875460469164,0,1.0,,,single-block-no-CI,1,proportion,9.009851413414362,,,single-block-no-CI,1,requests/minute,20,0,20,20,scheduled-arrival window,30.0,,,single-block-no-CI,1,requests/minute,0.5,baseline,9.009851413414362,,,single-block-no-CI,1,attempts/minute,1.0,,,single-block-no-CI,1,proportion,20,0,0,0,"all terminal provider send attempts, including intermediate retries; other_outcomes is the residual not decomposed by the epoch event schema",20,0,0,93.1875460469164,,,single-block-no-CI,1,seconds,93.1875460469164,0.0,,,single-block-no-CI,1,quality-weighted successful tasks/minute,0,1,0.0,,,single-block-no-CI,1,proportion,complete,"{""request_ledger_join"":1}",133.1875460469164,20,20,nemotron-3-ultra-550b,capacity-eligible load epoch/block; launch-guarded and scientifically censored blocks are retained as audit counts but excluded from provider-capacity estimands; bootstrap assumes block-level exchangeability and does not remove temporal autocorrelation,successful_final_logical_outcomes_only,110.55648374470766,,,single-block-no-CI,1,seconds,long_short,1.0,,,single-block-no-CI,"successful final logical outcomes / all scheduled open-loop arrivals; unlaunched, unknown, and failed arrivals remain in the denominator",1,proportion,,,,epoch/block-bootstrap-ratio-of-sums,0,tokens/minute,,,,epoch/block-bootstrap-ratio-of-sums,0,tokens/minute,9.009851413414362,,,single-block-no-CI,1,requests/minute,1,0,"successful provider-reported tokens in complete-usage blocks / at least the full registered arrival window, extended through response drain; partial results may be biased if usage missingness is informative",censored_no_complete_usage_block,successful_final_logical_outcomes_with_observed_ttft_only,,,,epoch/block-bootstrap-percentile,0,seconds,0,"{""successful_request_usage_incomplete"":1}",uncontrolled_not_paired
"at least the full registered arrival window, extended through response drain",successful completion tokens / analysis-block wall-clock minute,successful_final_logical_outcomes_only,124.06328826663666,,,single-block-no-CI,1,seconds,20.0,1,1,eligible_blocks_only,{},0,8.952372326471862,,,single-block-no-CI,1,requests/minute,1.0,,,single-block-no-CI,1,proportion,0.0,134.04268234595656,0,1.0,,,single-block-no-CI,1,proportion,8.952372326471862,,,single-block-no-CI,1,requests/minute,20,0,20,20,scheduled-arrival window,60.0,,,single-block-no-CI,1,requests/minute,1.0,baseline,8.952372326471862,,,single-block-no-CI,1,attempts/minute,1.0,,,single-block-no-CI,1,proportion,20,0,0,0,"all terminal provider send attempts, including intermediate retries; other_outcomes is the residual not decomposed by the epoch event schema",20,0,0,114.04268234595656,,,single-block-no-CI,1,seconds,114.04268234595656,0.0,,,single-block-no-CI,1,quality-weighted successful tasks/minute,0,1,0.0,,,single-block-no-CI,1,proportion,complete,"{""request_ledger_join"":1}",134.04268234595656,20,20,nemotron-3-ultra-550b,capacity-eligible load epoch/block; launch-guarded and scientifically censored blocks are retained as audit counts but excluded from provider-capacity estimands; bootstrap assumes block-level exchangeability and does not remove temporal autocorrelation,successful_final_logical_outcomes_only,124.04661696739494,,,single-block-no-CI,1,seconds,long_short,1.0,,,single-block-no-CI,"successful final logical outcomes / all scheduled open-loop arrivals; unlaunched, unknown, and failed arrivals remain in the denominator",1,proportion,895645.4608252733,,,single-block-no-CI,1,tokens/minute,1086.3703818173606,,,single-block-no-CI,1,tokens/minute,8.952372326471862,,,single-block-no-CI,1,requests/minute,0,1,"successful provider-reported tokens in complete-usage blocks / at least the full registered arrival window, extended through response drain; partial results may be biased if usage missingness is informative",complete,successful_final_logical_outcomes_with_observed_ttft_only,,,,epoch/block-bootstrap-percentile,0,seconds,0,"{""request_ledger_join"":1}",uncontrolled_not_paired
"at least the full registered arrival window, extended through response drain",successful completion tokens / analysis-block wall-clock minute,successful_final_logical_outcomes_only,36.76493840571493,,,single-block-no-CI,1,seconds,5.0,3,1,eligible_blocks_only,"{""zero_scheduled_poisson_arrivals"":2}",2,1.4939019102942763,,,single-block-no-CI,1,requests/minute,1.0,,,single-block-no-CI,1,proportion,0.0,40.16327952092979,1,1.0,,,single-block-no-CI,1,proportion,1.4939019102942763,,,single-block-no-CI,1,requests/minute,1,1,1,1,scheduled-arrival window,12.0,,,single-block-no-CI,1,requests/minute,0.25,aimd,1.4939019102942763,,,single-block-no-CI,1,attempts/minute,1.0,,,single-block-no-CI,1,proportion,1,0,0,0,"all terminal provider send attempts, including intermediate retries; other_outcomes is the residual not decomposed by the epoch event schema",1,0,0,35.16327952092979,,,single-block-no-CI,1,seconds,35.16327952092979,1.4939019102942763,,,single-block-no-CI,1,quality-weighted successful tasks/minute,0,1,1.0,,,single-block-no-CI,1,proportion,complete,"{""request_ledger_join"":1}",40.16327952092979,1,1,nemotron-3-ultra-550b,capacity-eligible load epoch/block; launch-guarded and scientifically censored blocks are retained as audit counts but excluded from provider-capacity estimands; bootstrap assumes block-level exchangeability and does not remove temporal autocorrelation,successful_final_logical_outcomes_only,36.751300667994656,,,single-block-no-CI,1,seconds,short_long,1.0,,,single-block-no-CI,"successful final logical outcomes / all scheduled open-loop arrivals; unlaunched, unknown, and failed arrivals remain in the denominator",1,proportion,455.64008263975427,,,single-block-no-CI,1,tokens/minute,6119.022224565356,,,single-block-no-CI,1,tokens/minute,1.4939019102942763,,,single-block-no-CI,1,requests/minute,0,1,"successful provider-reported tokens in complete-usage blocks / at least the full registered arrival window, extended through response drain; partial results may be biased if usage missingness is informative",complete,successful_final_logical_outcomes_with_observed_ttft_only,3.712230082019232,,,single-block-no-CI,1,seconds,0,"{""request_ledger_join"":1}",uncontrolled_not_paired
"at least the full registered arrival window, extended through response drain",successful completion tokens / analysis-block wall-clock minute,successful_final_logical_outcomes_only,53.41085595707409,,,single-block-no-CI,1,seconds,5.0,1,1,eligible_blocks_only,{},0,6.262794857277029,,,single-block-no-CI,1,requests/minute,1.0,,,single-block-no-CI,1,proportion,0.0,57.48232349997852,1,1.0,,,single-block-no-CI,1,proportion,6.262794857277029,,,single-block-no-CI,1,requests/minute,6,1,6,6,scheduled-arrival window,72.0,,,single-block-no-CI,1,requests/minute,0.5,aimd,6.262794857277029,,,single-block-no-CI,1,attempts/minute,1.0,,,single-block-no-CI,1,proportion,6,0,0,0,"all terminal provider send attempts, including intermediate retries; other_outcomes is the residual not decomposed by the epoch event schema",6,0,0,52.48232349997852,,,single-block-no-CI,1,seconds,52.48232349997852,6.262794857277029,,,single-block-no-CI,1,quality-weighted successful tasks/minute,0,1,1.0,,,single-block-no-CI,1,proportion,complete,"{""request_ledger_join"":1}",57.48232349997852,6,6,nemotron-3-ultra-550b,capacity-eligible load epoch/block; launch-guarded and scientifically censored blocks are retained as audit counts but excluded from provider-capacity estimands; bootstrap assumes block-level exchangeability and does not remove temporal autocorrelation,successful_final_logical_outcomes_only,53.400647424015915,,,single-block-no-CI,1,seconds,short_long,1.0,,,single-block-no-CI,"successful final logical outcomes / all scheduled open-loop arrivals; unlaunched, unknown, and failed arrivals remain in the denominator",1,proportion,1900.7582391835783,,,single-block-no-CI,1,tokens/minute,25652.407735406712,,,single-block-no-CI,1,tokens/minute,6.262794857277029,,,single-block-no-CI,1,requests/minute,0,1,"successful provider-reported tokens in complete-usage blocks / at least the full registered arrival window, extended through response drain; partial results may be biased if usage missingness is informative",complete,successful_final_logical_outcomes_with_observed_ttft_only,7.312704344541999,,,single-block-no-CI,1,seconds,0,"{""request_ledger_join"":1}",uncontrolled_not_paired
"at least the full registered arrival window, extended through response drain",successful completion tokens / analysis-block wall-clock minute,successful_final_logical_outcomes_only,45.801253895001715,59.4127613310935,37.209848053753376,epoch/block-bootstrap-percentile,5,seconds,25.0,5,5,eligible_blocks_only,{},0,5.584968094705239,7.511811134464323,3.538499650939734,epoch/block-bootstrap-ratio-of-sums,5,requests/minute,1.0,1.0,1.0,epoch/block-bootstrap-ratio-of-sums,5,proportion,0.0,257.8349554700544,5,1.0,1.0,1.0,epoch/block-bootstrap-ratio-of-sums,5,proportion,5.584968094705239,7.511811134464323,3.538499650939734,epoch/block-bootstrap-ratio-of-sums,5,requests/minute,24,5,24,24,scheduled-arrival window,57.6,88.8,31.2,epoch/block-bootstrap-ratio-of-sums,5,requests/minute,1.0,aimd,5.584968094705239,7.511811134464323,3.538499650939734,epoch/block-bootstrap-ratio-of-sums,5,attempts/minute,1.0,1.0,1.0,epoch/block-bootstrap-ratio-of-sums,5,proportion,24,0,0,0,"all terminal provider send attempts, including intermediate retries; other_outcomes is the residual not decomposed by the epoch event schema",24,0,0,43.984534380957484,57.983276101062074,34.3622830620734,epoch/block-bootstrap-percentile,5,seconds,232.8349554700544,5.584968094705239,7.511811134464323,3.538499650939734,epoch/block-bootstrap-ratio-of-sums,5,quality-weighted successful tasks/minute,0,5,1.0,1.0,1.0,epoch/block-bootstrap-ratio-of-sums,5,proportion,complete,"{""request_ledger_join"":5}",257.8349554700544,24,24,nemotron-3-ultra-550b,capacity-eligible load epoch/block; launch-guarded and scientifically censored blocks are retained as audit counts but excluded from provider-capacity estimands; bootstrap assumes block-level exchangeability and does not remove temporal autocorrelation,successful_final_logical_outcomes_only,45.787011759582676,59.40233561918139,37.197276170016266,epoch/block-bootstrap-percentile,5,seconds,short_long,1.0,1.0,1.0,epoch/block-bootstrap-ratio-of-sums,"successful final logical outcomes / all scheduled open-loop arrivals; unlaunched, unknown, and failed arrivals remain in the denominator",5,proportion,1702.9498548772058,2290.290308321406,1078.9702012557773,epoch/block-bootstrap-ratio-of-sums,5,tokens/minute,22607.718140362864,30319.90297984609,14349.97704596483,epoch/block-bootstrap-ratio-of-sums,5,tokens/minute,5.584968094705239,7.511811134464323,3.538499650939734,epoch/block-bootstrap-ratio-of-sums,5,requests/minute,0,5,"successful provider-reported tokens in complete-usage blocks / at least the full registered arrival window, extended through response drain; partial results may be biased if usage missingness is informative",complete,successful_final_logical_outcomes_with_observed_ttft_only,6.4243661279790105,9.992755135754123,3.9096014730166644,epoch/block-bootstrap-percentile,5,seconds,0,"{""request_ledger_join"":5}",uncontrolled_not_paired
"at least the full registered arrival window, extended through response drain",successful completion tokens / analysis-block wall-clock minute,successful_final_logical_outcomes_only,70.2430310938973,,,single-block-no-CI,1,seconds,20.0,1,1,eligible_blocks_only,{},0,14.58104323043156,,,single-block-no-CI,1,requests/minute,1.0,,,single-block-no-CI,1,proportion,0.0,82.29863810399547,1,1.0,,,single-block-no-CI,1,proportion,14.58104323043156,,,single-block-no-CI,1,requests/minute,20,1,20,20,scheduled-arrival window,60.0,,,single-block-no-CI,1,requests/minute,1.0,baseline,14.58104323043156,,,single-block-no-CI,1,attempts/minute,1.0,,,single-block-no-CI,1,proportion,20,0,0,0,"all terminal provider send attempts, including intermediate retries; other_outcomes is the residual not decomposed by the epoch event schema",20,0,0,62.29863810399547,,,single-block-no-CI,1,seconds,62.29863810399547,11.664834584345249,,,single-block-no-CI,1,quality-weighted successful tasks/minute,0,1,0.8,,,single-block-no-CI,1,proportion,complete,"{""request_ledger_join"":1}",82.29863810399547,20,20,nemotron-3-ultra-550b,capacity-eligible load epoch/block; launch-guarded and scientifically censored blocks are retained as audit counts but excluded from provider-capacity estimands; bootstrap assumes block-level exchangeability and does not remove temporal autocorrelation,successful_final_logical_outcomes_only,70.23264273449895,,,single-block-no-CI,1,seconds,short_long,1.0,,,single-block-no-CI,"successful final logical outcomes / all scheduled open-loop arrivals; unlaunched, unknown, and failed arrivals remain in the denominator",1,proportion,4445.031028797061,,,single-block-no-CI,1,tokens/minute,52476.44553416166,,,single-block-no-CI,1,tokens/minute,14.58104323043156,,,single-block-no-CI,1,requests/minute,0,1,"successful provider-reported tokens in complete-usage blocks / at least the full registered arrival window, extended through response drain; partial results may be biased if usage missingness is informative",complete,successful_final_logical_outcomes_with_observed_ttft_only,10.3799696686503,,,single-block-no-CI,1,seconds,0,"{""request_ledger_join"":1}",uncontrolled_not_paired
"at least the full registered arrival window, extended through response drain",successful completion tokens / analysis-block wall-clock minute,successful_final_logical_outcomes_only,54.64729254918639,54.8758261090552,47.14181382481474,epoch/block-bootstrap-percentile,3,seconds,15.0,3,3,eligible_blocks_only,{},0,4.626095688985808,6.198345000131371,3.52830981266567,epoch/block-bootstrap-ratio-of-sums,3,requests/minute,1.0,1.0,1.0,epoch/block-bootstrap-ratio-of-sums,3,proportion,0.0,168.60870428103954,3,1.0,1.0,1.0,epoch/block-bootstrap-ratio-of-sums,3,proportion,4.626095688985808,6.198345000131371,3.52830981266567,epoch/block-bootstrap-ratio-of-sums,3,requests/minute,13,3,13,13,scheduled-arrival window,52.0,72.0,36.0,epoch/block-bootstrap-ratio-of-sums,3,requests/minute,1.0,confirmation,4.626095688985808,6.198345000131371,3.52830981266567,epoch/block-bootstrap-ratio-of-sums,3,attempts/minute,1.0,1.0,1.0,epoch/block-bootstrap-ratio-of-sums,3,proportion,13,0,0,0,"all terminal provider send attempts, including intermediate retries; other_outcomes is the residual not decomposed by the epoch event schema",13,0,0,53.08001974597573,54.512756354990415,46.01592818007339,epoch/block-bootstrap-percentile,3,seconds,153.60870428103954,4.2702421744484385,5.165287500109476,3.52830981266567,epoch/block-bootstrap-ratio-of-sums,3,quality-weighted successful tasks/minute,0,3,0.9230769230769231,1.0,0.8333333333333334,epoch/block-bootstrap-ratio-of-sums,3,proportion,complete,"{""request_ledger_join"":3}",168.60870428103954,13,13,nemotron-3-ultra-550b,capacity-eligible load epoch/block; launch-guarded and scientifically censored blocks are retained as audit counts but excluded from provider-capacity estimands; bootstrap assumes block-level exchangeability and does not remove temporal autocorrelation,successful_final_logical_outcomes_only,54.63779398057377,54.866139665740775,47.132150486181494,epoch/block-bootstrap-percentile,3,seconds,short_long,1.0,1.0,1.0,epoch/block-bootstrap-ratio-of-sums,"successful final logical outcomes / all scheduled open-loop arrivals; unlaunched, unknown, and failed arrivals remain in the denominator",3,proportion,1410.2474781115968,1892.561340040112,1074.9583895921405,epoch/block-bootstrap-ratio-of-sums,3,tokens/minute,18443.887658471882,23923.54558550705,14451.956992678584,epoch/block-bootstrap-ratio-of-sums,3,tokens/minute,4.626095688985808,6.198345000131371,3.52830981266567,epoch/block-bootstrap-ratio-of-sums,3,requests/minute,0,3,"successful provider-reported tokens in complete-usage blocks / at least the full registered arrival window, extended through response drain; partial results may be biased if usage missingness is informative",complete,successful_final_logical_outcomes_with_observed_ttft_only,6.9524468700052235,7.906484195496887,5.261631111335009,epoch/block-bootstrap-percentile,3,seconds,0,"{""request_ledger_join"":3}",uncontrolled_not_paired
"at least the full registered arrival window, extended through response drain",successful completion tokens / analysis-block wall-clock minute,successful_final_logical_outcomes_only,52.59810002923477,53.143885741266416,52.05231431720313,epoch/block-bootstrap-percentile,2,seconds,10.0,2,2,eligible_blocks_only,{},0,5.335655951434179,5.361998209519839,5.309571254861278,epoch/block-bootstrap-ratio-of-sums,2,requests/minute,1.0,1.0,1.0,epoch/block-bootstrap-ratio-of-sums,2,proportion,0.0,112.45102860103361,2,1.0,1.0,1.0,epoch/block-bootstrap-ratio-of-sums,2,proportion,5.335655951434179,5.361998209519839,5.309571254861278,epoch/block-bootstrap-ratio-of-sums,2,requests/minute,10,2,10,10,scheduled-arrival window,60.0,60.0,60.0,epoch/block-bootstrap-ratio-of-sums,2,requests/minute,1.0,confirmation_separator,5.335655951434179,5.361998209519839,5.309571254861278,epoch/block-bootstrap-ratio-of-sums,2,attempts/minute,1.0,1.0,1.0,epoch/block-bootstrap-ratio-of-sums,2,proportion,10,0,0,0,"all terminal provider send attempts, including intermediate retries; other_outcomes is the residual not decomposed by the epoch event schema",10,0,0,51.22551430051681,51.50173725897912,50.949291342054494,epoch/block-bootstrap-percentile,2,seconds,102.45102860103361,5.335655951434179,5.361998209519839,5.309571254861278,epoch/block-bootstrap-ratio-of-sums,2,quality-weighted successful tasks/minute,0,2,1.0,1.0,1.0,epoch/block-bootstrap-ratio-of-sums,2,proportion,complete,"{""request_ledger_join"":2}",112.45102860103361,10,10,nemotron-3-ultra-550b,capacity-eligible load epoch/block; launch-guarded and scientifically censored blocks are retained as audit counts but excluded from provider-capacity estimands; bootstrap assumes block-level exchangeability and does not remove temporal autocorrelation,successful_final_logical_outcomes_only,52.58805205357494,53.13438081438653,52.04172329276334,epoch/block-bootstrap-percentile,2,seconds,short_long,1.0,1.0,1.0,epoch/block-bootstrap-ratio-of-sums,"successful final logical outcomes / all scheduled open-loop arrivals; unlaunched, unknown, and failed arrivals remain in the denominator",2,proportion,1624.173671616564,1631.119855335935,1617.2954042307454,epoch/block-bootstrap-ratio-of-sums,2,tokens/minute,21445.06840000425,21748.003859911794,21139.141741211013,epoch/block-bootstrap-ratio-of-sums,2,tokens/minute,5.335655951434179,5.361998209519839,5.309571254861278,epoch/block-bootstrap-ratio-of-sums,2,requests/minute,0,2,"successful provider-reported tokens in complete-usage blocks / at least the full registered arrival window, extended through response drain; partial results may be biased if usage missingness is informative",complete,successful_final_logical_outcomes_with_observed_ttft_only,5.601636106253135,5.7808706847717986,5.422401527734473,epoch/block-bootstrap-percentile,2,seconds,0,"{""request_ledger_join"":2}",uncontrolled_not_paired
"at least the full registered arrival window, extended through response drain",successful completion tokens / analysis-block wall-clock minute,successful_final_logical_outcomes_only,36.38765879061538,,,single-block-no-CI,1,seconds,80.0,1,1,eligible_blocks_only,{},0,11.94021733358762,,,single-block-no-CI,1,requests/minute,1.0,,,single-block-no-CI,1,proportion,0.0,100.50068323500454,0,1.0,,,single-block-no-CI,1,proportion,11.94021733358762,,,single-block-no-CI,1,requests/minute,20,0,20,7,scheduled-arrival window,15.0,,,single-block-no-CI,1,requests/minute,0.25,baseline,19.701358600419574,,,single-block-no-CI,1,attempts/minute,0.21212121212121213,,,single-block-no-CI,1,proportion,33,0,26,0,"all terminal provider send attempts, including intermediate retries; other_outcomes is the residual not decomposed by the epoch event schema",7,0,0,20.500683235004544,,,single-block-no-CI,1,seconds,20.500683235004544,0.0,,,single-block-no-CI,1,quality-weighted successful tasks/minute,0,1,0.0,,,single-block-no-CI,1,proportion,complete,"{""request_ledger_join"":1}",100.50068323500454,20,7,nvidia-nemotron-3-super-120b,capacity-eligible load epoch/block; launch-guarded and scientifically censored blocks are retained as audit counts but excluded from provider-capacity estimands; bootstrap assumes block-level exchangeability and does not remove temporal autocorrelation,successful_final_logical_outcomes_only,36.37178461038275,,,single-block-no-CI,1,seconds,long_short,0.35,,,single-block-no-CI,"successful final logical outcomes / all scheduled open-loop arrivals; unlaunched, unknown, and failed arrivals remain in the denominator",1,proportion,418095.068087704,,,single-block-no-CI,1,tokens/minute,534.9217365447254,,,single-block-no-CI,1,tokens/minute,4.179076066755667,,,single-block-no-CI,1,requests/minute,0,1,"successful provider-reported tokens in complete-usage blocks / at least the full registered arrival window, extended through response drain; partial results may be biased if usage missingness is informative",complete,successful_final_logical_outcomes_with_observed_ttft_only,,,,epoch/block-bootstrap-percentile,0,seconds,0,"{""request_ledger_join"":1}",uncontrolled_not_paired
"at least the full registered arrival window, extended through response drain",successful completion tokens / analysis-block wall-clock minute,successful_final_logical_outcomes_only,33.1898013809463,,,single-block-no-CI,1,seconds,40.0,1,1,eligible_blocks_only,{},0,21.000176240468292,,,single-block-no-CI,1,requests/minute,1.0,,,single-block-no-CI,1,proportion,0.0,57.1423775809817,0,1.0,,,single-block-no-CI,1,proportion,21.000176240468292,,,single-block-no-CI,1,requests/minute,20,0,20,5,scheduled-arrival window,30.0,,,single-block-no-CI,1,requests/minute,0.5,baseline,37.80031723284293,,,single-block-no-CI,1,attempts/minute,0.1388888888888889,,,single-block-no-CI,1,proportion,36,0,31,0,"all terminal provider send attempts, including intermediate retries; other_outcomes is the residual not decomposed by the epoch event schema",5,0,0,17.1423775809817,,,single-block-no-CI,1,seconds,17.1423775809817,0.0,,,single-block-no-CI,1,quality-weighted successful tasks/minute,0,1,0.0,,,single-block-no-CI,1,proportion,complete,"{""request_ledger_join"":1}",57.1423775809817,20,5,nvidia-nemotron-3-super-120b,capacity-eligible load epoch/block; launch-guarded and scientifically censored blocks are retained as audit counts but excluded from provider-capacity estimands; bootstrap assumes block-level exchangeability and does not remove temporal autocorrelation,successful_final_logical_outcomes_only,33.17534838758874,,,single-block-no-CI,1,seconds,long_short,0.25,,,single-block-no-CI,"successful final logical outcomes / all scheduled open-loop arrivals; unlaunched, unknown, and failed arrivals remain in the denominator",1,proportion,525251.1580825328,,,single-block-no-CI,1,tokens/minute,672.0056396949853,,,single-block-no-CI,1,tokens/minute,5.250044060117073,,,single-block-no-CI,1,requests/minute,0,1,"successful provider-reported tokens in complete-usage blocks / at least the full registered arrival window, extended through response drain; partial results may be biased if usage missingness is informative",complete,successful_final_logical_outcomes_with_observed_ttft_only,,,,epoch/block-bootstrap-percentile,0,seconds,0,"{""request_ledger_join"":1}",uncontrolled_not_paired
"at least the full registered arrival window, extended through response drain",successful completion tokens / analysis-block wall-clock minute,successful_final_logical_outcomes_only,27.619379129575098,,,single-block-no-CI,1,seconds,20.0,1,1,eligible_blocks_only,{},0,33.63638366764891,,,single-block-no-CI,1,requests/minute,1.0,,,single-block-no-CI,1,proportion,0.0,35.67565442994237,0,1.0,,,single-block-no-CI,1,proportion,33.63638366764891,,,single-block-no-CI,1,requests/minute,20,0,20,3,scheduled-arrival window,60.0,,,single-block-no-CI,1,requests/minute,1.0,baseline,63.909128968532926,,,single-block-no-CI,1,attempts/minute,0.07894736842105263,,,single-block-no-CI,1,proportion,38,0,35,0,"all terminal provider send attempts, including intermediate retries; other_outcomes is the residual not decomposed by the epoch event schema",3,0,0,15.67565442994237,,,single-block-no-CI,1,seconds,15.67565442994237,0.0,,,single-block-no-CI,1,quality-weighted successful tasks/minute,0,1,0.0,,,single-block-no-CI,1,proportion,complete,"{""request_ledger_join"":1}",35.67565442994237,20,3,nvidia-nemotron-3-super-120b,capacity-eligible load epoch/block; launch-guarded and scientifically censored blocks are retained as audit counts but excluded from provider-capacity estimands; bootstrap assumes block-level exchangeability and does not remove temporal autocorrelation,successful_final_logical_outcomes_only,27.49913076731609,,,single-block-no-CI,1,seconds,long_short,0.15,,,single-block-no-CI,"successful final logical outcomes / all scheduled open-loop arrivals; unlaunched, unknown, and failed arrivals remain in the denominator",1,proportion,504782.8915195906,,,single-block-no-CI,1,tokens/minute,645.8185664188591,,,single-block-no-CI,1,tokens/minute,5.045457550147336,,,single-block-no-CI,1,requests/minute,0,1,"successful provider-reported tokens in complete-usage blocks / at least the full registered arrival window, extended through response drain; partial results may be biased if usage missingness is informative",complete,successful_final_logical_outcomes_with_observed_ttft_only,,,,epoch/block-bootstrap-percentile,0,seconds,0,"{""request_ledger_join"":1}",uncontrolled_not_paired
"at least the full registered arrival window, extended through response drain",successful completion tokens / analysis-block wall-clock minute,successful_final_logical_outcomes_only,18.589456076355415,,,single-block-no-CI,1,seconds,80.0,1,1,eligible_blocks_only,{},0,14.999752928745385,,,single-block-no-CI,1,requests/minute,1.0,,,single-block-no-CI,1,proportion,0.0,80.00131773506291,0,1.0,,,single-block-no-CI,1,proportion,14.999752928745385,,,single-block-no-CI,1,requests/minute,20,0,20,2,scheduled-arrival window,15.0,,,single-block-no-CI,1,requests/minute,0.25,baseline,29.2495182110535,,,single-block-no-CI,1,attempts/minute,0.05128205128205128,,,single-block-no-CI,1,proportion,39,0,37,0,"all terminal provider send attempts, including intermediate retries; other_outcomes is the residual not decomposed by the epoch event schema",2,0,0,0.0013177350629121065,,,single-block-no-CI,1,seconds,0.0013177350629121065,1.4999752928745385,,,single-block-no-CI,1,quality-weighted successful tasks/minute,0,1,0.1,,,single-block-no-CI,1,proportion,complete,"{""request_ledger_join"":1}",80.00131773506291,20,2,nvidia-nemotron-3-super-120b,capacity-eligible load epoch/block; launch-guarded and scientifically censored blocks are retained as audit counts but excluded from provider-capacity estimands; bootstrap assumes block-level exchangeability and does not remove temporal autocorrelation,successful_final_logical_outcomes_only,17.726521510508608,,,single-block-no-CI,1,seconds,short_short,0.1,,,single-block-no-CI,"successful final logical outcomes / all scheduled open-loop arrivals; unlaunched, unknown, and failed arrivals remain in the denominator",1,proportion,437.24279787292795,,,single-block-no-CI,1,tokens/minute,86.99856698672323,,,single-block-no-CI,1,tokens/minute,1.4999752928745385,,,single-block-no-CI,1,requests/minute,0,1,"successful provider-reported tokens in complete-usage blocks / at least the full registered arrival window, extended through response drain; partial results may be biased if usage missingness is informative",complete,successful_final_logical_outcomes_with_observed_ttft_only,17.246089276962447,,,single-block-no-CI,1,seconds,0,"{""request_ledger_join"":1}",uncontrolled_not_paired
"at least the full registered arrival window, extended through response drain",successful completion tokens / analysis-block wall-clock minute,successful_final_logical_outcomes_only,,,,epoch/block-bootstrap-percentile,0,seconds,40.0,1,1,eligible_blocks_only,{},0,29.85846096109039,,,single-block-no-CI,1,requests/minute,1.0,,,single-block-no-CI,1,proportion,0.0,40.18961330805905,0,1.0,,,single-block-no-CI,1,proportion,29.85846096109039,,,single-block-no-CI,1,requests/minute,20,0,20,0,scheduled-arrival window,30.0,,,single-block-no-CI,1,requests/minute,0.5,baseline,59.71692192218078,,,single-block-no-CI,1,attempts/minute,0.0,,,single-block-no-CI,1,proportion,40,0,40,0,"all terminal provider send attempts, including intermediate retries; other_outcomes is the residual not decomposed by the epoch event schema",0,0,0,0.18961330805905163,,,single-block-no-CI,1,seconds,0.18961330805905163,0.0,,,single-block-no-CI,1,quality-weighted successful tasks/minute,0,1,0.0,,,single-block-no-CI,1,proportion,complete,"{""request_ledger_join"":1}",40.18961330805905,20,0,nvidia-nemotron-3-super-120b,capacity-eligible load epoch/block; launch-guarded and scientifically censored blocks are retained as audit counts but excluded from provider-capacity estimands; bootstrap assumes block-level exchangeability and does not remove temporal autocorrelation,successful_final_logical_outcomes_only,,,,epoch/block-bootstrap-percentile,0,seconds,short_short,0.0,,,single-block-no-CI,"successful final logical outcomes / all scheduled open-loop arrivals; unlaunched, unknown, and failed arrivals remain in the denominator",1,proportion,0.0,,,single-block-no-CI,1,tokens/minute,0.0,,,single-block-no-CI,1,tokens/minute,0.0,,,single-block-no-CI,1,requests/minute,0,1,"successful provider-reported tokens in complete-usage blocks / at least the full registered arrival window, extended through response drain; partial results may be biased if usage missingness is informative",complete,successful_final_logical_outcomes_with_observed_ttft_only,,,,epoch/block-bootstrap-percentile,0,seconds,0,"{""request_ledger_join"":1}",uncontrolled_not_paired
"at least the full registered arrival window, extended through response drain",successful completion tokens / analysis-block wall-clock minute,successful_final_logical_outcomes_only,20.4374462795211,,,single-block-no-CI,1,seconds,20.0,1,1,eligible_blocks_only,{},0,41.017500117561575,,,single-block-no-CI,1,requests/minute,1.0,,,single-block-no-CI,1,proportion,0.0,29.25580536504276,0,1.0,,,single-block-no-CI,1,proportion,41.017500117561575,,,single-block-no-CI,1,requests/minute,20,0,20,3,scheduled-arrival window,60.0,,,single-block-no-CI,1,requests/minute,1.0,baseline,77.933250223367,,,single-block-no-CI,1,attempts/minute,0.07894736842105263,,,single-block-no-CI,1,proportion,38,0,35,0,"all terminal provider send attempts, including intermediate retries; other_outcomes is the residual not decomposed by the epoch event schema",3,0,0,9.255805365042761,,,single-block-no-CI,1,seconds,9.255805365042761,6.152625017634236,,,single-block-no-CI,1,quality-weighted successful tasks/minute,0,1,0.15,,,single-block-no-CI,1,proportion,complete,"{""request_ledger_join"":1}",29.25580536504276,20,3,nvidia-nemotron-3-super-120b,capacity-eligible load epoch/block; launch-guarded and scientifically censored blocks are retained as audit counts but excluded from provider-capacity estimands; bootstrap assumes block-level exchangeability and does not remove temporal autocorrelation,successful_final_logical_outcomes_only,20.35729803012218,,,single-block-no-CI,1,seconds,short_short,0.15,,,single-block-no-CI,"successful final logical outcomes / all scheduled open-loop arrivals; unlaunched, unknown, and failed arrivals remain in the denominator",1,proportion,1790.4138801315628,,,single-block-no-CI,1,tokens/minute,434.7855012461527,,,single-block-no-CI,1,tokens/minute,6.152625017634236,,,single-block-no-CI,1,requests/minute,0,1,"successful provider-reported tokens in complete-usage blocks / at least the full registered arrival window, extended through response drain; partial results may be biased if usage missingness is informative",complete,successful_final_logical_outcomes_with_observed_ttft_only,19.792779611062723,,,single-block-no-CI,1,seconds,0,"{""request_ledger_join"":1}",uncontrolled_not_paired
"at least the full registered arrival window, extended through response drain",successful completion tokens / analysis-block wall-clock minute,successful_final_logical_outcomes_only,13.565563690062845,,,single-block-no-CI,1,seconds,80.0,1,1,eligible_blocks_only,{},0,13.281263171964651,,,single-block-no-CI,1,requests/minute,1.0,,,single-block-no-CI,1,proportion,0.0,90.35285156709142,0,1.0,,,single-block-no-CI,1,proportion,13.281263171964651,,,single-block-no-CI,1,requests/minute,20,0,20,20,scheduled-arrival window,15.0,,,single-block-no-CI,1,requests/minute,0.25,baseline,13.281263171964651,,,single-block-no-CI,1,attempts/minute,1.0,,,single-block-no-CI,1,proportion,20,0,0,0,"all terminal provider send attempts, including intermediate retries; other_outcomes is the residual not decomposed by the epoch event schema",20,0,0,10.35285156709142,,,single-block-no-CI,1,seconds,10.35285156709142,0.0,,,single-block-no-CI,1,quality-weighted successful tasks/minute,0,1,0.0,,,single-block-no-CI,1,proportion,complete,"{""request_ledger_join"":1}",90.35285156709142,20,20,openai-gpt-oss-120b,capacity-eligible load epoch/block; launch-guarded and scientifically censored blocks are retained as audit counts but excluded from provider-capacity estimands; bootstrap assumes block-level exchangeability and does not remove temporal autocorrelation,successful_final_logical_outcomes_only,13.552115531580057,,,single-block-no-CI,1,seconds,long_short,1.0,,,single-block-no-CI,"successful final logical outcomes / all scheduled open-loop arrivals; unlaunched, unknown, and failed arrivals remain in the denominator",1,proportion,1328867.411681461,,,single-block-no-CI,1,tokens/minute,1688.0485491567074,,,single-block-no-CI,1,tokens/minute,13.281263171964651,,,single-block-no-CI,1,requests/minute,0,1,"successful provider-reported tokens in complete-usage blocks / at least the full registered arrival window, extended through response drain; partial results may be biased if usage missingness is informative",complete,successful_final_logical_outcomes_with_observed_ttft_only,11.998087076004595,,,single-block-no-CI,1,seconds,0,"{""request_ledger_join"":1}",uncontrolled_not_paired
"at least the full registered arrival window, extended through response drain",successful completion tokens / analysis-block wall-clock minute,successful_final_logical_outcomes_only,21.872384551487634,,,single-block-no-CI,1,seconds,40.0,1,1,eligible_blocks_only,{},0,21.02098005916865,,,single-block-no-CI,1,requests/minute,1.0,,,single-block-no-CI,1,proportion,0.0,57.08582552394364,0,1.0,,,single-block-no-CI,1,proportion,21.02098005916865,,,single-block-no-CI,1,requests/minute,20,0,20,20,scheduled-arrival window,30.0,,,single-block-no-CI,1,requests/minute,0.5,baseline,21.02098005916865,,,single-block-no-CI,1,attempts/minute,1.0,,,single-block-no-CI,1,proportion,20,0,0,0,"all terminal provider send attempts, including intermediate retries; other_outcomes is the residual not decomposed by the epoch event schema",20,0,0,17.08582552394364,,,single-block-no-CI,1,seconds,17.08582552394364,0.0,,,single-block-no-CI,1,quality-weighted successful tasks/minute,0,1,0.0,,,single-block-no-CI,1,proportion,complete,"{""request_ledger_join"":1}",57.08582552394364,20,20,openai-gpt-oss-120b,capacity-eligible load epoch/block; launch-guarded and scientifically censored blocks are retained as audit counts but excluded from provider-capacity estimands; bootstrap assumes block-level exchangeability and does not remove temporal autocorrelation,successful_final_logical_outcomes_only,21.86075586791267,,,single-block-no-CI,1,seconds,long_short,1.0,,,single-block-no-CI,"successful final logical outcomes / all scheduled open-loop arrivals; unlaunched, unknown, and failed arrivals remain in the denominator",1,proportion,2103239.4451340777,,,single-block-no-CI,1,tokens/minute,2578.223204257035,,,single-block-no-CI,1,tokens/minute,21.02098005916865,,,single-block-no-CI,1,requests/minute,0,1,"successful provider-reported tokens in complete-usage blocks / at least the full registered arrival window, extended through response drain; partial results may be biased if usage missingness is informative",complete,successful_final_logical_outcomes_with_observed_ttft_only,8.614118385012262,,,single-block-no-CI,1,seconds,0,"{""request_ledger_join"":1}",uncontrolled_not_paired
"at least the full registered arrival window, extended through response drain",successful completion tokens / analysis-block wall-clock minute,successful_final_logical_outcomes_only,28.977948167151773,,,single-block-no-CI,1,seconds,20.0,1,1,eligible_blocks_only,{},0,34.632148683288676,,,single-block-no-CI,1,requests/minute,1.0,,,single-block-no-CI,1,proportion,0.0,34.64988588995766,0,1.0,,,single-block-no-CI,1,proportion,34.632148683288676,,,single-block-no-CI,1,requests/minute,20,0,20,20,scheduled-arrival window,60.0,,,single-block-no-CI,1,requests/minute,1.0,baseline,34.632148683288676,,,single-block-no-CI,1,attempts/minute,1.0,,,single-block-no-CI,1,proportion,20,0,0,0,"all terminal provider send attempts, including intermediate retries; other_outcomes is the residual not decomposed by the epoch event schema",20,0,0,14.649885889957659,,,single-block-no-CI,1,seconds,14.649885889957659,0.0,,,single-block-no-CI,1,quality-weighted successful tasks/minute,0,1,0.0,,,single-block-no-CI,1,proportion,complete,"{""request_ledger_join"":1}",34.64988588995766,20,20,openai-gpt-oss-120b,capacity-eligible load epoch/block; launch-guarded and scientifically censored blocks are retained as audit counts but excluded from provider-capacity estimands; bootstrap assumes block-level exchangeability and does not remove temporal autocorrelation,successful_final_logical_outcomes_only,28.963264665997123,,,single-block-no-CI,1,seconds,long_short,1.0,,,single-block-no-CI,"successful final logical outcomes / all scheduled open-loop arrivals; unlaunched, unknown, and failed arrivals remain in the denominator",1,proportion,3465048.6406016476,,,single-block-no-CI,1,tokens/minute,4432.915031460951,,,single-block-no-CI,1,tokens/minute,34.632148683288676,,,single-block-no-CI,1,requests/minute,0,1,"successful provider-reported tokens in complete-usage blocks / at least the full registered arrival window, extended through response drain; partial results may be biased if usage missingness is informative",complete,successful_final_logical_outcomes_with_observed_ttft_only,,,,epoch/block-bootstrap-percentile,0,seconds,0,"{""request_ledger_join"":1}",uncontrolled_not_paired
"at least the full registered arrival window, extended through response drain",successful completion tokens / analysis-block wall-clock minute,successful_final_logical_outcomes_only,116.76142156137503,,,single-block-no-CI,1,seconds,5.0,1,1,eligible_blocks_only,{},0,1.0196261563806353,,,single-block-no-CI,1,requests/minute,1.0,,,single-block-no-CI,1,proportion,0.0,117.69019385101274,1,1.0,,,single-block-no-CI,1,proportion,1.0196261563806353,,,single-block-no-CI,1,requests/minute,2,1,2,2,scheduled-arrival window,24.0,,,single-block-no-CI,1,requests/minute,0.25,aimd,1.0196261563806353,,,single-block-no-CI,1,attempts/minute,1.0,,,single-block-no-CI,1,proportion,2,0,0,0,"all terminal provider send attempts, including intermediate retries; other_outcomes is the residual not decomposed by the epoch event schema",2,0,0,112.69019385101274,,,single-block-no-CI,1,seconds,112.69019385101274,1.0196261563806353,,,single-block-no-CI,1,quality-weighted successful tasks/minute,0,1,1.0,,,single-block-no-CI,1,proportion,complete,"{""request_ledger_join"":1}",117.69019385101274,2,2,openai-gpt-oss-120b,capacity-eligible load epoch/block; launch-guarded and scientifically censored blocks are retained as audit counts but excluded from provider-capacity estimands; bootstrap assumes block-level exchangeability and does not remove temporal autocorrelation,successful_final_logical_outcomes_only,116.74709033077816,,,single-block-no-CI,1,seconds,short_long,1.0,,,single-block-no-CI,"successful final logical outcomes / all scheduled open-loop arrivals; unlaunched, unknown, and failed arrivals remain in the denominator",1,proportion,356.8691547332224,,,single-block-no-CI,1,tokens/minute,4176.388736535082,,,single-block-no-CI,1,tokens/minute,1.0196261563806353,,,single-block-no-CI,1,requests/minute,0,1,"successful provider-reported tokens in complete-usage blocks / at least the full registered arrival window, extended through response drain; partial results may be biased if usage missingness is informative",complete,successful_final_logical_outcomes_with_observed_ttft_only,8.35856441099313,,,single-block-no-CI,1,seconds,0,"{""request_ledger_join"":1}",uncontrolled_not_paired
"at least the full registered arrival window, extended through response drain",successful completion tokens / analysis-block wall-clock minute,successful_final_logical_outcomes_only,110.38106298947241,,,single-block-no-CI,1,seconds,5.0,1,1,eligible_blocks_only,{},0,1.0483999133649389,,,single-block-no-CI,1,requests/minute,1.0,,,single-block-no-CI,1,proportion,0.0,114.46013917995151,1,1.0,,,single-block-no-CI,1,proportion,1.0483999133649389,,,single-block-no-CI,1,requests/minute,2,1,2,2,scheduled-arrival window,24.0,,,single-block-no-CI,1,requests/minute,0.5,aimd,1.0483999133649389,,,single-block-no-CI,1,attempts/minute,1.0,,,single-block-no-CI,1,proportion,2,0,0,0,"all terminal provider send attempts, including intermediate retries; other_outcomes is the residual not decomposed by the epoch event schema",2,0,0,109.46013917995151,,,single-block-no-CI,1,seconds,109.46013917995151,1.0483999133649389,,,single-block-no-CI,1,quality-weighted successful tasks/minute,0,1,1.0,,,single-block-no-CI,1,proportion,complete,"{""request_ledger_join"":1}",114.46013917995151,2,2,openai-gpt-oss-120b,capacity-eligible load epoch/block; launch-guarded and scientifically censored blocks are retained as audit counts but excluded from provider-capacity estimands; bootstrap assumes block-level exchangeability and does not remove temporal autocorrelation,successful_final_logical_outcomes_only,110.3656464105996,,,single-block-no-CI,1,seconds,short_long,1.0,,,single-block-no-CI,"successful final logical outcomes / all scheduled open-loop arrivals; unlaunched, unknown, and failed arrivals remain in the denominator",1,proportion,366.4157697210461,,,single-block-no-CI,1,tokens/minute,4294.24604514279,,,single-block-no-CI,1,tokens/minute,1.0483999133649389,,,single-block-no-CI,1,requests/minute,0,1,"successful provider-reported tokens in complete-usage blocks / at least the full registered arrival window, extended through response drain; partial results may be biased if usage missingness is informative",complete,successful_final_logical_outcomes_with_observed_ttft_only,8.48292066891445,,,single-block-no-CI,1,seconds,0,"{""request_ledger_join"":1}",uncontrolled_not_paired
"at least the full registered arrival window, extended through response drain",successful completion tokens / analysis-block wall-clock minute,successful_final_logical_outcomes_only,100.0547148500511,103.66825756777543,88.88699827770469,epoch/block-bootstrap-percentile,7,seconds,35.0,7,7,eligible_blocks_only,{},0,2.500258980703293,3.498234099352957,1.783584674621482,epoch/block-bootstrap-ratio-of-sums,7,requests/minute,1.0,1.0,1.0,epoch/block-bootstrap-ratio-of-sums,7,proportion,0.0,719.9254212832311,7,1.0,1.0,1.0,epoch/block-bootstrap-ratio-of-sums,7,proportion,2.500258980703293,3.498234099352957,1.783584674621482,epoch/block-bootstrap-ratio-of-sums,7,requests/minute,30,7,30,30,scheduled-arrival window,51.42857142857143,73.71428571428571,34.285714285714285,epoch/block-bootstrap-ratio-of-sums,7,requests/minute,1.0,aimd,2.500258980703293,3.498234099352957,1.783584674621482,epoch/block-bootstrap-ratio-of-sums,7,attempts/minute,1.0,1.0,1.0,epoch/block-bootstrap-ratio-of-sums,7,proportion,30,0,0,0,"all terminal provider send attempts, including intermediate retries; other_outcomes is the residual not decomposed by the epoch event schema",30,0,0,100.0476704359753,101.41741355194245,85.70696558209602,epoch/block-bootstrap-percentile,7,seconds,684.9254212832311,2.3335750486564066,3.2247299290177165,1.570743695046206,epoch/block-bootstrap-ratio-of-sums,7,quality-weighted successful tasks/minute,0,7,0.9333333333333333,1.0,0.84,epoch/block-bootstrap-ratio-of-sums,7,proportion,complete,"{""request_ledger_join"":7}",719.9254212832311,30,30,openai-gpt-oss-120b,capacity-eligible load epoch/block; launch-guarded and scientifically censored blocks are retained as audit counts but excluded from provider-capacity estimands; bootstrap assumes block-level exchangeability and does not remove temporal autocorrelation,successful_final_logical_outcomes_only,100.04347706008122,103.65743869715371,88.87309043329442,epoch/block-bootstrap-percentile,7,seconds,short_long,1.0,1.0,1.0,epoch/block-bootstrap-ratio-of-sums,"successful final logical outcomes / all scheduled open-loop arrivals; unlaunched, unknown, and failed arrivals remain in the denominator",7,proportion,875.3406691442227,1225.4950092596928,623.5737219966111,epoch/block-bootstrap-ratio-of-sums,7,tokens/minute,9662.167488961852,13380.761174777854,6569.2606521334355,epoch/block-bootstrap-ratio-of-sums,7,tokens/minute,2.500258980703293,3.498234099352957,1.783584674621482,epoch/block-bootstrap-ratio-of-sums,7,requests/minute,0,7,"successful provider-reported tokens in complete-usage blocks / at least the full registered arrival window, extended through response drain; partial results may be biased if usage missingness is informative",complete,successful_final_logical_outcomes_with_observed_ttft_only,8.175825856701703,11.527232454076874,7.384777748544002,epoch/block-bootstrap-percentile,7,seconds,0,"{""request_ledger_join"":7}",uncontrolled_not_paired
"at least the full registered arrival window, extended through response drain",successful completion tokens / analysis-block wall-clock minute,successful_final_logical_outcomes_only,116.81200585208717,,,single-block-no-CI,1,seconds,20.0,1,1,eligible_blocks_only,{},0,9.043769465612725,,,single-block-no-CI,1,requests/minute,1.0,,,single-block-no-CI,1,proportion,0.0,132.68803506798577,1,1.0,,,single-block-no-CI,1,proportion,9.043769465612725,,,single-block-no-CI,1,requests/minute,20,1,20,20,scheduled-arrival window,60.0,,,single-block-no-CI,1,requests/minute,1.0,baseline,9.043769465612725,,,single-block-no-CI,1,attempts/minute,1.0,,,single-block-no-CI,1,proportion,20,0,0,0,"all terminal provider send attempts, including intermediate retries; other_outcomes is the residual not decomposed by the epoch event schema",20,0,0,112.68803506798577,,,single-block-no-CI,1,seconds,112.68803506798577,8.591580992332087,,,single-block-no-CI,1,quality-weighted successful tasks/minute,0,1,0.95,,,single-block-no-CI,1,proportion,complete,"{""request_ledger_join"":1}",132.68803506798577,20,20,openai-gpt-oss-120b,capacity-eligible load epoch/block; launch-guarded and scientifically censored blocks are retained as audit counts but excluded from provider-capacity estimands; bootstrap assumes block-level exchangeability and does not remove temporal autocorrelation,successful_final_logical_outcomes_only,116.80193085052889,,,single-block-no-CI,1,seconds,short_long,1.0,,,single-block-no-CI,"successful final logical outcomes / all scheduled open-loop arrivals; unlaunched, unknown, and failed arrivals remain in the denominator",1,proportion,3167.5802553308567,,,single-block-no-CI,1,tokens/minute,35927.73076756639,,,single-block-no-CI,1,tokens/minute,9.043769465612725,,,single-block-no-CI,1,requests/minute,0,1,"successful provider-reported tokens in complete-usage blocks / at least the full registered arrival window, extended through response drain; partial results may be biased if usage missingness is informative",complete,successful_final_logical_outcomes_with_observed_ttft_only,11.535607498488389,,,single-block-no-CI,1,seconds,0,"{""request_ledger_join"":1}",uncontrolled_not_paired
"at least the full registered arrival window, extended through response drain",successful completion tokens / analysis-block wall-clock minute,successful_final_logical_outcomes_only,123.17992973055225,,,single-block-no-CI,1,seconds,5.0,1,1,eligible_blocks_only,{},0,2.3832683966540964,,,single-block-no-CI,1,requests/minute,1.0,,,single-block-no-CI,1,proportion,0.0,125.87755555403419,1,1.0,,,single-block-no-CI,1,proportion,2.3832683966540964,,,single-block-no-CI,1,requests/minute,5,1,5,5,scheduled-arrival window,60.0,,,single-block-no-CI,1,requests/minute,1.0,confirmation,2.3832683966540964,,,single-block-no-CI,1,attempts/minute,1.0,,,single-block-no-CI,1,proportion,5,0,0,0,"all terminal provider send attempts, including intermediate retries; other_outcomes is the residual not decomposed by the epoch event schema",5,0,0,120.87755555403419,,,single-block-no-CI,1,seconds,120.87755555403419,2.3832683966540964,,,single-block-no-CI,1,quality-weighted successful tasks/minute,0,1,1.0,,,single-block-no-CI,1,proportion,complete,"{""request_ledger_join"":1}",125.87755555403419,5,5,openai-gpt-oss-120b,capacity-eligible load epoch/block; launch-guarded and scientifically censored blocks are retained as audit counts but excluded from provider-capacity estimands; bootstrap assumes block-level exchangeability and does not remove temporal autocorrelation,successful_final_logical_outcomes_only,123.16847562841139,,,single-block-no-CI,1,seconds,short_long,1.0,,,single-block-no-CI,"successful final logical outcomes / all scheduled open-loop arrivals; unlaunched, unknown, and failed arrivals remain in the denominator",1,proportion,835.5738998669261,,,single-block-no-CI,1,tokens/minute,9761.867352695179,,,single-block-no-CI,1,tokens/minute,2.3832683966540964,,,single-block-no-CI,1,requests/minute,0,1,"successful provider-reported tokens in complete-usage blocks / at least the full registered arrival window, extended through response drain; partial results may be biased if usage missingness is informative",complete,successful_final_logical_outcomes_with_observed_ttft_only,18.180533856456165,,,single-block-no-CI,1,seconds,0,"{""request_ledger_join"":1}",uncontrolled_not_paired
"at least the full registered arrival window, extended through response drain",successful completion tokens / analysis-block wall-clock minute,successful_final_logical_outcomes_only,,,,epoch/block-bootstrap-percentile,0,seconds,0,1,0,censored_no_eligible_blocks,"{""time_guard"":1}",1,,,,epoch/block-bootstrap-ratio-of-sums,0,requests/minute,,,,epoch/block-bootstrap-ratio-of-sums,0,proportion,0,0,0,,,,epoch/block-bootstrap-ratio-of-sums,0,proportion,,,,epoch/block-bootstrap-ratio-of-sums,0,requests/minute,0,0,0,0,scheduled-arrival window,,,,epoch/block-bootstrap-ratio-of-sums,0,requests/minute,1.0,confirmation_separator,,,,epoch/block-bootstrap-ratio-of-sums,0,attempts/minute,,,,epoch/block-bootstrap-ratio-of-sums,0,proportion,0,0,0,0,"all terminal provider send attempts, including intermediate retries; other_outcomes is the residual not decomposed by the epoch event schema",0,0,0,,,,epoch/block-bootstrap-percentile,0,seconds,0,,,,epoch/block-bootstrap-ratio-of-sums,0,quality-weighted successful tasks/minute,0,0,,,,epoch/block-bootstrap-ratio-of-sums,0,proportion,censored_no_complete_quality_block,{},0,0,0,openai-gpt-oss-120b,capacity-eligible load epoch/block; launch-guarded and scientifically censored blocks are retained as audit counts but excluded from provider-capacity estimands; bootstrap assumes block-level exchangeability and does not remove temporal autocorrelation,successful_final_logical_outcomes_only,,,,epoch/block-bootstrap-percentile,0,seconds,short_long,,,,epoch/block-bootstrap-ratio-of-sums,"successful final logical outcomes / all scheduled open-loop arrivals; unlaunched, unknown, and failed arrivals remain in the denominator",0,proportion,,,,epoch/block-bootstrap-ratio-of-sums,0,tokens/minute,,,,epoch/block-bootstrap-ratio-of-sums,0,tokens/minute,,,,epoch/block-bootstrap-ratio-of-sums,0,requests/minute,0,0,"successful provider-reported tokens in complete-usage blocks / at least the full registered arrival window, extended through response drain; partial results may be biased if usage missingness is informative",censored_no_capacity_eligible_block,successful_final_logical_outcomes_with_observed_ttft_only,,,,epoch/block-bootstrap-percentile,0,seconds,0,{},uncontrolled_not_paired
"at least the full registered arrival window, extended through response drain",successful completion tokens / analysis-block wall-clock minute,successful_final_logical_outcomes_only,84.35982078264932,,,single-block-no-CI,1,seconds,80.0,1,1,eligible_blocks_only,{},0,8.547027351381539,,,single-block-no-CI,1,requests/minute,1.0,,,single-block-no-CI,1,proportion,0.0,140.39969110500533,0,1.0,,,single-block-no-CI,1,proportion,8.547027351381539,,,single-block-no-CI,1,requests/minute,20,0,20,3,scheduled-arrival window,15.0,,,single-block-no-CI,1,requests/minute,0.25,baseline,16.239351967624923,,,single-block-no-CI,1,attempts/minute,0.07894736842105263,,,single-block-no-CI,1,proportion,38,0,35,0,"all terminal provider send attempts, including intermediate retries; other_outcomes is the residual not decomposed by the epoch event schema",3,0,0,60.39969110500533,,,single-block-no-CI,1,seconds,60.39969110500533,0.0,,,single-block-no-CI,1,quality-weighted successful tasks/minute,0,1,0.0,,,single-block-no-CI,1,proportion,complete,"{""request_ledger_join"":1}",140.39969110500533,20,3,qwen3.5-397b-a17b,capacity-eligible load epoch/block; launch-guarded and scientifically censored blocks are retained as audit counts but excluded from provider-capacity estimands; bootstrap assumes block-level exchangeability and does not remove temporal autocorrelation,successful_final_logical_outcomes_only,84.2388116957736,,,single-block-no-CI,1,seconds,long_short,0.15,,,single-block-no-CI,"successful final logical outcomes / all scheduled open-loop arrivals; unlaunched, unknown, and failed arrivals remain in the denominator",1,proportion,128234.89751508535,,,single-block-no-CI,1,tokens/minute,164.10292514652556,,,single-block-no-CI,1,tokens/minute,1.282054102707231,,,single-block-no-CI,1,requests/minute,0,1,"successful provider-reported tokens in complete-usage blocks / at least the full registered arrival window, extended through response drain; partial results may be biased if usage missingness is informative",complete,successful_final_logical_outcomes_with_observed_ttft_only,,,,epoch/block-bootstrap-percentile,0,seconds,0,"{""request_ledger_join"":1}",uncontrolled_not_paired
"at least the full registered arrival window, extended through response drain",successful completion tokens / analysis-block wall-clock minute,successful_final_logical_outcomes_only,96.5968718025717,,,single-block-no-CI,1,seconds,40.0,1,1,eligible_blocks_only,{},0,11.730569084128101,,,single-block-no-CI,1,requests/minute,1.0,,,single-block-no-CI,1,proportion,0.0,102.29682732303627,0,1.0,,,single-block-no-CI,1,proportion,11.730569084128101,,,single-block-no-CI,1,requests/minute,20,0,20,2,scheduled-arrival window,30.0,,,single-block-no-CI,1,requests/minute,0.5,baseline,22.28808125984339,,,single-block-no-CI,1,attempts/minute,0.05263157894736842,,,single-block-no-CI,1,proportion,38,0,36,0,"all terminal provider send attempts, including intermediate retries; other_outcomes is the residual not decomposed by the epoch event schema",2,0,0,62.29682732303627,,,single-block-no-CI,1,seconds,62.29682732303627,0.0,,,single-block-no-CI,1,quality-weighted successful tasks/minute,0,1,0.0,,,single-block-no-CI,1,proportion,complete,"{""request_ledger_join"":1}",102.29682732303627,20,2,qwen3.5-397b-a17b,capacity-eligible load epoch/block; launch-guarded and scientifically censored blocks are retained as audit counts but excluded from provider-capacity estimands; bootstrap assumes block-level exchangeability and does not remove temporal autocorrelation,successful_final_logical_outcomes_only,96.58264555272761,,,single-block-no-CI,1,seconds,long_short,0.1,,,single-block-no-CI,"successful final logical outcomes / all scheduled open-loop arrivals; unlaunched, unknown, and failed arrivals remain in the denominator",1,proportion,117339.70949162498,,,single-block-no-CI,1,tokens/minute,150.15128427683968,,,single-block-no-CI,1,tokens/minute,1.17305690841281,,,single-block-no-CI,1,requests/minute,0,1,"successful provider-reported tokens in complete-usage blocks / at least the full registered arrival window, extended through response drain; partial results may be biased if usage missingness is informative",complete,successful_final_logical_outcomes_with_observed_ttft_only,,,,epoch/block-bootstrap-percentile,0,seconds,0,"{""request_ledger_join"":1}",uncontrolled_not_paired
"at least the full registered arrival window, extended through response drain",successful completion tokens / analysis-block wall-clock minute,successful_final_logical_outcomes_only,97.81996148802573,,,single-block-no-CI,1,seconds,20.0,1,1,eligible_blocks_only,{},0,11.755478782317205,,,single-block-no-CI,1,requests/minute,1.0,,,single-block-no-CI,1,proportion,0.0,102.08006175002083,0,1.0,,,single-block-no-CI,1,proportion,11.755478782317205,,,single-block-no-CI,1,requests/minute,20,0,20,2,scheduled-arrival window,60.0,,,single-block-no-CI,1,requests/minute,1.0,baseline,22.33540968640269,,,single-block-no-CI,1,attempts/minute,0.05263157894736842,,,single-block-no-CI,1,proportion,38,0,36,0,"all terminal provider send attempts, including intermediate retries; other_outcomes is the residual not decomposed by the epoch event schema",2,0,0,82.08006175002083,,,single-block-no-CI,1,seconds,82.08006175002083,0.0,,,single-block-no-CI,1,quality-weighted successful tasks/minute,0,1,0.0,,,single-block-no-CI,1,proportion,complete,"{""request_ledger_join"":1}",102.08006175002083,20,2,qwen3.5-397b-a17b,capacity-eligible load epoch/block; launch-guarded and scientifically censored blocks are retained as audit counts but excluded from provider-capacity estimands; bootstrap assumes block-level exchangeability and does not remove temporal autocorrelation,successful_final_logical_outcomes_only,97.80640365796279,,,single-block-no-CI,1,seconds,long_short,0.1,,,single-block-no-CI,"successful final logical outcomes / all scheduled open-loop arrivals; unlaunched, unknown, and failed arrivals remain in the denominator",1,proportion,117583.58874618873,,,single-block-no-CI,1,tokens/minute,150.47012841366023,,,single-block-no-CI,1,tokens/minute,1.1755478782317206,,,single-block-no-CI,1,requests/minute,0,1,"successful provider-reported tokens in complete-usage blocks / at least the full registered arrival window, extended through response drain; partial results may be biased if usage missingness is informative",complete,successful_final_logical_outcomes_with_observed_ttft_only,,,,epoch/block-bootstrap-percentile,0,seconds,0,"{""request_ledger_join"":1}",uncontrolled_not_paired
"at least the full registered arrival window, extended through response drain",successful completion tokens / analysis-block wall-clock minute,successful_final_logical_outcomes_only,312.0073278424155,,,single-block-no-CI,1,seconds,80.0,1,1,eligible_blocks_only,{},0,3.1253495898845487,,,single-block-no-CI,1,requests/minute,1.0,,,single-block-no-CI,1,proportion,0.0,383.95704720006324,0,1.0,,,single-block-no-CI,1,proportion,3.1253495898845487,,,single-block-no-CI,1,requests/minute,20,0,20,20,scheduled-arrival window,15.0,,,single-block-no-CI,1,requests/minute,0.25,baseline,3.1253495898845487,,,single-block-no-CI,1,attempts/minute,1.0,,,single-block-no-CI,1,proportion,20,0,0,0,"all terminal provider send attempts, including intermediate retries; other_outcomes is the residual not decomposed by the epoch event schema",20,0,0,303.95704720006324,,,single-block-no-CI,1,seconds,303.95704720006324,2.812814630896094,,,single-block-no-CI,1,quality-weighted successful tasks/minute,0,1,0.9,,,single-block-no-CI,1,proportion,complete,"{""request_ledger_join"":1}",383.95704720006324,20,20,qwen3.5-397b-a17b,capacity-eligible load epoch/block; launch-guarded and scientifically censored blocks are retained as audit counts but excluded from provider-capacity estimands; bootstrap assumes block-level exchangeability and does not remove temporal autocorrelation,successful_final_logical_outcomes_only,312.00002128226333,,,single-block-no-CI,1,seconds,short_long,1.0,,,single-block-no-CI,"successful final logical outcomes / all scheduled open-loop arrivals; unlaunched, unknown, and failed arrivals remain in the denominator",1,proportion,933.073120060032,,,single-block-no-CI,1,tokens/minute,12801.431920167111,,,single-block-no-CI,1,tokens/minute,3.1253495898845487,,,single-block-no-CI,1,requests/minute,0,1,"successful provider-reported tokens in complete-usage blocks / at least the full registered arrival window, extended through response drain; partial results may be biased if usage missingness is informative",complete,successful_final_logical_outcomes_with_observed_ttft_only,214.2011636547744,,,single-block-no-CI,1,seconds,0,"{""request_ledger_join"":1}",uncontrolled_not_paired
"at least the full registered arrival window, extended through response drain",successful completion tokens / analysis-block wall-clock minute,successful_final_logical_outcomes_only,322.37045062151157,,,single-block-no-CI,1,seconds,40.0,1,1,eligible_blocks_only,{},0,3.3196580228467125,,,single-block-no-CI,1,requests/minute,1.0,,,single-block-no-CI,1,proportion,0.0,361.4830177510157,0,1.0,,,single-block-no-CI,1,proportion,3.3196580228467125,,,single-block-no-CI,1,requests/minute,20,0,20,20,scheduled-arrival window,30.0,,,single-block-no-CI,1,requests/minute,0.5,baseline,3.3196580228467125,,,single-block-no-CI,1,attempts/minute,1.0,,,single-block-no-CI,1,proportion,20,0,0,0,"all terminal provider send attempts, including intermediate retries; other_outcomes is the residual not decomposed by the epoch event schema",20,0,0,321.4830177510157,,,single-block-no-CI,1,seconds,321.4830177510157,2.157777714850363,,,single-block-no-CI,1,quality-weighted successful tasks/minute,0,1,0.65,,,single-block-no-CI,1,proportion,complete,"{""request_ledger_join"":1}",361.4830177510157,20,20,qwen3.5-397b-a17b,capacity-eligible load epoch/block; launch-guarded and scientifically censored blocks are retained as audit counts but excluded from provider-capacity estimands; bootstrap assumes block-level exchangeability and does not remove temporal autocorrelation,successful_final_logical_outcomes_only,322.3642748493468,,,single-block-no-CI,1,seconds,short_long,1.0,,,single-block-no-CI,"successful final logical outcomes / all scheduled open-loop arrivals; unlaunched, unknown, and failed arrivals remain in the denominator",1,proportion,992.2457830288824,,,single-block-no-CI,1,tokens/minute,13597.319261580134,,,single-block-no-CI,1,tokens/minute,3.3196580228467125,,,single-block-no-CI,1,requests/minute,0,1,"successful provider-reported tokens in complete-usage blocks / at least the full registered arrival window, extended through response drain; partial results may be biased if usage missingness is informative",complete,successful_final_logical_outcomes_with_observed_ttft_only,166.59442547319924,,,single-block-no-CI,1,seconds,0,"{""request_ledger_join"":1}",uncontrolled_not_paired
"at least the full registered arrival window, extended through response drain",successful completion tokens / analysis-block wall-clock minute,successful_final_logical_outcomes_only,327.3814306187327,,,single-block-no-CI,1,seconds,20.0,1,1,eligible_blocks_only,{},0,3.493512826344702,,,single-block-no-CI,1,requests/minute,1.0,,,single-block-no-CI,1,proportion,0.0,343.493801124976,0,1.0,,,single-block-no-CI,1,proportion,3.493512826344702,,,single-block-no-CI,1,requests/minute,20,0,20,20,scheduled-arrival window,60.0,,,single-block-no-CI,1,requests/minute,1.0,baseline,3.493512826344702,,,single-block-no-CI,1,attempts/minute,1.0,,,single-block-no-CI,1,proportion,20,0,0,0,"all terminal provider send attempts, including intermediate retries; other_outcomes is the residual not decomposed by the epoch event schema",20,0,0,323.493801124976,,,single-block-no-CI,1,seconds,323.493801124976,3.144161543710232,,,single-block-no-CI,1,quality-weighted successful tasks/minute,0,1,0.9,,,single-block-no-CI,1,proportion,complete,"{""request_ledger_join"":1}",343.493801124976,20,20,qwen3.5-397b-a17b,capacity-eligible load epoch/block; launch-guarded and scientifically censored blocks are retained as audit counts but excluded from provider-capacity estimands; bootstrap assumes block-level exchangeability and does not remove temporal autocorrelation,successful_final_logical_outcomes_only,327.3749794667645,,,single-block-no-CI,1,seconds,short_long,1.0,,,single-block-no-CI,"successful final logical outcomes / all scheduled open-loop arrivals; unlaunched, unknown, and failed arrivals remain in the denominator",1,proportion,1043.5122812291625,,,single-block-no-CI,1,tokens/minute,14309.4285367079,,,single-block-no-CI,1,tokens/minute,3.493512826344702,,,single-block-no-CI,1,requests/minute,0,1,"successful provider-reported tokens in complete-usage blocks / at least the full registered arrival window, extended through response drain; partial results may be biased if usage missingness is informative",complete,successful_final_logical_outcomes_with_observed_ttft_only,216.60268550958716,,,single-block-no-CI,1,seconds,0,"{""request_ledger_join"":1}",uncontrolled_not_paired
"at least the full registered arrival window, extended through response drain",successful completion tokens / analysis-block wall-clock minute,successful_final_logical_outcomes_only,10.163966219057329,,,single-block-no-CI,1,seconds,5.0,1,1,eligible_blocks_only,{},0,4.5460131013317415,,,single-block-no-CI,1,requests/minute,1.0,,,single-block-no-CI,1,proportion,0.0,13.198378153028898,1,1.0,,,single-block-no-CI,1,proportion,4.5460131013317415,,,single-block-no-CI,1,requests/minute,1,1,1,1,scheduled-arrival window,12.0,,,single-block-no-CI,1,requests/minute,0.25,aimd,4.5460131013317415,,,single-block-no-CI,1,attempts/minute,1.0,,,single-block-no-CI,1,proportion,1,0,0,0,"all terminal provider send attempts, including intermediate retries; other_outcomes is the residual not decomposed by the epoch event schema",1,0,0,8.198378153028898,,,single-block-no-CI,1,seconds,8.198378153028898,4.5460131013317415,,,single-block-no-CI,1,quality-weighted successful tasks/minute,0,1,1.0,,,single-block-no-CI,1,proportion,complete,"{""request_ledger_join"":1}",13.198378153028898,1,1,qwen3.8-max,capacity-eligible load epoch/block; launch-guarded and scientifically censored blocks are retained as audit counts but excluded from provider-capacity estimands; bootstrap assumes block-level exchangeability and does not remove temporal autocorrelation,successful_final_logical_outcomes_only,10.147492901072837,,,single-block-no-CI,1,seconds,long_short,1.0,,,single-block-no-CI,"successful final logical outcomes / all scheduled open-loop arrivals; unlaunched, unknown, and failed arrivals remain in the denominator",1,proportion,454719.5064738088,,,single-block-no-CI,1,tokens/minute,318.2209170932219,,,single-block-no-CI,1,tokens/minute,4.5460131013317415,,,single-block-no-CI,1,requests/minute,0,1,"successful provider-reported tokens in complete-usage blocks / at least the full registered arrival window, extended through response drain; partial results may be biased if usage missingness is informative",complete,successful_final_logical_outcomes_with_observed_ttft_only,9.238893556059338,,,single-block-no-CI,1,seconds,0,"{""request_ledger_join"":1}",uncontrolled_not_paired
"at least the full registered arrival window, extended through response drain",successful completion tokens / analysis-block wall-clock minute,successful_final_logical_outcomes_only,14.368716569288518,24.721509173326197,10.413626498152736,epoch/block-bootstrap-percentile,8,seconds,40.0,8,8,eligible_blocks_only,{},0,9.259497105787036,10.483694454759792,7.597856612068662,epoch/block-bootstrap-ratio-of-sums,8,requests/minute,1.0,1.0,1.0,epoch/block-bootstrap-ratio-of-sums,8,proportion,0.0,142.55633809475694,8,1.0,1.0,1.0,epoch/block-bootstrap-ratio-of-sums,8,proportion,9.259497105787036,10.483694454759792,7.597856612068662,epoch/block-bootstrap-ratio-of-sums,8,requests/minute,22,8,22,22,scheduled-arrival window,33.0,45.0,21.0,epoch/block-bootstrap-ratio-of-sums,8,requests/minute,0.5,aimd,9.259497105787036,10.483694454759792,7.597856612068662,epoch/block-bootstrap-ratio-of-sums,8,attempts/minute,1.0,1.0,1.0,epoch/block-bootstrap-ratio-of-sums,8,proportion,22,0,0,0,"all terminal provider send attempts, including intermediate retries; other_outcomes is the residual not decomposed by the epoch event schema",22,0,0,11.424016593955457,20.678207811084576,6.554833777947351,epoch/block-bootstrap-percentile,8,seconds,102.55633809475694,8.417724641624577,9.99318585320493,6.830268691479148,epoch/block-bootstrap-ratio-of-sums,8,quality-weighted successful tasks/minute,0,8,0.9090909090909091,1.0,0.8148148148148148,epoch/block-bootstrap-ratio-of-sums,8,proportion,complete,"{""request_ledger_join"":8}",142.55633809475694,22,22,qwen3.8-max,capacity-eligible load epoch/block; launch-guarded and scientifically censored blocks are retained as audit counts but excluded from provider-capacity estimands; bootstrap assumes block-level exchangeability and does not remove temporal autocorrelation,successful_final_logical_outcomes_only,14.352315727202221,24.70726801001001,10.397784069733461,epoch/block-bootstrap-percentile,8,seconds,long_short,1.0,1.0,1.0,epoch/block-bootstrap-ratio-of-sums,"successful final logical outcomes / all scheduled open-loop arrivals; unlaunched, unknown, and failed arrivals remain in the denominator",8,proportion,926193.8245933107,1048648.691912637,759989.6659274662,epoch/block-bootstrap-ratio-of-sums,8,tokens/minute,674.6806300262099,775.9228924808791,532.9515044493413,epoch/block-bootstrap-ratio-of-sums,8,tokens/minute,9.259497105787036,10.483694454759792,7.597856612068662,epoch/block-bootstrap-ratio-of-sums,8,requests/minute,0,8,"successful provider-reported tokens in complete-usage blocks / at least the full registered arrival window, extended through response drain; partial results may be biased if usage missingness is informative",complete,successful_final_logical_outcomes_with_observed_ttft_only,12.483589494868646,20.787435760308288,9.347798829717794,epoch/block-bootstrap-percentile,8,seconds,0,"{""request_ledger_join"":8}",uncontrolled_not_paired
"at least the full registered arrival window, extended through response drain",successful completion tokens / analysis-block wall-clock minute,successful_final_logical_outcomes_only,72.92682250172366,,,single-block-no-CI,1,seconds,20.0,1,1,eligible_blocks_only,{},0,14.112363108646834,,,single-block-no-CI,1,requests/minute,1.0,,,single-block-no-CI,1,proportion,0.0,85.03182569507044,1,1.0,,,single-block-no-CI,1,proportion,14.112363108646834,,,single-block-no-CI,1,requests/minute,20,1,20,20,scheduled-arrival window,60.0,,,single-block-no-CI,1,requests/minute,1.0,baseline,14.112363108646834,,,single-block-no-CI,1,attempts/minute,1.0,,,single-block-no-CI,1,proportion,20,0,0,0,"all terminal provider send attempts, including intermediate retries; other_outcomes is the residual not decomposed by the epoch event schema",20,0,0,65.03182569507044,,,single-block-no-CI,1,seconds,65.03182569507044,14.112363108646834,,,single-block-no-CI,1,quality-weighted successful tasks/minute,0,1,1.0,,,single-block-no-CI,1,proportion,complete,"{""request_ledger_join"":1}",85.03182569507044,20,20,qwen3.8-max,capacity-eligible load epoch/block; launch-guarded and scientifically censored blocks are retained as audit counts but excluded from provider-capacity estimands; bootstrap assumes block-level exchangeability and does not remove temporal autocorrelation,successful_final_logical_outcomes_only,72.91025124365696,,,single-block-no-CI,1,seconds,long_short,1.0,,,single-block-no-CI,"successful final logical outcomes / all scheduled open-loop arrivals; unlaunched, unknown, and failed arrivals remain in the denominator",1,proportion,1411595.4705057985,,,single-block-no-CI,1,tokens/minute,932.8272014815558,,,single-block-no-CI,1,tokens/minute,14.112363108646834,,,single-block-no-CI,1,requests/minute,0,1,"successful provider-reported tokens in complete-usage blocks / at least the full registered arrival window, extended through response drain; partial results may be biased if usage missingness is informative",complete,successful_final_logical_outcomes_with_observed_ttft_only,60.70161709283712,,,single-block-no-CI,1,seconds,0,"{""request_ledger_join"":1}",uncontrolled_not_paired
"at least the full registered arrival window, extended through response drain",successful completion tokens / analysis-block wall-clock minute,successful_final_logical_outcomes_only,18.242567473184316,25.660679872578477,10.715839817549567,epoch/block-bootstrap-percentile,3,seconds,15.0,3,3,eligible_blocks_only,{},0,9.011071689136223,15.551204657841911,6.5474429205175815,epoch/block-bootstrap-ratio-of-sums,3,requests/minute,1.0,1.0,1.0,epoch/block-bootstrap-ratio-of-sums,3,proportion,0.0,59.92627942922991,3,1.0,1.0,1.0,epoch/block-bootstrap-ratio-of-sums,3,proportion,9.011071689136223,15.551204657841911,6.5474429205175815,epoch/block-bootstrap-ratio-of-sums,3,requests/minute,9,3,9,9,scheduled-arrival window,36.0,36.0,36.0,epoch/block-bootstrap-ratio-of-sums,3,requests/minute,0.5,confirmation,9.011071689136223,15.551204657841911,6.5474429205175815,epoch/block-bootstrap-ratio-of-sums,3,attempts/minute,1.0,1.0,1.0,epoch/block-bootstrap-ratio-of-sums,3,proportion,9,0,0,0,"all terminal provider send attempts, including intermediate retries; other_outcomes is the residual not decomposed by the epoch event schema",9,0,0,15.859964817063883,22.4916486000875,6.574666012078524,epoch/block-bootstrap-percentile,3,seconds,44.92627942922991,8.009841501454419,15.551204657841911,4.364961947011722,epoch/block-bootstrap-ratio-of-sums,3,quality-weighted successful tasks/minute,0,3,0.8888888888888888,1.0,0.6666666666666666,epoch/block-bootstrap-ratio-of-sums,3,proportion,complete,"{""request_ledger_join"":3}",59.92627942922991,9,9,qwen3.8-max,capacity-eligible load epoch/block; launch-guarded and scientifically censored blocks are retained as audit counts but excluded from provider-capacity estimands; bootstrap assumes block-level exchangeability and does not remove temporal autocorrelation,successful_final_logical_outcomes_only,18.22730058976449,25.64585762459319,10.701624680566601,epoch/block-bootstrap-percentile,3,seconds,long_short,1.0,1.0,1.0,epoch/block-bootstrap-ratio-of-sums,"successful final logical outcomes / all scheduled open-loop arrivals; unlaunched, unknown, and failed arrivals remain in the denominator",3,proportion,901333.4469360383,1555472.9597564356,654916.7080486652,epoch/block-bootstrap-ratio-of-sums,3,tokens/minute,663.8156144330351,1026.3795074175662,567.4450531115237,epoch/block-bootstrap-ratio-of-sums,3,tokens/minute,9.011071689136223,15.551204657841911,6.5474429205175815,epoch/block-bootstrap-ratio-of-sums,3,requests/minute,0,3,"successful provider-reported tokens in complete-usage blocks / at least the full registered arrival window, extended through response drain; partial results may be biased if usage missingness is informative",complete,successful_final_logical_outcomes_with_observed_ttft_only,14.818868166266475,21.63112178518204,9.855877523741219,epoch/block-bootstrap-percentile,3,seconds,0,"{""request_ledger_join"":3}",uncontrolled_not_paired
"at least the full registered arrival window, extended through response drain",successful completion tokens / analysis-block wall-clock minute,successful_final_logical_outcomes_only,21.40048705874942,24.98616134265903,17.81481277483981,epoch/block-bootstrap-percentile,2,seconds,10.0,2,2,eligible_blocks_only,{},0,13.143685306167772,15.271295701263032,11.536420956766142,epoch/block-bootstrap-ratio-of-sums,2,requests/minute,1.0,1.0,1.0,epoch/block-bootstrap-ratio-of-sums,2,proportion,0.0,45.649297440075316,2,1.0,1.0,1.0,epoch/block-bootstrap-ratio-of-sums,2,proportion,13.143685306167772,15.271295701263032,11.536420956766142,epoch/block-bootstrap-ratio-of-sums,2,requests/minute,10,2,10,10,scheduled-arrival window,60.0,60.0,60.0,epoch/block-bootstrap-ratio-of-sums,2,requests/minute,1.0,confirmation_separator,13.143685306167772,15.271295701263032,11.536420956766142,epoch/block-bootstrap-ratio-of-sums,2,attempts/minute,1.0,1.0,1.0,epoch/block-bootstrap-ratio-of-sums,2,proportion,10,0,0,0,"all terminal provider send attempts, including intermediate retries; other_outcomes is the residual not decomposed by the epoch event schema",10,0,0,17.824648720037658,21.004598924075253,14.644698516000062,epoch/block-bootstrap-percentile,2,seconds,35.649297440075316,13.143685306167772,15.271295701263032,11.536420956766142,epoch/block-bootstrap-ratio-of-sums,2,quality-weighted successful tasks/minute,0,2,1.0,1.0,1.0,epoch/block-bootstrap-ratio-of-sums,2,proportion,complete,"{""request_ledger_join"":2}",45.649297440075316,10,10,qwen3.8-max,capacity-eligible load epoch/block; launch-guarded and scientifically censored blocks are retained as audit counts but excluded from provider-capacity estimands; bootstrap assumes block-level exchangeability and does not remove temporal autocorrelation,successful_final_logical_outcomes_only,21.385863281879573,24.9719024641905,17.79982409956865,epoch/block-bootstrap-percentile,2,seconds,long_short,1.0,1.0,1.0,epoch/block-bootstrap-ratio-of-sums,"successful final logical outcomes / all scheduled open-loop arrivals; unlaunched, unknown, and failed arrivals remain in the denominator",2,proportion,1314720.7813829824,1527529.6780736763,1153958.1936108295,epoch/block-bootstrap-ratio-of-sums,2,tokens/minute,887.1987581663246,1010.9597754236127,793.7057618255105,epoch/block-bootstrap-ratio-of-sums,2,tokens/minute,13.143685306167772,15.271295701263032,11.536420956766142,epoch/block-bootstrap-ratio-of-sums,2,requests/minute,0,2,"successful provider-reported tokens in complete-usage blocks / at least the full registered arrival window, extended through response drain; partial results may be biased if usage missingness is informative",complete,successful_final_logical_outcomes_with_observed_ttft_only,18.221024449320975,21.27228792698588,15.16976097165607,epoch/block-bootstrap-percentile,2,seconds,0,"{""request_ledger_join"":2}",uncontrolled_not_paired
