cell_id,plan_cell_id,planned_disposition,reason,route_id,state,suite,updated_at_utc
long_short:aimd:in100000:out128:aimd-deepseek-v4-flash-0731-long_short-000,load_epoch:aimd-deepseek-v4-flash-0731-long_short-000,required,,deepseek-v4-flash-0731,completed,load,2026-08-28T12:12:20.141957Z
long_short:aimd:in100000:out128:aimd-deepseek-v4-flash-0731-long_short-001,load_epoch:aimd-deepseek-v4-flash-0731-long_short-001,required,,deepseek-v4-flash-0731,completed,load,2026-08-28T12:12:38.961358Z
long_short:aimd:in100000:out128:aimd-deepseek-v4-flash-0731-long_short-002,load_epoch:aimd-deepseek-v4-flash-0731-long_short-002,required,zero_scheduled_poisson_arrivals,deepseek-v4-flash-0731,inconclusive,load,2026-08-28T12:12:43.971641Z
long_short:aimd:in100000:out128:aimd-deepseek-v4-flash-0731-long_short-003,load_epoch:aimd-deepseek-v4-flash-0731-long_short-003,required,,deepseek-v4-flash-0731,completed,load,2026-08-28T12:12:58.657355Z
long_short:aimd:in100000:out128:aimd-deepseek-v4-flash-0731-long_short-004,load_epoch:aimd-deepseek-v4-flash-0731-long_short-004,required,,deepseek-v4-flash-0731,completed,load,2026-08-28T12:13:09.585113Z
long_short:aimd:in100000:out128:aimd-deepseek-v4-flash-0731-long_short-005,load_epoch:aimd-deepseek-v4-flash-0731-long_short-005,required,,deepseek-v4-flash-0731,completed,load,2026-08-28T12:13:23.863521Z
long_short:aimd:in100000:out128:aimd-deepseek-v4-flash-0731-long_short-006,load_epoch:aimd-deepseek-v4-flash-0731-long_short-006,required,,deepseek-v4-flash-0731,completed,load,2026-08-28T12:13:37.954770Z
long_short:aimd:in100000:out128:aimd-deepseek-v4-flash-0731-long_short-007,load_epoch:aimd-deepseek-v4-flash-0731-long_short-007,required,,deepseek-v4-flash-0731,completed,load,2026-08-28T12:13:49.653495Z
long_short:aimd:in100000:out128:aimd-deepseek-v4-flash-0731-long_short-008,load_epoch:aimd-deepseek-v4-flash-0731-long_short-008,required,,deepseek-v4-flash-0731,completed,load,2026-08-28T12:14:04.621873Z
long_short:baseline:in100000:out128:aimd-deepseek-v4-flash-0731-long_short-baseline,load_epoch:aimd-deepseek-v4-flash-0731-long_short-baseline,required,,deepseek-v4-flash-0731,completed,load,2026-08-28T12:11:19.317804Z
long_short:baseline:in100000:out128:aimd-deepseek-v4-flash-0731-long_short-baseline-attempt-1,load_epoch:aimd-deepseek-v4-flash-0731-long_short-baseline-attempt-1,conditional_on_prior_baseline_failure,,deepseek-v4-flash-0731,completed,load,2026-08-28T12:12:11.686889Z
long_short:baseline:in100000:out128:aimd-deepseek-v4-flash-0731-long_short-baseline-attempt-2,load_epoch:aimd-deepseek-v4-flash-0731-long_short-baseline-attempt-2,conditional_on_prior_baseline_failure,healthy_baseline_already_established,deepseek-v4-flash-0731,not_applicable,load,2026-08-28T12:12:11.689082Z
long_short:confirmation:in100000:out128:aimd-deepseek-v4-flash-0731-long_short-confirm-0,load_epoch:aimd-deepseek-v4-flash-0731-long_short-confirm-0,required,,deepseek-v4-flash-0731,completed,load,2026-08-28T12:14:19.515883Z
long_short:confirmation:in100000:out128:aimd-deepseek-v4-flash-0731-long_short-confirm-1,load_epoch:aimd-deepseek-v4-flash-0731-long_short-confirm-1,required,,deepseek-v4-flash-0731,completed,load,2026-08-28T12:14:53.813460Z
long_short:confirmation:in100000:out128:aimd-deepseek-v4-flash-0731-long_short-confirm-2,load_epoch:aimd-deepseek-v4-flash-0731-long_short-confirm-2,required,,deepseek-v4-flash-0731,completed,load,2026-08-28T12:15:26.763495Z
long_short:confirmation:in100000:out128:aimd-deepseek-v4-flash-0731-long_short-confirm-stage-1-0,load_epoch:aimd-deepseek-v4-flash-0731-long_short-confirm-stage-1-0,conditional_on_prior_confirmation_failure,lower_rate_confirmation_not_needed,deepseek-v4-flash-0731,not_applicable,load,2026-08-28T12:15:26.765246Z
long_short:confirmation:in100000:out128:aimd-deepseek-v4-flash-0731-long_short-confirm-stage-1-1,load_epoch:aimd-deepseek-v4-flash-0731-long_short-confirm-stage-1-1,conditional_on_prior_confirmation_failure,lower_rate_confirmation_not_needed,deepseek-v4-flash-0731,not_applicable,load,2026-08-28T12:15:26.768566Z
long_short:confirmation:in100000:out128:aimd-deepseek-v4-flash-0731-long_short-confirm-stage-1-2,load_epoch:aimd-deepseek-v4-flash-0731-long_short-confirm-stage-1-2,conditional_on_prior_confirmation_failure,lower_rate_confirmation_not_needed,deepseek-v4-flash-0731,not_applicable,load,2026-08-28T12:15:26.771635Z
long_short:confirmation_separator:in100000:out128:aimd-deepseek-v4-flash-0731-long_short-separator-0,load_epoch:aimd-deepseek-v4-flash-0731-long_short-separator-0,required,,deepseek-v4-flash-0731,completed,load,2026-08-28T12:14:41.449255Z
long_short:confirmation_separator:in100000:out128:aimd-deepseek-v4-flash-0731-long_short-separator-1,load_epoch:aimd-deepseek-v4-flash-0731-long_short-separator-1,required,,deepseek-v4-flash-0731,completed,load,2026-08-28T12:15:12.878969Z
long_short:confirmation_separator:in100000:out128:aimd-deepseek-v4-flash-0731-long_short-separator-stage-1-0,load_epoch:aimd-deepseek-v4-flash-0731-long_short-separator-stage-1-0,conditional_on_prior_confirmation_failure,lower_rate_confirmation_not_needed,deepseek-v4-flash-0731,not_applicable,load,2026-08-28T12:15:26.766984Z
long_short:confirmation_separator:in100000:out128:aimd-deepseek-v4-flash-0731-long_short-separator-stage-1-1,load_epoch:aimd-deepseek-v4-flash-0731-long_short-separator-stage-1-1,conditional_on_prior_confirmation_failure,lower_rate_confirmation_not_needed,deepseek-v4-flash-0731,not_applicable,load,2026-08-28T12:15:26.769971Z
long_short:recovery_after_observed_overload:in100000:out128:aimd-deepseek-v4-flash-0731-long_short-recovery,load_epoch:aimd-deepseek-v4-flash-0731-long_short-recovery,conditional_on_overload,no_two_epoch_overload_observed,deepseek-v4-flash-0731,not_applicable,load,2026-08-28T12:15:26.773478Z
mixed:aimd:in100000:out128:aimd-deepseek-v4-flash-0731-mixed-001,load_epoch:aimd-deepseek-v4-flash-0731-mixed-001,required,time_guard,deepseek-v4-flash-0731,time_censored,load,2026-08-28T12:35:38.031921Z
mixed:aimd:in100000:out128:aimd-deepseek-v4-flash-0731-mixed-003,load_epoch:aimd-deepseek-v4-flash-0731-mixed-003,required,time_guard,deepseek-v4-flash-0731,time_censored,load,2026-08-28T12:35:38.031921Z
mixed:aimd:in1024:out512:aimd-deepseek-v4-flash-0731-mixed-002,load_epoch:aimd-deepseek-v4-flash-0731-mixed-002,required,time_guard,deepseek-v4-flash-0731,time_censored,load,2026-08-28T12:35:38.031921Z
mixed:aimd:in1024:out512:aimd-deepseek-v4-flash-0731-mixed-005,load_epoch:aimd-deepseek-v4-flash-0731-mixed-005,required,time_guard,deepseek-v4-flash-0731,time_censored,load,2026-08-28T12:35:38.031921Z
mixed:aimd:in1024:out512:aimd-deepseek-v4-flash-0731-mixed-006,load_epoch:aimd-deepseek-v4-flash-0731-mixed-006,required,time_guard,deepseek-v4-flash-0731,time_censored,load,2026-08-28T12:35:38.031921Z
mixed:aimd:in1024:out512:aimd-deepseek-v4-flash-0731-mixed-007,load_epoch:aimd-deepseek-v4-flash-0731-mixed-007,required,time_guard,deepseek-v4-flash-0731,time_censored,load,2026-08-28T12:35:38.031921Z
mixed:aimd:in256:out4096:aimd-deepseek-v4-flash-0731-mixed-000,load_epoch:aimd-deepseek-v4-flash-0731-mixed-000,required,time_guard,deepseek-v4-flash-0731,time_censored,load,2026-08-28T12:35:38.031921Z
mixed:aimd:in256:out4096:aimd-deepseek-v4-flash-0731-mixed-004,load_epoch:aimd-deepseek-v4-flash-0731-mixed-004,required,time_guard,deepseek-v4-flash-0731,time_censored,load,2026-08-28T12:35:38.031921Z
mixed:aimd:in256:out4096:aimd-deepseek-v4-flash-0731-mixed-008,load_epoch:aimd-deepseek-v4-flash-0731-mixed-008,required,time_guard,deepseek-v4-flash-0731,time_censored,load,2026-08-28T12:35:38.031921Z
mixed:baseline:in256:out128:aimd-deepseek-v4-flash-0731-mixed-baseline,load_epoch:aimd-deepseek-v4-flash-0731-mixed-baseline,required,time_guard,deepseek-v4-flash-0731,time_censored,load,2026-08-28T12:35:38.031921Z
mixed:baseline:in256:out128:aimd-deepseek-v4-flash-0731-mixed-baseline-attempt-1,load_epoch:aimd-deepseek-v4-flash-0731-mixed-baseline-attempt-1,conditional_on_prior_baseline_failure,time_guard,deepseek-v4-flash-0731,time_censored,load,2026-08-28T12:35:38.031921Z
mixed:baseline:in256:out128:aimd-deepseek-v4-flash-0731-mixed-baseline-attempt-2,load_epoch:aimd-deepseek-v4-flash-0731-mixed-baseline-attempt-2,conditional_on_prior_baseline_failure,time_guard,deepseek-v4-flash-0731,time_censored,load,2026-08-28T12:35:38.031921Z
mixed:confirmation:in1024:out512:aimd-deepseek-v4-flash-0731-mixed-confirm-stage-1-0,load_epoch:aimd-deepseek-v4-flash-0731-mixed-confirm-stage-1-0,conditional_on_prior_confirmation_failure,time_guard,deepseek-v4-flash-0731,time_censored,load,2026-08-28T12:35:38.031921Z
mixed:confirmation:in1024:out512:aimd-deepseek-v4-flash-0731-mixed-confirm-stage-1-1,load_epoch:aimd-deepseek-v4-flash-0731-mixed-confirm-stage-1-1,conditional_on_prior_confirmation_failure,time_guard,deepseek-v4-flash-0731,time_censored,load,2026-08-28T12:35:38.031921Z
mixed:confirmation:in1024:out512:aimd-deepseek-v4-flash-0731-mixed-confirm-stage-1-2,load_epoch:aimd-deepseek-v4-flash-0731-mixed-confirm-stage-1-2,conditional_on_prior_confirmation_failure,time_guard,deepseek-v4-flash-0731,time_censored,load,2026-08-28T12:35:38.031921Z
mixed:confirmation:in256:out4096:aimd-deepseek-v4-flash-0731-mixed-confirm-0,load_epoch:aimd-deepseek-v4-flash-0731-mixed-confirm-0,required,time_guard,deepseek-v4-flash-0731,time_censored,load,2026-08-28T12:35:38.031921Z
mixed:confirmation:in256:out4096:aimd-deepseek-v4-flash-0731-mixed-confirm-1,load_epoch:aimd-deepseek-v4-flash-0731-mixed-confirm-1,required,time_guard,deepseek-v4-flash-0731,time_censored,load,2026-08-28T12:35:38.031921Z
mixed:confirmation:in256:out4096:aimd-deepseek-v4-flash-0731-mixed-confirm-2,load_epoch:aimd-deepseek-v4-flash-0731-mixed-confirm-2,required,time_guard,deepseek-v4-flash-0731,time_censored,load,2026-08-28T12:35:38.031921Z
mixed:confirmation_separator:in100000:out128:aimd-deepseek-v4-flash-0731-mixed-separator-stage-1-0,load_epoch:aimd-deepseek-v4-flash-0731-mixed-separator-stage-1-0,conditional_on_prior_confirmation_failure,time_guard,deepseek-v4-flash-0731,time_censored,load,2026-08-28T12:35:38.031921Z
mixed:confirmation_separator:in100000:out128:aimd-deepseek-v4-flash-0731-mixed-separator-stage-1-1,load_epoch:aimd-deepseek-v4-flash-0731-mixed-separator-stage-1-1,conditional_on_prior_confirmation_failure,time_guard,deepseek-v4-flash-0731,time_censored,load,2026-08-28T12:35:38.031921Z
mixed:confirmation_separator:in1024:out512:aimd-deepseek-v4-flash-0731-mixed-separator-1,load_epoch:aimd-deepseek-v4-flash-0731-mixed-separator-1,required,time_guard,deepseek-v4-flash-0731,time_censored,load,2026-08-28T12:35:38.031921Z
mixed:confirmation_separator:in256:out128:aimd-deepseek-v4-flash-0731-mixed-separator-0,load_epoch:aimd-deepseek-v4-flash-0731-mixed-separator-0,required,time_guard,deepseek-v4-flash-0731,time_censored,load,2026-08-28T12:35:38.031921Z
mixed:recovery_after_observed_overload:in1024:out512:aimd-deepseek-v4-flash-0731-mixed-recovery,load_epoch:aimd-deepseek-v4-flash-0731-mixed-recovery,conditional_on_overload,time_guard,deepseek-v4-flash-0731,time_censored,load,2026-08-28T12:35:38.031921Z
short_long:aimd:in256:out4096:aimd-deepseek-v4-flash-0731-short_long-000,load_epoch:aimd-deepseek-v4-flash-0731-short_long-000,required,,deepseek-v4-flash-0731,completed,load,2026-08-28T11:51:51.890687Z
short_long:aimd:in256:out4096:aimd-deepseek-v4-flash-0731-short_long-001,load_epoch:aimd-deepseek-v4-flash-0731-short_long-001,required,,deepseek-v4-flash-0731,completed,load,2026-08-28T11:53:17.112459Z
short_long:aimd:in256:out4096:aimd-deepseek-v4-flash-0731-short_long-002,load_epoch:aimd-deepseek-v4-flash-0731-short_long-002,required,,deepseek-v4-flash-0731,completed,load,2026-08-28T11:54:36.264229Z
short_long:aimd:in256:out4096:aimd-deepseek-v4-flash-0731-short_long-003,load_epoch:aimd-deepseek-v4-flash-0731-short_long-003,required,,deepseek-v4-flash-0731,completed,load,2026-08-28T11:56:03.000996Z
short_long:aimd:in256:out4096:aimd-deepseek-v4-flash-0731-short_long-004,load_epoch:aimd-deepseek-v4-flash-0731-short_long-004,required,,deepseek-v4-flash-0731,completed,load,2026-08-28T11:57:32.086966Z
short_long:aimd:in256:out4096:aimd-deepseek-v4-flash-0731-short_long-005,load_epoch:aimd-deepseek-v4-flash-0731-short_long-005,required,,deepseek-v4-flash-0731,completed,load,2026-08-28T11:59:01.940951Z
short_long:aimd:in256:out4096:aimd-deepseek-v4-flash-0731-short_long-006,load_epoch:aimd-deepseek-v4-flash-0731-short_long-006,required,,deepseek-v4-flash-0731,completed,load,2026-08-28T12:00:29.160973Z
short_long:aimd:in256:out4096:aimd-deepseek-v4-flash-0731-short_long-007,load_epoch:aimd-deepseek-v4-flash-0731-short_long-007,required,,deepseek-v4-flash-0731,completed,load,2026-08-28T12:01:47.631710Z
short_long:aimd:in256:out4096:aimd-deepseek-v4-flash-0731-short_long-008,load_epoch:aimd-deepseek-v4-flash-0731-short_long-008,required,,deepseek-v4-flash-0731,completed,load,2026-08-28T12:03:04.386106Z
short_long:baseline:in256:out4096:aimd-deepseek-v4-flash-0731-short_long-baseline,load_epoch:aimd-deepseek-v4-flash-0731-short_long-baseline,required,,deepseek-v4-flash-0731,completed,load,2026-08-28T11:50:23.966720Z
short_long:baseline:in256:out4096:aimd-deepseek-v4-flash-0731-short_long-baseline-attempt-1,load_epoch:aimd-deepseek-v4-flash-0731-short_long-baseline-attempt-1,conditional_on_prior_baseline_failure,healthy_baseline_already_established,deepseek-v4-flash-0731,not_applicable,load,2026-08-28T11:50:23.968980Z
short_long:baseline:in256:out4096:aimd-deepseek-v4-flash-0731-short_long-baseline-attempt-2,load_epoch:aimd-deepseek-v4-flash-0731-short_long-baseline-attempt-2,conditional_on_prior_baseline_failure,healthy_baseline_already_established,deepseek-v4-flash-0731,not_applicable,load,2026-08-28T11:50:23.970919Z
short_long:confirmation:in256:out4096:aimd-deepseek-v4-flash-0731-short_long-confirm-0,load_epoch:aimd-deepseek-v4-flash-0731-short_long-confirm-0,required,,deepseek-v4-flash-0731,completed,load,2026-08-28T12:04:45.584630Z
short_long:confirmation:in256:out4096:aimd-deepseek-v4-flash-0731-short_long-confirm-1,load_epoch:aimd-deepseek-v4-flash-0731-short_long-confirm-1,required,,deepseek-v4-flash-0731,completed,load,2026-08-28T12:07:43.676391Z
short_long:confirmation:in256:out4096:aimd-deepseek-v4-flash-0731-short_long-confirm-2,load_epoch:aimd-deepseek-v4-flash-0731-short_long-confirm-2,required,,deepseek-v4-flash-0731,completed,load,2026-08-28T12:10:27.765408Z
short_long:confirmation:in256:out4096:aimd-deepseek-v4-flash-0731-short_long-confirm-stage-1-0,load_epoch:aimd-deepseek-v4-flash-0731-short_long-confirm-stage-1-0,conditional_on_prior_confirmation_failure,lower_rate_confirmation_not_needed,deepseek-v4-flash-0731,not_applicable,load,2026-08-28T12:10:27.767238Z
short_long:confirmation:in256:out4096:aimd-deepseek-v4-flash-0731-short_long-confirm-stage-1-1,load_epoch:aimd-deepseek-v4-flash-0731-short_long-confirm-stage-1-1,conditional_on_prior_confirmation_failure,lower_rate_confirmation_not_needed,deepseek-v4-flash-0731,not_applicable,load,2026-08-28T12:10:27.770722Z
short_long:confirmation:in256:out4096:aimd-deepseek-v4-flash-0731-short_long-confirm-stage-1-2,load_epoch:aimd-deepseek-v4-flash-0731-short_long-confirm-stage-1-2,conditional_on_prior_confirmation_failure,lower_rate_confirmation_not_needed,deepseek-v4-flash-0731,not_applicable,load,2026-08-28T12:10:27.774328Z
short_long:confirmation_separator:in256:out4096:aimd-deepseek-v4-flash-0731-short_long-separator-0,load_epoch:aimd-deepseek-v4-flash-0731-short_long-separator-0,required,,deepseek-v4-flash-0731,completed,load,2026-08-28T12:06:17.786117Z
short_long:confirmation_separator:in256:out4096:aimd-deepseek-v4-flash-0731-short_long-separator-1,load_epoch:aimd-deepseek-v4-flash-0731-short_long-separator-1,required,,deepseek-v4-flash-0731,completed,load,2026-08-28T12:09:06.092990Z
short_long:confirmation_separator:in256:out4096:aimd-deepseek-v4-flash-0731-short_long-separator-stage-1-0,load_epoch:aimd-deepseek-v4-flash-0731-short_long-separator-stage-1-0,conditional_on_prior_confirmation_failure,lower_rate_confirmation_not_needed,deepseek-v4-flash-0731,not_applicable,load,2026-08-28T12:10:27.768975Z
short_long:confirmation_separator:in256:out4096:aimd-deepseek-v4-flash-0731-short_long-separator-stage-1-1,load_epoch:aimd-deepseek-v4-flash-0731-short_long-separator-stage-1-1,conditional_on_prior_confirmation_failure,lower_rate_confirmation_not_needed,deepseek-v4-flash-0731,not_applicable,load,2026-08-28T12:10:27.772558Z
short_long:recovery_after_observed_overload:in256:out4096:aimd-deepseek-v4-flash-0731-short_long-recovery,load_epoch:aimd-deepseek-v4-flash-0731-short_long-recovery,conditional_on_overload,no_two_epoch_overload_observed,deepseek-v4-flash-0731,not_applicable,load,2026-08-28T12:10:27.775968Z
short_short:aimd:in256:out128:aimd-deepseek-v4-flash-0731-short_short-000,load_epoch:aimd-deepseek-v4-flash-0731-short_short-000,required,time_guard,deepseek-v4-flash-0731,time_censored,load,2026-08-28T12:35:38.031921Z
short_short:aimd:in256:out128:aimd-deepseek-v4-flash-0731-short_short-001,load_epoch:aimd-deepseek-v4-flash-0731-short_short-001,required,time_guard,deepseek-v4-flash-0731,time_censored,load,2026-08-28T12:35:38.031921Z
short_short:aimd:in256:out128:aimd-deepseek-v4-flash-0731-short_short-002,load_epoch:aimd-deepseek-v4-flash-0731-short_short-002,required,time_guard,deepseek-v4-flash-0731,time_censored,load,2026-08-28T12:35:38.031921Z
short_short:aimd:in256:out128:aimd-deepseek-v4-flash-0731-short_short-003,load_epoch:aimd-deepseek-v4-flash-0731-short_short-003,required,time_guard,deepseek-v4-flash-0731,time_censored,load,2026-08-28T12:35:38.031921Z
short_short:aimd:in256:out128:aimd-deepseek-v4-flash-0731-short_short-004,load_epoch:aimd-deepseek-v4-flash-0731-short_short-004,required,time_guard,deepseek-v4-flash-0731,time_censored,load,2026-08-28T12:35:38.031921Z
short_short:aimd:in256:out128:aimd-deepseek-v4-flash-0731-short_short-005,load_epoch:aimd-deepseek-v4-flash-0731-short_short-005,required,time_guard,deepseek-v4-flash-0731,time_censored,load,2026-08-28T12:35:38.031921Z
short_short:aimd:in256:out128:aimd-deepseek-v4-flash-0731-short_short-006,load_epoch:aimd-deepseek-v4-flash-0731-short_short-006,required,time_guard,deepseek-v4-flash-0731,time_censored,load,2026-08-28T12:35:38.031921Z
short_short:aimd:in256:out128:aimd-deepseek-v4-flash-0731-short_short-007,load_epoch:aimd-deepseek-v4-flash-0731-short_short-007,required,time_guard,deepseek-v4-flash-0731,time_censored,load,2026-08-28T12:35:38.031921Z
short_short:aimd:in256:out128:aimd-deepseek-v4-flash-0731-short_short-008,load_epoch:aimd-deepseek-v4-flash-0731-short_short-008,required,time_guard,deepseek-v4-flash-0731,time_censored,load,2026-08-28T12:35:38.031921Z
short_short:baseline:in256:out128:aimd-deepseek-v4-flash-0731-short_short-baseline,load_epoch:aimd-deepseek-v4-flash-0731-short_short-baseline,required,time_guard,deepseek-v4-flash-0731,time_censored,load,2026-08-28T12:35:38.031921Z
short_short:baseline:in256:out128:aimd-deepseek-v4-flash-0731-short_short-baseline-attempt-1,load_epoch:aimd-deepseek-v4-flash-0731-short_short-baseline-attempt-1,conditional_on_prior_baseline_failure,time_guard,deepseek-v4-flash-0731,time_censored,load,2026-08-28T12:35:38.031921Z
short_short:baseline:in256:out128:aimd-deepseek-v4-flash-0731-short_short-baseline-attempt-2,load_epoch:aimd-deepseek-v4-flash-0731-short_short-baseline-attempt-2,conditional_on_prior_baseline_failure,time_guard,deepseek-v4-flash-0731,time_censored,load,2026-08-28T12:35:38.031921Z
short_short:confirmation:in256:out128:aimd-deepseek-v4-flash-0731-short_short-confirm-0,load_epoch:aimd-deepseek-v4-flash-0731-short_short-confirm-0,required,time_guard,deepseek-v4-flash-0731,time_censored,load,2026-08-28T12:35:38.031921Z
short_short:confirmation:in256:out128:aimd-deepseek-v4-flash-0731-short_short-confirm-1,load_epoch:aimd-deepseek-v4-flash-0731-short_short-confirm-1,required,time_guard,deepseek-v4-flash-0731,time_censored,load,2026-08-28T12:35:38.031921Z
short_short:confirmation:in256:out128:aimd-deepseek-v4-flash-0731-short_short-confirm-2,load_epoch:aimd-deepseek-v4-flash-0731-short_short-confirm-2,required,time_guard,deepseek-v4-flash-0731,time_censored,load,2026-08-28T12:35:38.031921Z
short_short:confirmation:in256:out128:aimd-deepseek-v4-flash-0731-short_short-confirm-stage-1-0,load_epoch:aimd-deepseek-v4-flash-0731-short_short-confirm-stage-1-0,conditional_on_prior_confirmation_failure,time_guard,deepseek-v4-flash-0731,time_censored,load,2026-08-28T12:35:38.031921Z
short_short:confirmation:in256:out128:aimd-deepseek-v4-flash-0731-short_short-confirm-stage-1-1,load_epoch:aimd-deepseek-v4-flash-0731-short_short-confirm-stage-1-1,conditional_on_prior_confirmation_failure,time_guard,deepseek-v4-flash-0731,time_censored,load,2026-08-28T12:35:38.031921Z
short_short:confirmation:in256:out128:aimd-deepseek-v4-flash-0731-short_short-confirm-stage-1-2,load_epoch:aimd-deepseek-v4-flash-0731-short_short-confirm-stage-1-2,conditional_on_prior_confirmation_failure,time_guard,deepseek-v4-flash-0731,time_censored,load,2026-08-28T12:35:38.031921Z
short_short:confirmation_separator:in256:out128:aimd-deepseek-v4-flash-0731-short_short-separator-0,load_epoch:aimd-deepseek-v4-flash-0731-short_short-separator-0,required,time_guard,deepseek-v4-flash-0731,time_censored,load,2026-08-28T12:35:38.031921Z
short_short:confirmation_separator:in256:out128:aimd-deepseek-v4-flash-0731-short_short-separator-1,load_epoch:aimd-deepseek-v4-flash-0731-short_short-separator-1,required,time_guard,deepseek-v4-flash-0731,time_censored,load,2026-08-28T12:35:38.031921Z
short_short:confirmation_separator:in256:out128:aimd-deepseek-v4-flash-0731-short_short-separator-stage-1-0,load_epoch:aimd-deepseek-v4-flash-0731-short_short-separator-stage-1-0,conditional_on_prior_confirmation_failure,time_guard,deepseek-v4-flash-0731,time_censored,load,2026-08-28T12:35:38.031921Z
short_short:confirmation_separator:in256:out128:aimd-deepseek-v4-flash-0731-short_short-separator-stage-1-1,load_epoch:aimd-deepseek-v4-flash-0731-short_short-separator-stage-1-1,conditional_on_prior_confirmation_failure,time_guard,deepseek-v4-flash-0731,time_censored,load,2026-08-28T12:35:38.031921Z
short_short:recovery_after_observed_overload:in256:out128:aimd-deepseek-v4-flash-0731-short_short-recovery,load_epoch:aimd-deepseek-v4-flash-0731-short_short-recovery,conditional_on_overload,time_guard,deepseek-v4-flash-0731,time_censored,load,2026-08-28T12:35:38.031921Z
long_short:aimd:in100000:out128:aimd-gemma-4-31B-it-long_short-000,load_epoch:aimd-gemma-4-31B-it-long_short-000,required,measured_unhealthy_at_all_baseline_rates,gemma-4-31B-it,not_applicable,load,2026-08-28T11:30:57.137875Z
long_short:aimd:in100000:out128:aimd-gemma-4-31B-it-long_short-001,load_epoch:aimd-gemma-4-31B-it-long_short-001,required,measured_unhealthy_at_all_baseline_rates,gemma-4-31B-it,not_applicable,load,2026-08-28T11:30:57.139825Z
long_short:aimd:in100000:out128:aimd-gemma-4-31B-it-long_short-002,load_epoch:aimd-gemma-4-31B-it-long_short-002,required,measured_unhealthy_at_all_baseline_rates,gemma-4-31B-it,not_applicable,load,2026-08-28T11:30:57.141518Z
long_short:aimd:in100000:out128:aimd-gemma-4-31B-it-long_short-003,load_epoch:aimd-gemma-4-31B-it-long_short-003,required,measured_unhealthy_at_all_baseline_rates,gemma-4-31B-it,not_applicable,load,2026-08-28T11:30:57.143288Z
long_short:aimd:in100000:out128:aimd-gemma-4-31B-it-long_short-004,load_epoch:aimd-gemma-4-31B-it-long_short-004,required,measured_unhealthy_at_all_baseline_rates,gemma-4-31B-it,not_applicable,load,2026-08-28T11:30:57.145296Z
long_short:aimd:in100000:out128:aimd-gemma-4-31B-it-long_short-005,load_epoch:aimd-gemma-4-31B-it-long_short-005,required,measured_unhealthy_at_all_baseline_rates,gemma-4-31B-it,not_applicable,load,2026-08-28T11:30:57.147052Z
long_short:aimd:in100000:out128:aimd-gemma-4-31B-it-long_short-006,load_epoch:aimd-gemma-4-31B-it-long_short-006,required,measured_unhealthy_at_all_baseline_rates,gemma-4-31B-it,not_applicable,load,2026-08-28T11:30:57.149165Z
long_short:aimd:in100000:out128:aimd-gemma-4-31B-it-long_short-007,load_epoch:aimd-gemma-4-31B-it-long_short-007,required,measured_unhealthy_at_all_baseline_rates,gemma-4-31B-it,not_applicable,load,2026-08-28T11:30:57.151168Z
long_short:aimd:in100000:out128:aimd-gemma-4-31B-it-long_short-008,load_epoch:aimd-gemma-4-31B-it-long_short-008,required,measured_unhealthy_at_all_baseline_rates,gemma-4-31B-it,not_applicable,load,2026-08-28T11:30:57.152860Z
long_short:baseline:in100000:out128:aimd-gemma-4-31B-it-long_short-baseline,load_epoch:aimd-gemma-4-31B-it-long_short-baseline,required,,gemma-4-31B-it,completed,load,2026-08-28T11:05:26.889047Z
long_short:baseline:in100000:out128:aimd-gemma-4-31B-it-long_short-baseline-attempt-1,load_epoch:aimd-gemma-4-31B-it-long_short-baseline-attempt-1,conditional_on_prior_baseline_failure,,gemma-4-31B-it,completed,load,2026-08-28T11:17:54.539294Z
long_short:baseline:in100000:out128:aimd-gemma-4-31B-it-long_short-baseline-attempt-2,load_epoch:aimd-gemma-4-31B-it-long_short-baseline-attempt-2,conditional_on_prior_baseline_failure,,gemma-4-31B-it,completed,load,2026-08-28T11:30:57.130917Z
long_short:confirmation:in100000:out128:aimd-gemma-4-31B-it-long_short-confirm-0,load_epoch:aimd-gemma-4-31B-it-long_short-confirm-0,required,measured_unhealthy_at_all_baseline_rates,gemma-4-31B-it,not_applicable,load,2026-08-28T11:30:57.154685Z
long_short:confirmation:in100000:out128:aimd-gemma-4-31B-it-long_short-confirm-1,load_epoch:aimd-gemma-4-31B-it-long_short-confirm-1,required,measured_unhealthy_at_all_baseline_rates,gemma-4-31B-it,not_applicable,load,2026-08-28T11:30:57.156434Z
long_short:confirmation:in100000:out128:aimd-gemma-4-31B-it-long_short-confirm-2,load_epoch:aimd-gemma-4-31B-it-long_short-confirm-2,required,measured_unhealthy_at_all_baseline_rates,gemma-4-31B-it,not_applicable,load,2026-08-28T11:30:57.158448Z
long_short:confirmation:in100000:out128:aimd-gemma-4-31B-it-long_short-confirm-stage-1-0,load_epoch:aimd-gemma-4-31B-it-long_short-confirm-stage-1-0,conditional_on_prior_confirmation_failure,measured_unhealthy_at_all_baseline_rates,gemma-4-31B-it,not_applicable,load,2026-08-28T11:30:57.160059Z
long_short:confirmation:in100000:out128:aimd-gemma-4-31B-it-long_short-confirm-stage-1-1,load_epoch:aimd-gemma-4-31B-it-long_short-confirm-stage-1-1,conditional_on_prior_confirmation_failure,measured_unhealthy_at_all_baseline_rates,gemma-4-31B-it,not_applicable,load,2026-08-28T11:30:57.161816Z
long_short:confirmation:in100000:out128:aimd-gemma-4-31B-it-long_short-confirm-stage-1-2,load_epoch:aimd-gemma-4-31B-it-long_short-confirm-stage-1-2,conditional_on_prior_confirmation_failure,measured_unhealthy_at_all_baseline_rates,gemma-4-31B-it,not_applicable,load,2026-08-28T11:30:57.163389Z
long_short:confirmation_separator:in100000:out128:aimd-gemma-4-31B-it-long_short-separator-0,load_epoch:aimd-gemma-4-31B-it-long_short-separator-0,required,measured_unhealthy_at_all_baseline_rates,gemma-4-31B-it,not_applicable,load,2026-08-28T11:30:57.165096Z
long_short:confirmation_separator:in100000:out128:aimd-gemma-4-31B-it-long_short-separator-1,load_epoch:aimd-gemma-4-31B-it-long_short-separator-1,required,measured_unhealthy_at_all_baseline_rates,gemma-4-31B-it,not_applicable,load,2026-08-28T11:30:57.166786Z
long_short:confirmation_separator:in100000:out128:aimd-gemma-4-31B-it-long_short-separator-stage-1-0,load_epoch:aimd-gemma-4-31B-it-long_short-separator-stage-1-0,conditional_on_prior_confirmation_failure,measured_unhealthy_at_all_baseline_rates,gemma-4-31B-it,not_applicable,load,2026-08-28T11:30:57.168652Z
long_short:confirmation_separator:in100000:out128:aimd-gemma-4-31B-it-long_short-separator-stage-1-1,load_epoch:aimd-gemma-4-31B-it-long_short-separator-stage-1-1,conditional_on_prior_confirmation_failure,measured_unhealthy_at_all_baseline_rates,gemma-4-31B-it,not_applicable,load,2026-08-28T11:30:57.170614Z
long_short:recovery_after_observed_overload:in100000:out128:aimd-gemma-4-31B-it-long_short-recovery,load_epoch:aimd-gemma-4-31B-it-long_short-recovery,conditional_on_overload,measured_unhealthy_at_all_baseline_rates,gemma-4-31B-it,not_applicable,load,2026-08-28T11:30:57.172438Z
mixed:aimd:in100000:out128:aimd-gemma-4-31B-it-mixed-006,load_epoch:aimd-gemma-4-31B-it-mixed-006,required,,gemma-4-31B-it,completed,load,2026-08-28T09:40:03.664947Z
mixed:aimd:in1024:out512:aimd-gemma-4-31B-it-mixed-002,load_epoch:aimd-gemma-4-31B-it-mixed-002,required,,gemma-4-31B-it,completed,load,2026-08-28T09:33:17.456428Z
mixed:aimd:in1024:out512:aimd-gemma-4-31B-it-mixed-008,load_epoch:aimd-gemma-4-31B-it-mixed-008,required,,gemma-4-31B-it,completed,load,2026-08-28T09:51:18.739006Z
mixed:aimd:in256:out128:aimd-gemma-4-31B-it-mixed-001,load_epoch:aimd-gemma-4-31B-it-mixed-001,required,,gemma-4-31B-it,completed,load,2026-08-28T09:32:21.335159Z
mixed:aimd:in256:out128:aimd-gemma-4-31B-it-mixed-007,load_epoch:aimd-gemma-4-31B-it-mixed-007,required,,gemma-4-31B-it,completed,load,2026-08-28T09:48:46.435824Z
mixed:aimd:in256:out4096:aimd-gemma-4-31B-it-mixed-000,load_epoch:aimd-gemma-4-31B-it-mixed-000,required,,gemma-4-31B-it,completed,load,2026-08-28T09:30:36.138065Z
mixed:aimd:in256:out4096:aimd-gemma-4-31B-it-mixed-003,load_epoch:aimd-gemma-4-31B-it-mixed-003,required,,gemma-4-31B-it,completed,load,2026-08-28T09:35:35.699524Z
mixed:aimd:in256:out4096:aimd-gemma-4-31B-it-mixed-004,load_epoch:aimd-gemma-4-31B-it-mixed-004,required,,gemma-4-31B-it,completed,load,2026-08-28T09:37:15.360446Z
mixed:aimd:in256:out4096:aimd-gemma-4-31B-it-mixed-005,load_epoch:aimd-gemma-4-31B-it-mixed-005,required,,gemma-4-31B-it,completed,load,2026-08-28T09:38:21.524074Z
mixed:baseline:in100000:out128:aimd-gemma-4-31B-it-mixed-baseline-attempt-1,load_epoch:aimd-gemma-4-31B-it-mixed-baseline-attempt-1,conditional_on_prior_baseline_failure,healthy_baseline_already_established,gemma-4-31B-it,not_applicable,load,2026-08-28T09:29:38.139146Z
mixed:baseline:in256:out128:aimd-gemma-4-31B-it-mixed-baseline,load_epoch:aimd-gemma-4-31B-it-mixed-baseline,required,,gemma-4-31B-it,completed,load,2026-08-28T09:29:38.137228Z
mixed:baseline:in256:out4096:aimd-gemma-4-31B-it-mixed-baseline-attempt-2,load_epoch:aimd-gemma-4-31B-it-mixed-baseline-attempt-2,conditional_on_prior_baseline_failure,healthy_baseline_already_established,gemma-4-31B-it,not_applicable,load,2026-08-28T09:29:38.140797Z
mixed:confirmation:in100000:out128:aimd-gemma-4-31B-it-mixed-confirm-1,load_epoch:aimd-gemma-4-31B-it-mixed-confirm-1,required,,gemma-4-31B-it,completed,load,2026-08-28T09:57:30.565234Z
mixed:confirmation:in100000:out128:aimd-gemma-4-31B-it-mixed-confirm-stage-1-0,load_epoch:aimd-gemma-4-31B-it-mixed-confirm-stage-1-0,conditional_on_prior_confirmation_failure,lower_rate_confirmation_not_needed,gemma-4-31B-it,not_applicable,load,2026-08-28T10:00:40.211834Z
mixed:confirmation:in100000:out128:aimd-gemma-4-31B-it-mixed-confirm-stage-1-1,load_epoch:aimd-gemma-4-31B-it-mixed-confirm-stage-1-1,conditional_on_prior_confirmation_failure,lower_rate_confirmation_not_needed,gemma-4-31B-it,not_applicable,load,2026-08-28T10:00:40.216097Z
mixed:confirmation:in1024:out512:aimd-gemma-4-31B-it-mixed-confirm-0,load_epoch:aimd-gemma-4-31B-it-mixed-confirm-0,required,,gemma-4-31B-it,completed,load,2026-08-28T09:54:09.130927Z
mixed:confirmation:in1024:out512:aimd-gemma-4-31B-it-mixed-confirm-2,load_epoch:aimd-gemma-4-31B-it-mixed-confirm-2,required,,gemma-4-31B-it,completed,load,2026-08-28T10:00:40.209557Z
mixed:confirmation:in256:out128:aimd-gemma-4-31B-it-mixed-confirm-stage-1-2,load_epoch:aimd-gemma-4-31B-it-mixed-confirm-stage-1-2,conditional_on_prior_confirmation_failure,lower_rate_confirmation_not_needed,gemma-4-31B-it,not_applicable,load,2026-08-28T10:00:40.219927Z
mixed:confirmation_separator:in100000:out128:aimd-gemma-4-31B-it-mixed-separator-0,load_epoch:aimd-gemma-4-31B-it-mixed-separator-0,required,,gemma-4-31B-it,completed,load,2026-08-28T09:55:34.969682Z
mixed:confirmation_separator:in256:out128:aimd-gemma-4-31B-it-mixed-separator-stage-1-0,load_epoch:aimd-gemma-4-31B-it-mixed-separator-stage-1-0,conditional_on_prior_confirmation_failure,lower_rate_confirmation_not_needed,gemma-4-31B-it,not_applicable,load,2026-08-28T10:00:40.214032Z
mixed:confirmation_separator:in256:out4096:aimd-gemma-4-31B-it-mixed-separator-1,load_epoch:aimd-gemma-4-31B-it-mixed-separator-1,required,,gemma-4-31B-it,completed,load,2026-08-28T09:58:52.532023Z
mixed:confirmation_separator:in256:out4096:aimd-gemma-4-31B-it-mixed-separator-stage-1-1,load_epoch:aimd-gemma-4-31B-it-mixed-separator-stage-1-1,conditional_on_prior_confirmation_failure,lower_rate_confirmation_not_needed,gemma-4-31B-it,not_applicable,load,2026-08-28T10:00:40.218130Z
mixed:recovery_after_observed_overload:in256:out4096:aimd-gemma-4-31B-it-mixed-recovery,load_epoch:aimd-gemma-4-31B-it-mixed-recovery,conditional_on_overload,no_two_epoch_overload_observed,gemma-4-31B-it,not_applicable,load,2026-08-28T10:00:40.221807Z
short_long:aimd:in256:out4096:aimd-gemma-4-31B-it-short_long-000,load_epoch:aimd-gemma-4-31B-it-short_long-000,required,zero_scheduled_poisson_arrivals,gemma-4-31B-it,inconclusive,load,2026-08-28T09:05:26.088807Z
short_long:aimd:in256:out4096:aimd-gemma-4-31B-it-short_long-001,load_epoch:aimd-gemma-4-31B-it-short_long-001,required,,gemma-4-31B-it,completed,load,2026-08-28T09:06:20.017127Z
short_long:aimd:in256:out4096:aimd-gemma-4-31B-it-short_long-002,load_epoch:aimd-gemma-4-31B-it-short_long-002,required,,gemma-4-31B-it,completed,load,2026-08-28T09:07:08.244872Z
short_long:aimd:in256:out4096:aimd-gemma-4-31B-it-short_long-003,load_epoch:aimd-gemma-4-31B-it-short_long-003,required,,gemma-4-31B-it,completed,load,2026-08-28T09:08:33.907278Z
short_long:aimd:in256:out4096:aimd-gemma-4-31B-it-short_long-004,load_epoch:aimd-gemma-4-31B-it-short_long-004,required,,gemma-4-31B-it,completed,load,2026-08-28T09:10:03.122248Z
short_long:aimd:in256:out4096:aimd-gemma-4-31B-it-short_long-005,load_epoch:aimd-gemma-4-31B-it-short_long-005,required,,gemma-4-31B-it,completed,load,2026-08-28T09:11:32.883437Z
short_long:aimd:in256:out4096:aimd-gemma-4-31B-it-short_long-006,load_epoch:aimd-gemma-4-31B-it-short_long-006,required,,gemma-4-31B-it,completed,load,2026-08-28T09:13:03.863248Z
short_long:aimd:in256:out4096:aimd-gemma-4-31B-it-short_long-007,load_epoch:aimd-gemma-4-31B-it-short_long-007,required,,gemma-4-31B-it,completed,load,2026-08-28T09:13:38.977825Z
short_long:aimd:in256:out4096:aimd-gemma-4-31B-it-short_long-008,load_epoch:aimd-gemma-4-31B-it-short_long-008,required,,gemma-4-31B-it,completed,load,2026-08-28T09:14:35.192807Z
short_long:baseline:in256:out4096:aimd-gemma-4-31B-it-short_long-baseline,load_epoch:aimd-gemma-4-31B-it-short_long-baseline,required,,gemma-4-31B-it,completed,load,2026-08-28T09:05:21.071916Z
short_long:baseline:in256:out4096:aimd-gemma-4-31B-it-short_long-baseline-attempt-1,load_epoch:aimd-gemma-4-31B-it-short_long-baseline-attempt-1,conditional_on_prior_baseline_failure,healthy_baseline_already_established,gemma-4-31B-it,not_applicable,load,2026-08-28T09:05:21.074016Z
short_long:baseline:in256:out4096:aimd-gemma-4-31B-it-short_long-baseline-attempt-2,load_epoch:aimd-gemma-4-31B-it-short_long-baseline-attempt-2,conditional_on_prior_baseline_failure,healthy_baseline_already_established,gemma-4-31B-it,not_applicable,load,2026-08-28T09:05:21.075832Z
short_long:confirmation:in256:out4096:aimd-gemma-4-31B-it-short_long-confirm-0,load_epoch:aimd-gemma-4-31B-it-short_long-confirm-0,required,,gemma-4-31B-it,completed,load,2026-08-28T09:17:56.557792Z
short_long:confirmation:in256:out4096:aimd-gemma-4-31B-it-short_long-confirm-1,load_epoch:aimd-gemma-4-31B-it-short_long-confirm-1,required,,gemma-4-31B-it,completed,load,2026-08-28T09:20:53.384037Z
short_long:confirmation:in256:out4096:aimd-gemma-4-31B-it-short_long-confirm-2,load_epoch:aimd-gemma-4-31B-it-short_long-confirm-2,required,,gemma-4-31B-it,completed,load,2026-08-28T09:24:24.799035Z
short_long:confirmation:in256:out4096:aimd-gemma-4-31B-it-short_long-confirm-stage-1-0,load_epoch:aimd-gemma-4-31B-it-short_long-confirm-stage-1-0,conditional_on_prior_confirmation_failure,lower_rate_confirmation_not_needed,gemma-4-31B-it,not_applicable,load,2026-08-28T09:24:24.801169Z
short_long:confirmation:in256:out4096:aimd-gemma-4-31B-it-short_long-confirm-stage-1-1,load_epoch:aimd-gemma-4-31B-it-short_long-confirm-stage-1-1,conditional_on_prior_confirmation_failure,lower_rate_confirmation_not_needed,gemma-4-31B-it,not_applicable,load,2026-08-28T09:24:24.804418Z
short_long:confirmation:in256:out4096:aimd-gemma-4-31B-it-short_long-confirm-stage-1-2,load_epoch:aimd-gemma-4-31B-it-short_long-confirm-stage-1-2,conditional_on_prior_confirmation_failure,lower_rate_confirmation_not_needed,gemma-4-31B-it,not_applicable,load,2026-08-28T09:24:24.807645Z
short_long:confirmation_separator:in256:out4096:aimd-gemma-4-31B-it-short_long-separator-0,load_epoch:aimd-gemma-4-31B-it-short_long-separator-0,required,,gemma-4-31B-it,completed,load,2026-08-28T09:19:31.146888Z
short_long:confirmation_separator:in256:out4096:aimd-gemma-4-31B-it-short_long-separator-1,load_epoch:aimd-gemma-4-31B-it-short_long-separator-1,required,,gemma-4-31B-it,completed,load,2026-08-28T09:22:28.137481Z
short_long:confirmation_separator:in256:out4096:aimd-gemma-4-31B-it-short_long-separator-stage-1-0,load_epoch:aimd-gemma-4-31B-it-short_long-separator-stage-1-0,conditional_on_prior_confirmation_failure,lower_rate_confirmation_not_needed,gemma-4-31B-it,not_applicable,load,2026-08-28T09:24:24.802696Z
short_long:confirmation_separator:in256:out4096:aimd-gemma-4-31B-it-short_long-separator-stage-1-1,load_epoch:aimd-gemma-4-31B-it-short_long-separator-stage-1-1,conditional_on_prior_confirmation_failure,lower_rate_confirmation_not_needed,gemma-4-31B-it,not_applicable,load,2026-08-28T09:24:24.806107Z
short_long:recovery_after_observed_overload:in256:out4096:aimd-gemma-4-31B-it-short_long-recovery,load_epoch:aimd-gemma-4-31B-it-short_long-recovery,conditional_on_overload,no_two_epoch_overload_observed,gemma-4-31B-it,not_applicable,load,2026-08-28T09:24:24.809353Z
short_short:aimd:in256:out128:aimd-gemma-4-31B-it-short_short-000,load_epoch:aimd-gemma-4-31B-it-short_short-000,required,,gemma-4-31B-it,completed,load,2026-08-28T11:46:08.434716Z
short_short:aimd:in256:out128:aimd-gemma-4-31B-it-short_short-001,load_epoch:aimd-gemma-4-31B-it-short_short-001,required,,gemma-4-31B-it,completed,load,2026-08-28T11:46:13.443744Z
short_short:aimd:in256:out128:aimd-gemma-4-31B-it-short_short-002,load_epoch:aimd-gemma-4-31B-it-short_short-002,required,,gemma-4-31B-it,completed,load,2026-08-28T11:46:57.702982Z
short_short:aimd:in256:out128:aimd-gemma-4-31B-it-short_short-003,load_epoch:aimd-gemma-4-31B-it-short_short-003,required,,gemma-4-31B-it,completed,load,2026-08-28T11:47:03.381025Z
short_short:aimd:in256:out128:aimd-gemma-4-31B-it-short_short-004,load_epoch:aimd-gemma-4-31B-it-short_short-004,required,,gemma-4-31B-it,completed,load,2026-08-28T11:47:08.706026Z
short_short:aimd:in256:out128:aimd-gemma-4-31B-it-short_short-005,load_epoch:aimd-gemma-4-31B-it-short_short-005,required,,gemma-4-31B-it,completed,load,2026-08-28T11:47:13.715274Z
short_short:aimd:in256:out128:aimd-gemma-4-31B-it-short_short-006,load_epoch:aimd-gemma-4-31B-it-short_short-006,required,,gemma-4-31B-it,completed,load,2026-08-28T11:47:18.725036Z
short_short:aimd:in256:out128:aimd-gemma-4-31B-it-short_short-007,load_epoch:aimd-gemma-4-31B-it-short_short-007,required,,gemma-4-31B-it,completed,load,2026-08-28T11:47:23.734063Z
short_short:aimd:in256:out128:aimd-gemma-4-31B-it-short_short-008,load_epoch:aimd-gemma-4-31B-it-short_short-008,required,,gemma-4-31B-it,completed,load,2026-08-28T11:47:30.101333Z
short_short:baseline:in256:out128:aimd-gemma-4-31B-it-short_short-baseline,load_epoch:aimd-gemma-4-31B-it-short_short-baseline,required,,gemma-4-31B-it,completed,load,2026-08-28T11:46:03.186413Z
short_short:baseline:in256:out128:aimd-gemma-4-31B-it-short_short-baseline-attempt-1,load_epoch:aimd-gemma-4-31B-it-short_short-baseline-attempt-1,conditional_on_prior_baseline_failure,healthy_baseline_already_established,gemma-4-31B-it,not_applicable,load,2026-08-28T11:46:03.188470Z
short_short:baseline:in256:out128:aimd-gemma-4-31B-it-short_short-baseline-attempt-2,load_epoch:aimd-gemma-4-31B-it-short_short-baseline-attempt-2,conditional_on_prior_baseline_failure,healthy_baseline_already_established,gemma-4-31B-it,not_applicable,load,2026-08-28T11:46:03.190697Z
short_short:confirmation:in256:out128:aimd-gemma-4-31B-it-short_short-confirm-0,load_epoch:aimd-gemma-4-31B-it-short_short-confirm-0,required,,gemma-4-31B-it,completed,load,2026-08-28T11:47:35.624459Z
short_short:confirmation:in256:out128:aimd-gemma-4-31B-it-short_short-confirm-1,load_epoch:aimd-gemma-4-31B-it-short_short-confirm-1,required,,gemma-4-31B-it,completed,load,2026-08-28T11:47:46.276782Z
short_short:confirmation:in256:out128:aimd-gemma-4-31B-it-short_short-confirm-2,load_epoch:aimd-gemma-4-31B-it-short_short-confirm-2,required,,gemma-4-31B-it,completed,load,2026-08-28T11:47:57.817432Z
short_short:confirmation:in256:out128:aimd-gemma-4-31B-it-short_short-confirm-stage-1-0,load_epoch:aimd-gemma-4-31B-it-short_short-confirm-stage-1-0,conditional_on_prior_confirmation_failure,,gemma-4-31B-it,completed,load,2026-08-28T11:48:03.171890Z
short_short:confirmation:in256:out128:aimd-gemma-4-31B-it-short_short-confirm-stage-1-1,load_epoch:aimd-gemma-4-31B-it-short_short-confirm-stage-1-1,conditional_on_prior_confirmation_failure,,gemma-4-31B-it,completed,load,2026-08-28T11:48:13.252706Z
short_short:confirmation:in256:out128:aimd-gemma-4-31B-it-short_short-confirm-stage-1-2,load_epoch:aimd-gemma-4-31B-it-short_short-confirm-stage-1-2,conditional_on_prior_confirmation_failure,,gemma-4-31B-it,completed,load,2026-08-28T11:48:23.337887Z
short_short:confirmation_separator:in256:out128:aimd-gemma-4-31B-it-short_short-separator-0,load_epoch:aimd-gemma-4-31B-it-short_short-separator-0,required,,gemma-4-31B-it,completed,load,2026-08-28T11:47:40.705685Z
short_short:confirmation_separator:in256:out128:aimd-gemma-4-31B-it-short_short-separator-1,load_epoch:aimd-gemma-4-31B-it-short_short-separator-1,required,,gemma-4-31B-it,completed,load,2026-08-28T11:47:51.330555Z
short_short:confirmation_separator:in256:out128:aimd-gemma-4-31B-it-short_short-separator-stage-1-0,load_epoch:aimd-gemma-4-31B-it-short_short-separator-stage-1-0,conditional_on_prior_confirmation_failure,,gemma-4-31B-it,completed,load,2026-08-28T11:48:08.243406Z
short_short:confirmation_separator:in256:out128:aimd-gemma-4-31B-it-short_short-separator-stage-1-1,load_epoch:aimd-gemma-4-31B-it-short_short-separator-stage-1-1,conditional_on_prior_confirmation_failure,,gemma-4-31B-it,completed,load,2026-08-28T11:48:18.328527Z
short_short:recovery_after_observed_overload:in256:out128:aimd-gemma-4-31B-it-short_short-recovery,load_epoch:aimd-gemma-4-31B-it-short_short-recovery,conditional_on_overload,,gemma-4-31B-it,completed,load,2026-08-28T11:48:28.892323Z
long_short:aimd:in100000:out128:aimd-glm-5.2-long_short-000,load_epoch:aimd-glm-5.2-long_short-000,required,measured_unhealthy_at_all_baseline_rates,glm-5.2,not_applicable,load,2026-08-28T11:45:42.887561Z
long_short:aimd:in100000:out128:aimd-glm-5.2-long_short-001,load_epoch:aimd-glm-5.2-long_short-001,required,measured_unhealthy_at_all_baseline_rates,glm-5.2,not_applicable,load,2026-08-28T11:45:42.889311Z
long_short:aimd:in100000:out128:aimd-glm-5.2-long_short-002,load_epoch:aimd-glm-5.2-long_short-002,required,measured_unhealthy_at_all_baseline_rates,glm-5.2,not_applicable,load,2026-08-28T11:45:42.891270Z
long_short:aimd:in100000:out128:aimd-glm-5.2-long_short-003,load_epoch:aimd-glm-5.2-long_short-003,required,measured_unhealthy_at_all_baseline_rates,glm-5.2,not_applicable,load,2026-08-28T11:45:42.893036Z
long_short:aimd:in100000:out128:aimd-glm-5.2-long_short-004,load_epoch:aimd-glm-5.2-long_short-004,required,measured_unhealthy_at_all_baseline_rates,glm-5.2,not_applicable,load,2026-08-28T11:45:42.894931Z
long_short:aimd:in100000:out128:aimd-glm-5.2-long_short-005,load_epoch:aimd-glm-5.2-long_short-005,required,measured_unhealthy_at_all_baseline_rates,glm-5.2,not_applicable,load,2026-08-28T11:45:42.896902Z
long_short:aimd:in100000:out128:aimd-glm-5.2-long_short-006,load_epoch:aimd-glm-5.2-long_short-006,required,measured_unhealthy_at_all_baseline_rates,glm-5.2,not_applicable,load,2026-08-28T11:45:42.898948Z
long_short:aimd:in100000:out128:aimd-glm-5.2-long_short-007,load_epoch:aimd-glm-5.2-long_short-007,required,measured_unhealthy_at_all_baseline_rates,glm-5.2,not_applicable,load,2026-08-28T11:45:42.900827Z
long_short:aimd:in100000:out128:aimd-glm-5.2-long_short-008,load_epoch:aimd-glm-5.2-long_short-008,required,measured_unhealthy_at_all_baseline_rates,glm-5.2,not_applicable,load,2026-08-28T11:45:42.902730Z
long_short:baseline:in100000:out128:aimd-glm-5.2-long_short-baseline,load_epoch:aimd-glm-5.2-long_short-baseline,required,,glm-5.2,completed,load,2026-08-28T11:43:32.286476Z
long_short:baseline:in100000:out128:aimd-glm-5.2-long_short-baseline-attempt-1,load_epoch:aimd-glm-5.2-long_short-baseline-attempt-1,conditional_on_prior_baseline_failure,,glm-5.2,completed,load,2026-08-28T11:44:17.454724Z
long_short:baseline:in100000:out128:aimd-glm-5.2-long_short-baseline-attempt-2,load_epoch:aimd-glm-5.2-long_short-baseline-attempt-2,conditional_on_prior_baseline_failure,,glm-5.2,completed,load,2026-08-28T11:45:42.881498Z
long_short:confirmation:in100000:out128:aimd-glm-5.2-long_short-confirm-0,load_epoch:aimd-glm-5.2-long_short-confirm-0,required,measured_unhealthy_at_all_baseline_rates,glm-5.2,not_applicable,load,2026-08-28T11:45:42.909448Z
long_short:confirmation:in100000:out128:aimd-glm-5.2-long_short-confirm-1,load_epoch:aimd-glm-5.2-long_short-confirm-1,required,measured_unhealthy_at_all_baseline_rates,glm-5.2,not_applicable,load,2026-08-28T11:45:42.912762Z
long_short:confirmation:in100000:out128:aimd-glm-5.2-long_short-confirm-2,load_epoch:aimd-glm-5.2-long_short-confirm-2,required,measured_unhealthy_at_all_baseline_rates,glm-5.2,not_applicable,load,2026-08-28T11:45:42.914643Z
long_short:confirmation:in100000:out128:aimd-glm-5.2-long_short-confirm-stage-1-0,load_epoch:aimd-glm-5.2-long_short-confirm-stage-1-0,conditional_on_prior_confirmation_failure,measured_unhealthy_at_all_baseline_rates,glm-5.2,not_applicable,load,2026-08-28T11:45:42.916414Z
long_short:confirmation:in100000:out128:aimd-glm-5.2-long_short-confirm-stage-1-1,load_epoch:aimd-glm-5.2-long_short-confirm-stage-1-1,conditional_on_prior_confirmation_failure,measured_unhealthy_at_all_baseline_rates,glm-5.2,not_applicable,load,2026-08-28T11:45:42.917965Z
long_short:confirmation:in100000:out128:aimd-glm-5.2-long_short-confirm-stage-1-2,load_epoch:aimd-glm-5.2-long_short-confirm-stage-1-2,conditional_on_prior_confirmation_failure,measured_unhealthy_at_all_baseline_rates,glm-5.2,not_applicable,load,2026-08-28T11:45:42.919641Z
long_short:confirmation_separator:in100000:out128:aimd-glm-5.2-long_short-separator-0,load_epoch:aimd-glm-5.2-long_short-separator-0,required,measured_unhealthy_at_all_baseline_rates,glm-5.2,not_applicable,load,2026-08-28T11:45:42.921274Z
long_short:confirmation_separator:in100000:out128:aimd-glm-5.2-long_short-separator-1,load_epoch:aimd-glm-5.2-long_short-separator-1,required,measured_unhealthy_at_all_baseline_rates,glm-5.2,not_applicable,load,2026-08-28T11:45:42.922890Z
long_short:confirmation_separator:in100000:out128:aimd-glm-5.2-long_short-separator-stage-1-0,load_epoch:aimd-glm-5.2-long_short-separator-stage-1-0,conditional_on_prior_confirmation_failure,measured_unhealthy_at_all_baseline_rates,glm-5.2,not_applicable,load,2026-08-28T11:45:42.924408Z
long_short:confirmation_separator:in100000:out128:aimd-glm-5.2-long_short-separator-stage-1-1,load_epoch:aimd-glm-5.2-long_short-separator-stage-1-1,conditional_on_prior_confirmation_failure,measured_unhealthy_at_all_baseline_rates,glm-5.2,not_applicable,load,2026-08-28T11:45:42.926281Z
long_short:recovery_after_observed_overload:in100000:out128:aimd-glm-5.2-long_short-recovery,load_epoch:aimd-glm-5.2-long_short-recovery,conditional_on_overload,measured_unhealthy_at_all_baseline_rates,glm-5.2,not_applicable,load,2026-08-28T11:45:42.927875Z
mixed:aimd:in100000:out128:aimd-glm-5.2-mixed-007,load_epoch:aimd-glm-5.2-mixed-007,required,time_guard,glm-5.2,time_censored,load,2026-08-28T12:35:38.031921Z
mixed:aimd:in1024:out512:aimd-glm-5.2-mixed-001,load_epoch:aimd-glm-5.2-mixed-001,required,time_guard,glm-5.2,time_censored,load,2026-08-28T12:35:38.031921Z
mixed:aimd:in1024:out512:aimd-glm-5.2-mixed-002,load_epoch:aimd-glm-5.2-mixed-002,required,time_guard,glm-5.2,time_censored,load,2026-08-28T12:35:38.031921Z
mixed:aimd:in1024:out512:aimd-glm-5.2-mixed-005,load_epoch:aimd-glm-5.2-mixed-005,required,time_guard,glm-5.2,time_censored,load,2026-08-28T12:35:38.031921Z
mixed:aimd:in256:out128:aimd-glm-5.2-mixed-004,load_epoch:aimd-glm-5.2-mixed-004,required,time_guard,glm-5.2,time_censored,load,2026-08-28T12:35:38.031921Z
mixed:aimd:in256:out128:aimd-glm-5.2-mixed-006,load_epoch:aimd-glm-5.2-mixed-006,required,time_guard,glm-5.2,time_censored,load,2026-08-28T12:35:38.031921Z
mixed:aimd:in256:out128:aimd-glm-5.2-mixed-008,load_epoch:aimd-glm-5.2-mixed-008,required,time_guard,glm-5.2,time_censored,load,2026-08-28T12:35:38.031921Z
mixed:aimd:in256:out4096:aimd-glm-5.2-mixed-000,load_epoch:aimd-glm-5.2-mixed-000,required,time_guard,glm-5.2,time_censored,load,2026-08-28T12:35:38.031921Z
mixed:aimd:in256:out4096:aimd-glm-5.2-mixed-003,load_epoch:aimd-glm-5.2-mixed-003,required,time_guard,glm-5.2,time_censored,load,2026-08-28T12:35:38.031921Z
mixed:baseline:in100000:out128:aimd-glm-5.2-mixed-baseline-attempt-2,load_epoch:aimd-glm-5.2-mixed-baseline-attempt-2,conditional_on_prior_baseline_failure,time_guard,glm-5.2,time_censored,load,2026-08-28T12:35:38.031921Z
mixed:baseline:in256:out4096:aimd-glm-5.2-mixed-baseline,load_epoch:aimd-glm-5.2-mixed-baseline,required,time_guard,glm-5.2,time_censored,load,2026-08-28T12:35:38.031921Z
mixed:baseline:in256:out4096:aimd-glm-5.2-mixed-baseline-attempt-1,load_epoch:aimd-glm-5.2-mixed-baseline-attempt-1,conditional_on_prior_baseline_failure,time_guard,glm-5.2,time_censored,load,2026-08-28T12:35:38.031921Z
mixed:confirmation:in100000:out128:aimd-glm-5.2-mixed-confirm-0,load_epoch:aimd-glm-5.2-mixed-confirm-0,required,time_guard,glm-5.2,time_censored,load,2026-08-28T12:35:38.031921Z
mixed:confirmation:in256:out128:aimd-glm-5.2-mixed-confirm-1,load_epoch:aimd-glm-5.2-mixed-confirm-1,required,time_guard,glm-5.2,time_censored,load,2026-08-28T12:35:38.031921Z
mixed:confirmation:in256:out128:aimd-glm-5.2-mixed-confirm-stage-1-0,load_epoch:aimd-glm-5.2-mixed-confirm-stage-1-0,conditional_on_prior_confirmation_failure,time_guard,glm-5.2,time_censored,load,2026-08-28T12:35:38.031921Z
mixed:confirmation:in256:out128:aimd-glm-5.2-mixed-confirm-stage-1-2,load_epoch:aimd-glm-5.2-mixed-confirm-stage-1-2,conditional_on_prior_confirmation_failure,time_guard,glm-5.2,time_censored,load,2026-08-28T12:35:38.031921Z
mixed:confirmation:in256:out4096:aimd-glm-5.2-mixed-confirm-2,load_epoch:aimd-glm-5.2-mixed-confirm-2,required,time_guard,glm-5.2,time_censored,load,2026-08-28T12:35:38.031921Z
mixed:confirmation:in256:out4096:aimd-glm-5.2-mixed-confirm-stage-1-1,load_epoch:aimd-glm-5.2-mixed-confirm-stage-1-1,conditional_on_prior_confirmation_failure,time_guard,glm-5.2,time_censored,load,2026-08-28T12:35:38.031921Z
mixed:confirmation_separator:in100000:out128:aimd-glm-5.2-mixed-separator-stage-1-0,load_epoch:aimd-glm-5.2-mixed-separator-stage-1-0,conditional_on_prior_confirmation_failure,time_guard,glm-5.2,time_censored,load,2026-08-28T12:35:38.031921Z
mixed:confirmation_separator:in256:out128:aimd-glm-5.2-mixed-separator-0,load_epoch:aimd-glm-5.2-mixed-separator-0,required,time_guard,glm-5.2,time_censored,load,2026-08-28T12:35:38.031921Z
mixed:confirmation_separator:in256:out128:aimd-glm-5.2-mixed-separator-1,load_epoch:aimd-glm-5.2-mixed-separator-1,required,time_guard,glm-5.2,time_censored,load,2026-08-28T12:35:38.031921Z
mixed:confirmation_separator:in256:out128:aimd-glm-5.2-mixed-separator-stage-1-1,load_epoch:aimd-glm-5.2-mixed-separator-stage-1-1,conditional_on_prior_confirmation_failure,time_guard,glm-5.2,time_censored,load,2026-08-28T12:35:38.031921Z
mixed:recovery_after_observed_overload:in1024:out512:aimd-glm-5.2-mixed-recovery,load_epoch:aimd-glm-5.2-mixed-recovery,conditional_on_overload,time_guard,glm-5.2,time_censored,load,2026-08-28T12:35:38.031921Z
short_long:aimd:in256:out4096:aimd-glm-5.2-short_long-000,load_epoch:aimd-glm-5.2-short_long-000,required,time_guard,glm-5.2,time_censored,load,2026-08-28T12:35:38.031921Z
short_long:aimd:in256:out4096:aimd-glm-5.2-short_long-001,load_epoch:aimd-glm-5.2-short_long-001,required,time_guard,glm-5.2,time_censored,load,2026-08-28T12:35:38.031921Z
short_long:aimd:in256:out4096:aimd-glm-5.2-short_long-002,load_epoch:aimd-glm-5.2-short_long-002,required,time_guard,glm-5.2,time_censored,load,2026-08-28T12:35:38.031921Z
short_long:aimd:in256:out4096:aimd-glm-5.2-short_long-003,load_epoch:aimd-glm-5.2-short_long-003,required,time_guard,glm-5.2,time_censored,load,2026-08-28T12:35:38.031921Z
short_long:aimd:in256:out4096:aimd-glm-5.2-short_long-004,load_epoch:aimd-glm-5.2-short_long-004,required,time_guard,glm-5.2,time_censored,load,2026-08-28T12:35:38.031921Z
short_long:aimd:in256:out4096:aimd-glm-5.2-short_long-005,load_epoch:aimd-glm-5.2-short_long-005,required,time_guard,glm-5.2,time_censored,load,2026-08-28T12:35:38.031921Z
short_long:aimd:in256:out4096:aimd-glm-5.2-short_long-006,load_epoch:aimd-glm-5.2-short_long-006,required,time_guard,glm-5.2,time_censored,load,2026-08-28T12:35:38.031921Z
short_long:aimd:in256:out4096:aimd-glm-5.2-short_long-007,load_epoch:aimd-glm-5.2-short_long-007,required,time_guard,glm-5.2,time_censored,load,2026-08-28T12:35:38.031921Z
short_long:aimd:in256:out4096:aimd-glm-5.2-short_long-008,load_epoch:aimd-glm-5.2-short_long-008,required,time_guard,glm-5.2,time_censored,load,2026-08-28T12:35:38.031921Z
short_long:baseline:in256:out4096:aimd-glm-5.2-short_long-baseline,load_epoch:aimd-glm-5.2-short_long-baseline,required,time_guard,glm-5.2,time_censored,load,2026-08-28T12:35:38.031921Z
short_long:baseline:in256:out4096:aimd-glm-5.2-short_long-baseline-attempt-1,load_epoch:aimd-glm-5.2-short_long-baseline-attempt-1,conditional_on_prior_baseline_failure,time_guard,glm-5.2,time_censored,load,2026-08-28T12:35:38.031921Z
short_long:baseline:in256:out4096:aimd-glm-5.2-short_long-baseline-attempt-2,load_epoch:aimd-glm-5.2-short_long-baseline-attempt-2,conditional_on_prior_baseline_failure,time_guard,glm-5.2,time_censored,load,2026-08-28T12:35:38.031921Z
short_long:confirmation:in256:out4096:aimd-glm-5.2-short_long-confirm-0,load_epoch:aimd-glm-5.2-short_long-confirm-0,required,time_guard,glm-5.2,time_censored,load,2026-08-28T12:35:38.031921Z
short_long:confirmation:in256:out4096:aimd-glm-5.2-short_long-confirm-1,load_epoch:aimd-glm-5.2-short_long-confirm-1,required,time_guard,glm-5.2,time_censored,load,2026-08-28T12:35:38.031921Z
short_long:confirmation:in256:out4096:aimd-glm-5.2-short_long-confirm-2,load_epoch:aimd-glm-5.2-short_long-confirm-2,required,time_guard,glm-5.2,time_censored,load,2026-08-28T12:35:38.031921Z
short_long:confirmation:in256:out4096:aimd-glm-5.2-short_long-confirm-stage-1-0,load_epoch:aimd-glm-5.2-short_long-confirm-stage-1-0,conditional_on_prior_confirmation_failure,time_guard,glm-5.2,time_censored,load,2026-08-28T12:35:38.031921Z
short_long:confirmation:in256:out4096:aimd-glm-5.2-short_long-confirm-stage-1-1,load_epoch:aimd-glm-5.2-short_long-confirm-stage-1-1,conditional_on_prior_confirmation_failure,time_guard,glm-5.2,time_censored,load,2026-08-28T12:35:38.031921Z
short_long:confirmation:in256:out4096:aimd-glm-5.2-short_long-confirm-stage-1-2,load_epoch:aimd-glm-5.2-short_long-confirm-stage-1-2,conditional_on_prior_confirmation_failure,time_guard,glm-5.2,time_censored,load,2026-08-28T12:35:38.031921Z
short_long:confirmation_separator:in256:out4096:aimd-glm-5.2-short_long-separator-0,load_epoch:aimd-glm-5.2-short_long-separator-0,required,time_guard,glm-5.2,time_censored,load,2026-08-28T12:35:38.031921Z
short_long:confirmation_separator:in256:out4096:aimd-glm-5.2-short_long-separator-1,load_epoch:aimd-glm-5.2-short_long-separator-1,required,time_guard,glm-5.2,time_censored,load,2026-08-28T12:35:38.031921Z
short_long:confirmation_separator:in256:out4096:aimd-glm-5.2-short_long-separator-stage-1-0,load_epoch:aimd-glm-5.2-short_long-separator-stage-1-0,conditional_on_prior_confirmation_failure,time_guard,glm-5.2,time_censored,load,2026-08-28T12:35:38.031921Z
short_long:confirmation_separator:in256:out4096:aimd-glm-5.2-short_long-separator-stage-1-1,load_epoch:aimd-glm-5.2-short_long-separator-stage-1-1,conditional_on_prior_confirmation_failure,time_guard,glm-5.2,time_censored,load,2026-08-28T12:35:38.031921Z
short_long:recovery_after_observed_overload:in256:out4096:aimd-glm-5.2-short_long-recovery,load_epoch:aimd-glm-5.2-short_long-recovery,conditional_on_overload,time_guard,glm-5.2,time_censored,load,2026-08-28T12:35:38.031921Z
short_short:aimd:in256:out128:aimd-glm-5.2-short_short-000,load_epoch:aimd-glm-5.2-short_short-000,required,measured_unhealthy_at_all_baseline_rates,glm-5.2,not_applicable,load,2026-08-28T10:09:47.149766Z
short_short:aimd:in256:out128:aimd-glm-5.2-short_short-001,load_epoch:aimd-glm-5.2-short_short-001,required,measured_unhealthy_at_all_baseline_rates,glm-5.2,not_applicable,load,2026-08-28T10:09:47.151625Z
short_short:aimd:in256:out128:aimd-glm-5.2-short_short-002,load_epoch:aimd-glm-5.2-short_short-002,required,measured_unhealthy_at_all_baseline_rates,glm-5.2,not_applicable,load,2026-08-28T10:09:47.153495Z
short_short:aimd:in256:out128:aimd-glm-5.2-short_short-003,load_epoch:aimd-glm-5.2-short_short-003,required,measured_unhealthy_at_all_baseline_rates,glm-5.2,not_applicable,load,2026-08-28T10:09:47.155389Z
short_short:aimd:in256:out128:aimd-glm-5.2-short_short-004,load_epoch:aimd-glm-5.2-short_short-004,required,measured_unhealthy_at_all_baseline_rates,glm-5.2,not_applicable,load,2026-08-28T10:09:47.157109Z
short_short:aimd:in256:out128:aimd-glm-5.2-short_short-005,load_epoch:aimd-glm-5.2-short_short-005,required,measured_unhealthy_at_all_baseline_rates,glm-5.2,not_applicable,load,2026-08-28T10:09:47.158790Z
short_short:aimd:in256:out128:aimd-glm-5.2-short_short-006,load_epoch:aimd-glm-5.2-short_short-006,required,measured_unhealthy_at_all_baseline_rates,glm-5.2,not_applicable,load,2026-08-28T10:09:47.160249Z
short_short:aimd:in256:out128:aimd-glm-5.2-short_short-007,load_epoch:aimd-glm-5.2-short_short-007,required,measured_unhealthy_at_all_baseline_rates,glm-5.2,not_applicable,load,2026-08-28T10:09:47.162077Z
short_short:aimd:in256:out128:aimd-glm-5.2-short_short-008,load_epoch:aimd-glm-5.2-short_short-008,required,measured_unhealthy_at_all_baseline_rates,glm-5.2,not_applicable,load,2026-08-28T10:09:47.163639Z
short_short:baseline:in256:out128:aimd-glm-5.2-short_short-baseline,load_epoch:aimd-glm-5.2-short_short-baseline,required,,glm-5.2,completed,load,2026-08-28T10:07:47.019847Z
short_short:baseline:in256:out128:aimd-glm-5.2-short_short-baseline-attempt-1,load_epoch:aimd-glm-5.2-short_short-baseline-attempt-1,conditional_on_prior_baseline_failure,,glm-5.2,completed,load,2026-08-28T10:08:27.132901Z
short_short:baseline:in256:out128:aimd-glm-5.2-short_short-baseline-attempt-2,load_epoch:aimd-glm-5.2-short_short-baseline-attempt-2,conditional_on_prior_baseline_failure,,glm-5.2,completed,load,2026-08-28T10:09:47.143778Z
short_short:confirmation:in256:out128:aimd-glm-5.2-short_short-confirm-0,load_epoch:aimd-glm-5.2-short_short-confirm-0,required,measured_unhealthy_at_all_baseline_rates,glm-5.2,not_applicable,load,2026-08-28T10:09:47.165192Z
short_short:confirmation:in256:out128:aimd-glm-5.2-short_short-confirm-1,load_epoch:aimd-glm-5.2-short_short-confirm-1,required,measured_unhealthy_at_all_baseline_rates,glm-5.2,not_applicable,load,2026-08-28T10:09:47.166939Z
short_short:confirmation:in256:out128:aimd-glm-5.2-short_short-confirm-2,load_epoch:aimd-glm-5.2-short_short-confirm-2,required,measured_unhealthy_at_all_baseline_rates,glm-5.2,not_applicable,load,2026-08-28T10:09:47.168669Z
short_short:confirmation:in256:out128:aimd-glm-5.2-short_short-confirm-stage-1-0,load_epoch:aimd-glm-5.2-short_short-confirm-stage-1-0,conditional_on_prior_confirmation_failure,measured_unhealthy_at_all_baseline_rates,glm-5.2,not_applicable,load,2026-08-28T10:09:47.170433Z
short_short:confirmation:in256:out128:aimd-glm-5.2-short_short-confirm-stage-1-1,load_epoch:aimd-glm-5.2-short_short-confirm-stage-1-1,conditional_on_prior_confirmation_failure,measured_unhealthy_at_all_baseline_rates,glm-5.2,not_applicable,load,2026-08-28T10:09:47.172165Z
short_short:confirmation:in256:out128:aimd-glm-5.2-short_short-confirm-stage-1-2,load_epoch:aimd-glm-5.2-short_short-confirm-stage-1-2,conditional_on_prior_confirmation_failure,measured_unhealthy_at_all_baseline_rates,glm-5.2,not_applicable,load,2026-08-28T10:09:47.174427Z
short_short:confirmation_separator:in256:out128:aimd-glm-5.2-short_short-separator-0,load_epoch:aimd-glm-5.2-short_short-separator-0,required,measured_unhealthy_at_all_baseline_rates,glm-5.2,not_applicable,load,2026-08-28T10:09:47.176205Z
short_short:confirmation_separator:in256:out128:aimd-glm-5.2-short_short-separator-1,load_epoch:aimd-glm-5.2-short_short-separator-1,required,measured_unhealthy_at_all_baseline_rates,glm-5.2,not_applicable,load,2026-08-28T10:09:47.177884Z
short_short:confirmation_separator:in256:out128:aimd-glm-5.2-short_short-separator-stage-1-0,load_epoch:aimd-glm-5.2-short_short-separator-stage-1-0,conditional_on_prior_confirmation_failure,measured_unhealthy_at_all_baseline_rates,glm-5.2,not_applicable,load,2026-08-28T10:09:47.179542Z
short_short:confirmation_separator:in256:out128:aimd-glm-5.2-short_short-separator-stage-1-1,load_epoch:aimd-glm-5.2-short_short-separator-stage-1-1,conditional_on_prior_confirmation_failure,measured_unhealthy_at_all_baseline_rates,glm-5.2,not_applicable,load,2026-08-28T10:09:47.181135Z
short_short:recovery_after_observed_overload:in256:out128:aimd-glm-5.2-short_short-recovery,load_epoch:aimd-glm-5.2-short_short-recovery,conditional_on_overload,measured_unhealthy_at_all_baseline_rates,glm-5.2,not_applicable,load,2026-08-28T10:09:47.182688Z
long_short:aimd:in100000:out128:aimd-kimi-k3-long_short-000,load_epoch:aimd-kimi-k3-long_short-000,required,time_guard,kimi-k3,time_censored,load,2026-08-28T12:35:38.031921Z
long_short:aimd:in100000:out128:aimd-kimi-k3-long_short-001,load_epoch:aimd-kimi-k3-long_short-001,required,time_guard,kimi-k3,time_censored,load,2026-08-28T12:35:38.031921Z
long_short:aimd:in100000:out128:aimd-kimi-k3-long_short-002,load_epoch:aimd-kimi-k3-long_short-002,required,time_guard,kimi-k3,time_censored,load,2026-08-28T12:35:38.031921Z
long_short:aimd:in100000:out128:aimd-kimi-k3-long_short-003,load_epoch:aimd-kimi-k3-long_short-003,required,time_guard,kimi-k3,time_censored,load,2026-08-28T12:35:38.031921Z
long_short:aimd:in100000:out128:aimd-kimi-k3-long_short-004,load_epoch:aimd-kimi-k3-long_short-004,required,time_guard,kimi-k3,time_censored,load,2026-08-28T12:35:38.031921Z
long_short:aimd:in100000:out128:aimd-kimi-k3-long_short-005,load_epoch:aimd-kimi-k3-long_short-005,required,time_guard,kimi-k3,time_censored,load,2026-08-28T12:35:38.031921Z
long_short:aimd:in100000:out128:aimd-kimi-k3-long_short-006,load_epoch:aimd-kimi-k3-long_short-006,required,time_guard,kimi-k3,time_censored,load,2026-08-28T12:35:38.031921Z
long_short:aimd:in100000:out128:aimd-kimi-k3-long_short-007,load_epoch:aimd-kimi-k3-long_short-007,required,time_guard,kimi-k3,time_censored,load,2026-08-28T12:35:38.031921Z
long_short:aimd:in100000:out128:aimd-kimi-k3-long_short-008,load_epoch:aimd-kimi-k3-long_short-008,required,time_guard,kimi-k3,time_censored,load,2026-08-28T12:35:38.031921Z
long_short:baseline:in100000:out128:aimd-kimi-k3-long_short-baseline,load_epoch:aimd-kimi-k3-long_short-baseline,required,time_guard,kimi-k3,time_censored,load,2026-08-28T12:35:38.031921Z
long_short:baseline:in100000:out128:aimd-kimi-k3-long_short-baseline-attempt-1,load_epoch:aimd-kimi-k3-long_short-baseline-attempt-1,conditional_on_prior_baseline_failure,time_guard,kimi-k3,time_censored,load,2026-08-28T12:35:38.031921Z
long_short:baseline:in100000:out128:aimd-kimi-k3-long_short-baseline-attempt-2,load_epoch:aimd-kimi-k3-long_short-baseline-attempt-2,conditional_on_prior_baseline_failure,time_guard,kimi-k3,time_censored,load,2026-08-28T12:35:38.031921Z
long_short:confirmation:in100000:out128:aimd-kimi-k3-long_short-confirm-0,load_epoch:aimd-kimi-k3-long_short-confirm-0,required,time_guard,kimi-k3,time_censored,load,2026-08-28T12:35:38.031921Z
long_short:confirmation:in100000:out128:aimd-kimi-k3-long_short-confirm-1,load_epoch:aimd-kimi-k3-long_short-confirm-1,required,time_guard,kimi-k3,time_censored,load,2026-08-28T12:35:38.031921Z
long_short:confirmation:in100000:out128:aimd-kimi-k3-long_short-confirm-2,load_epoch:aimd-kimi-k3-long_short-confirm-2,required,time_guard,kimi-k3,time_censored,load,2026-08-28T12:35:38.031921Z
long_short:confirmation:in100000:out128:aimd-kimi-k3-long_short-confirm-stage-1-0,load_epoch:aimd-kimi-k3-long_short-confirm-stage-1-0,conditional_on_prior_confirmation_failure,time_guard,kimi-k3,time_censored,load,2026-08-28T12:35:38.031921Z
long_short:confirmation:in100000:out128:aimd-kimi-k3-long_short-confirm-stage-1-1,load_epoch:aimd-kimi-k3-long_short-confirm-stage-1-1,conditional_on_prior_confirmation_failure,time_guard,kimi-k3,time_censored,load,2026-08-28T12:35:38.031921Z
long_short:confirmation:in100000:out128:aimd-kimi-k3-long_short-confirm-stage-1-2,load_epoch:aimd-kimi-k3-long_short-confirm-stage-1-2,conditional_on_prior_confirmation_failure,time_guard,kimi-k3,time_censored,load,2026-08-28T12:35:38.031921Z
long_short:confirmation_separator:in100000:out128:aimd-kimi-k3-long_short-separator-0,load_epoch:aimd-kimi-k3-long_short-separator-0,required,time_guard,kimi-k3,time_censored,load,2026-08-28T12:35:38.031921Z
long_short:confirmation_separator:in100000:out128:aimd-kimi-k3-long_short-separator-1,load_epoch:aimd-kimi-k3-long_short-separator-1,required,time_guard,kimi-k3,time_censored,load,2026-08-28T12:35:38.031921Z
long_short:confirmation_separator:in100000:out128:aimd-kimi-k3-long_short-separator-stage-1-0,load_epoch:aimd-kimi-k3-long_short-separator-stage-1-0,conditional_on_prior_confirmation_failure,time_guard,kimi-k3,time_censored,load,2026-08-28T12:35:38.031921Z
long_short:confirmation_separator:in100000:out128:aimd-kimi-k3-long_short-separator-stage-1-1,load_epoch:aimd-kimi-k3-long_short-separator-stage-1-1,conditional_on_prior_confirmation_failure,time_guard,kimi-k3,time_censored,load,2026-08-28T12:35:38.031921Z
long_short:recovery_after_observed_overload:in100000:out128:aimd-kimi-k3-long_short-recovery,load_epoch:aimd-kimi-k3-long_short-recovery,conditional_on_overload,time_guard,kimi-k3,time_censored,load,2026-08-28T12:35:38.031921Z
mixed:aimd:in100000:out128:aimd-kimi-k3-mixed-003,load_epoch:aimd-kimi-k3-mixed-003,required,measured_unhealthy_at_all_baseline_rates,kimi-k3,not_applicable,load,2026-08-28T10:29:54.207023Z
mixed:aimd:in100000:out128:aimd-kimi-k3-mixed-007,load_epoch:aimd-kimi-k3-mixed-007,required,measured_unhealthy_at_all_baseline_rates,kimi-k3,not_applicable,load,2026-08-28T10:29:54.220520Z
mixed:aimd:in100000:out128:aimd-kimi-k3-mixed-008,load_epoch:aimd-kimi-k3-mixed-008,required,measured_unhealthy_at_all_baseline_rates,kimi-k3,not_applicable,load,2026-08-28T10:29:54.222484Z
mixed:aimd:in1024:out512:aimd-kimi-k3-mixed-004,load_epoch:aimd-kimi-k3-mixed-004,required,measured_unhealthy_at_all_baseline_rates,kimi-k3,not_applicable,load,2026-08-28T10:29:54.209283Z
mixed:aimd:in1024:out512:aimd-kimi-k3-mixed-006,load_epoch:aimd-kimi-k3-mixed-006,required,measured_unhealthy_at_all_baseline_rates,kimi-k3,not_applicable,load,2026-08-28T10:29:54.215645Z
mixed:aimd:in256:out128:aimd-kimi-k3-mixed-000,load_epoch:aimd-kimi-k3-mixed-000,required,measured_unhealthy_at_all_baseline_rates,kimi-k3,not_applicable,load,2026-08-28T10:29:54.200486Z
mixed:aimd:in256:out128:aimd-kimi-k3-mixed-002,load_epoch:aimd-kimi-k3-mixed-002,required,measured_unhealthy_at_all_baseline_rates,kimi-k3,not_applicable,load,2026-08-28T10:29:54.205068Z
mixed:aimd:in256:out4096:aimd-kimi-k3-mixed-001,load_epoch:aimd-kimi-k3-mixed-001,required,measured_unhealthy_at_all_baseline_rates,kimi-k3,not_applicable,load,2026-08-28T10:29:54.202811Z
mixed:aimd:in256:out4096:aimd-kimi-k3-mixed-005,load_epoch:aimd-kimi-k3-mixed-005,required,measured_unhealthy_at_all_baseline_rates,kimi-k3,not_applicable,load,2026-08-28T10:29:54.213496Z
mixed:baseline:in100000:out128:aimd-kimi-k3-mixed-baseline,load_epoch:aimd-kimi-k3-mixed-baseline,required,,kimi-k3,completed,load,2026-08-28T10:24:05.473187Z
mixed:baseline:in1024:out512:aimd-kimi-k3-mixed-baseline-attempt-1,load_epoch:aimd-kimi-k3-mixed-baseline-attempt-1,conditional_on_prior_baseline_failure,,kimi-k3,completed,load,2026-08-28T10:26:39.577904Z
mixed:baseline:in256:out128:aimd-kimi-k3-mixed-baseline-attempt-2,load_epoch:aimd-kimi-k3-mixed-baseline-attempt-2,conditional_on_prior_baseline_failure,,kimi-k3,completed,load,2026-08-28T10:29:54.193521Z
mixed:confirmation:in100000:out128:aimd-kimi-k3-mixed-confirm-stage-1-1,load_epoch:aimd-kimi-k3-mixed-confirm-stage-1-1,conditional_on_prior_confirmation_failure,measured_unhealthy_at_all_baseline_rates,kimi-k3,not_applicable,load,2026-08-28T10:29:54.233025Z
mixed:confirmation:in256:out128:aimd-kimi-k3-mixed-confirm-0,load_epoch:aimd-kimi-k3-mixed-confirm-0,required,measured_unhealthy_at_all_baseline_rates,kimi-k3,not_applicable,load,2026-08-28T10:29:54.224489Z
mixed:confirmation:in256:out128:aimd-kimi-k3-mixed-confirm-1,load_epoch:aimd-kimi-k3-mixed-confirm-1,required,measured_unhealthy_at_all_baseline_rates,kimi-k3,not_applicable,load,2026-08-28T10:29:54.226873Z
mixed:confirmation:in256:out128:aimd-kimi-k3-mixed-confirm-2,load_epoch:aimd-kimi-k3-mixed-confirm-2,required,measured_unhealthy_at_all_baseline_rates,kimi-k3,not_applicable,load,2026-08-28T10:29:54.228892Z
mixed:confirmation:in256:out4096:aimd-kimi-k3-mixed-confirm-stage-1-0,load_epoch:aimd-kimi-k3-mixed-confirm-stage-1-0,conditional_on_prior_confirmation_failure,measured_unhealthy_at_all_baseline_rates,kimi-k3,not_applicable,load,2026-08-28T10:29:54.230954Z
mixed:confirmation:in256:out4096:aimd-kimi-k3-mixed-confirm-stage-1-2,load_epoch:aimd-kimi-k3-mixed-confirm-stage-1-2,conditional_on_prior_confirmation_failure,measured_unhealthy_at_all_baseline_rates,kimi-k3,not_applicable,load,2026-08-28T10:29:54.235213Z
mixed:confirmation_separator:in1024:out512:aimd-kimi-k3-mixed-separator-stage-1-0,load_epoch:aimd-kimi-k3-mixed-separator-stage-1-0,conditional_on_prior_confirmation_failure,measured_unhealthy_at_all_baseline_rates,kimi-k3,not_applicable,load,2026-08-28T10:29:54.242543Z
mixed:confirmation_separator:in256:out4096:aimd-kimi-k3-mixed-separator-0,load_epoch:aimd-kimi-k3-mixed-separator-0,required,measured_unhealthy_at_all_baseline_rates,kimi-k3,not_applicable,load,2026-08-28T10:29:54.237395Z
mixed:confirmation_separator:in256:out4096:aimd-kimi-k3-mixed-separator-1,load_epoch:aimd-kimi-k3-mixed-separator-1,required,measured_unhealthy_at_all_baseline_rates,kimi-k3,not_applicable,load,2026-08-28T10:29:54.240458Z
mixed:confirmation_separator:in256:out4096:aimd-kimi-k3-mixed-separator-stage-1-1,load_epoch:aimd-kimi-k3-mixed-separator-stage-1-1,conditional_on_prior_confirmation_failure,measured_unhealthy_at_all_baseline_rates,kimi-k3,not_applicable,load,2026-08-28T10:29:54.247209Z
mixed:recovery_after_observed_overload:in256:out128:aimd-kimi-k3-mixed-recovery,load_epoch:aimd-kimi-k3-mixed-recovery,conditional_on_overload,measured_unhealthy_at_all_baseline_rates,kimi-k3,not_applicable,load,2026-08-28T10:29:54.249215Z
short_long:aimd:in256:out4096:aimd-kimi-k3-short_long-000,load_epoch:aimd-kimi-k3-short_long-000,required,time_guard,kimi-k3,time_censored,load,2026-08-28T12:35:38.031921Z
short_long:aimd:in256:out4096:aimd-kimi-k3-short_long-001,load_epoch:aimd-kimi-k3-short_long-001,required,time_guard,kimi-k3,time_censored,load,2026-08-28T12:35:38.031921Z
short_long:aimd:in256:out4096:aimd-kimi-k3-short_long-002,load_epoch:aimd-kimi-k3-short_long-002,required,time_guard,kimi-k3,time_censored,load,2026-08-28T12:35:38.031921Z
short_long:aimd:in256:out4096:aimd-kimi-k3-short_long-003,load_epoch:aimd-kimi-k3-short_long-003,required,time_guard,kimi-k3,time_censored,load,2026-08-28T12:35:38.031921Z
short_long:aimd:in256:out4096:aimd-kimi-k3-short_long-004,load_epoch:aimd-kimi-k3-short_long-004,required,time_guard,kimi-k3,time_censored,load,2026-08-28T12:35:38.031921Z
short_long:aimd:in256:out4096:aimd-kimi-k3-short_long-005,load_epoch:aimd-kimi-k3-short_long-005,required,time_guard,kimi-k3,time_censored,load,2026-08-28T12:35:38.031921Z
short_long:aimd:in256:out4096:aimd-kimi-k3-short_long-006,load_epoch:aimd-kimi-k3-short_long-006,required,time_guard,kimi-k3,time_censored,load,2026-08-28T12:35:38.031921Z
short_long:aimd:in256:out4096:aimd-kimi-k3-short_long-007,load_epoch:aimd-kimi-k3-short_long-007,required,time_guard,kimi-k3,time_censored,load,2026-08-28T12:35:38.031921Z
short_long:aimd:in256:out4096:aimd-kimi-k3-short_long-008,load_epoch:aimd-kimi-k3-short_long-008,required,time_guard,kimi-k3,time_censored,load,2026-08-28T12:35:38.031921Z
short_long:baseline:in256:out4096:aimd-kimi-k3-short_long-baseline,load_epoch:aimd-kimi-k3-short_long-baseline,required,time_guard,kimi-k3,time_censored,load,2026-08-28T12:35:38.031921Z
short_long:baseline:in256:out4096:aimd-kimi-k3-short_long-baseline-attempt-1,load_epoch:aimd-kimi-k3-short_long-baseline-attempt-1,conditional_on_prior_baseline_failure,time_guard,kimi-k3,time_censored,load,2026-08-28T12:35:38.031921Z
short_long:baseline:in256:out4096:aimd-kimi-k3-short_long-baseline-attempt-2,load_epoch:aimd-kimi-k3-short_long-baseline-attempt-2,conditional_on_prior_baseline_failure,time_guard,kimi-k3,time_censored,load,2026-08-28T12:35:38.031921Z
short_long:confirmation:in256:out4096:aimd-kimi-k3-short_long-confirm-0,load_epoch:aimd-kimi-k3-short_long-confirm-0,required,time_guard,kimi-k3,time_censored,load,2026-08-28T12:35:38.031921Z
short_long:confirmation:in256:out4096:aimd-kimi-k3-short_long-confirm-1,load_epoch:aimd-kimi-k3-short_long-confirm-1,required,time_guard,kimi-k3,time_censored,load,2026-08-28T12:35:38.031921Z
short_long:confirmation:in256:out4096:aimd-kimi-k3-short_long-confirm-2,load_epoch:aimd-kimi-k3-short_long-confirm-2,required,time_guard,kimi-k3,time_censored,load,2026-08-28T12:35:38.031921Z
short_long:confirmation:in256:out4096:aimd-kimi-k3-short_long-confirm-stage-1-0,load_epoch:aimd-kimi-k3-short_long-confirm-stage-1-0,conditional_on_prior_confirmation_failure,time_guard,kimi-k3,time_censored,load,2026-08-28T12:35:38.031921Z
short_long:confirmation:in256:out4096:aimd-kimi-k3-short_long-confirm-stage-1-1,load_epoch:aimd-kimi-k3-short_long-confirm-stage-1-1,conditional_on_prior_confirmation_failure,time_guard,kimi-k3,time_censored,load,2026-08-28T12:35:38.031921Z
short_long:confirmation:in256:out4096:aimd-kimi-k3-short_long-confirm-stage-1-2,load_epoch:aimd-kimi-k3-short_long-confirm-stage-1-2,conditional_on_prior_confirmation_failure,time_guard,kimi-k3,time_censored,load,2026-08-28T12:35:38.031921Z
short_long:confirmation_separator:in256:out4096:aimd-kimi-k3-short_long-separator-0,load_epoch:aimd-kimi-k3-short_long-separator-0,required,time_guard,kimi-k3,time_censored,load,2026-08-28T12:35:38.031921Z
short_long:confirmation_separator:in256:out4096:aimd-kimi-k3-short_long-separator-1,load_epoch:aimd-kimi-k3-short_long-separator-1,required,time_guard,kimi-k3,time_censored,load,2026-08-28T12:35:38.031921Z
short_long:confirmation_separator:in256:out4096:aimd-kimi-k3-short_long-separator-stage-1-0,load_epoch:aimd-kimi-k3-short_long-separator-stage-1-0,conditional_on_prior_confirmation_failure,time_guard,kimi-k3,time_censored,load,2026-08-28T12:35:38.031921Z
short_long:confirmation_separator:in256:out4096:aimd-kimi-k3-short_long-separator-stage-1-1,load_epoch:aimd-kimi-k3-short_long-separator-stage-1-1,conditional_on_prior_confirmation_failure,time_guard,kimi-k3,time_censored,load,2026-08-28T12:35:38.031921Z
short_long:recovery_after_observed_overload:in256:out4096:aimd-kimi-k3-short_long-recovery,load_epoch:aimd-kimi-k3-short_long-recovery,conditional_on_overload,time_guard,kimi-k3,time_censored,load,2026-08-28T12:35:38.031921Z
short_short:aimd:in256:out128:aimd-kimi-k3-short_short-000,load_epoch:aimd-kimi-k3-short_short-000,required,measured_unhealthy_at_all_baseline_rates,kimi-k3,not_applicable,load,2026-08-28T09:03:35.884074Z
short_short:aimd:in256:out128:aimd-kimi-k3-short_short-001,load_epoch:aimd-kimi-k3-short_short-001,required,measured_unhealthy_at_all_baseline_rates,kimi-k3,not_applicable,load,2026-08-28T09:03:35.886276Z
short_short:aimd:in256:out128:aimd-kimi-k3-short_short-002,load_epoch:aimd-kimi-k3-short_short-002,required,measured_unhealthy_at_all_baseline_rates,kimi-k3,not_applicable,load,2026-08-28T09:03:35.888461Z
short_short:aimd:in256:out128:aimd-kimi-k3-short_short-003,load_epoch:aimd-kimi-k3-short_short-003,required,measured_unhealthy_at_all_baseline_rates,kimi-k3,not_applicable,load,2026-08-28T09:03:35.890495Z
short_short:aimd:in256:out128:aimd-kimi-k3-short_short-004,load_epoch:aimd-kimi-k3-short_short-004,required,measured_unhealthy_at_all_baseline_rates,kimi-k3,not_applicable,load,2026-08-28T09:03:35.892513Z
short_short:aimd:in256:out128:aimd-kimi-k3-short_short-005,load_epoch:aimd-kimi-k3-short_short-005,required,measured_unhealthy_at_all_baseline_rates,kimi-k3,not_applicable,load,2026-08-28T09:03:35.894721Z
short_short:aimd:in256:out128:aimd-kimi-k3-short_short-006,load_epoch:aimd-kimi-k3-short_short-006,required,measured_unhealthy_at_all_baseline_rates,kimi-k3,not_applicable,load,2026-08-28T09:03:35.896717Z
short_short:aimd:in256:out128:aimd-kimi-k3-short_short-007,load_epoch:aimd-kimi-k3-short_short-007,required,measured_unhealthy_at_all_baseline_rates,kimi-k3,not_applicable,load,2026-08-28T09:03:35.898899Z
short_short:aimd:in256:out128:aimd-kimi-k3-short_short-008,load_epoch:aimd-kimi-k3-short_short-008,required,measured_unhealthy_at_all_baseline_rates,kimi-k3,not_applicable,load,2026-08-28T09:03:35.901147Z
short_short:baseline:in256:out128:aimd-kimi-k3-short_short-baseline,load_epoch:aimd-kimi-k3-short_short-baseline,required,,kimi-k3,completed,load,2026-08-28T09:01:32.464119Z
short_short:baseline:in256:out128:aimd-kimi-k3-short_short-baseline-attempt-1,load_epoch:aimd-kimi-k3-short_short-baseline-attempt-1,conditional_on_prior_baseline_failure,,kimi-k3,completed,load,2026-08-28T09:02:13.750710Z
short_short:baseline:in256:out128:aimd-kimi-k3-short_short-baseline-attempt-2,load_epoch:aimd-kimi-k3-short_short-baseline-attempt-2,conditional_on_prior_baseline_failure,,kimi-k3,completed,load,2026-08-28T09:03:35.877700Z
short_short:confirmation:in256:out128:aimd-kimi-k3-short_short-confirm-0,load_epoch:aimd-kimi-k3-short_short-confirm-0,required,measured_unhealthy_at_all_baseline_rates,kimi-k3,not_applicable,load,2026-08-28T09:03:35.903108Z
short_short:confirmation:in256:out128:aimd-kimi-k3-short_short-confirm-1,load_epoch:aimd-kimi-k3-short_short-confirm-1,required,measured_unhealthy_at_all_baseline_rates,kimi-k3,not_applicable,load,2026-08-28T09:03:35.904974Z
short_short:confirmation:in256:out128:aimd-kimi-k3-short_short-confirm-2,load_epoch:aimd-kimi-k3-short_short-confirm-2,required,measured_unhealthy_at_all_baseline_rates,kimi-k3,not_applicable,load,2026-08-28T09:03:35.907044Z
short_short:confirmation:in256:out128:aimd-kimi-k3-short_short-confirm-stage-1-0,load_epoch:aimd-kimi-k3-short_short-confirm-stage-1-0,conditional_on_prior_confirmation_failure,measured_unhealthy_at_all_baseline_rates,kimi-k3,not_applicable,load,2026-08-28T09:03:35.909154Z
short_short:confirmation:in256:out128:aimd-kimi-k3-short_short-confirm-stage-1-1,load_epoch:aimd-kimi-k3-short_short-confirm-stage-1-1,conditional_on_prior_confirmation_failure,measured_unhealthy_at_all_baseline_rates,kimi-k3,not_applicable,load,2026-08-28T09:03:35.911003Z
short_short:confirmation:in256:out128:aimd-kimi-k3-short_short-confirm-stage-1-2,load_epoch:aimd-kimi-k3-short_short-confirm-stage-1-2,conditional_on_prior_confirmation_failure,measured_unhealthy_at_all_baseline_rates,kimi-k3,not_applicable,load,2026-08-28T09:03:35.912829Z
short_short:confirmation_separator:in256:out128:aimd-kimi-k3-short_short-separator-0,load_epoch:aimd-kimi-k3-short_short-separator-0,required,measured_unhealthy_at_all_baseline_rates,kimi-k3,not_applicable,load,2026-08-28T09:03:35.914682Z
short_short:confirmation_separator:in256:out128:aimd-kimi-k3-short_short-separator-1,load_epoch:aimd-kimi-k3-short_short-separator-1,required,measured_unhealthy_at_all_baseline_rates,kimi-k3,not_applicable,load,2026-08-28T09:03:35.916710Z
short_short:confirmation_separator:in256:out128:aimd-kimi-k3-short_short-separator-stage-1-0,load_epoch:aimd-kimi-k3-short_short-separator-stage-1-0,conditional_on_prior_confirmation_failure,measured_unhealthy_at_all_baseline_rates,kimi-k3,not_applicable,load,2026-08-28T09:03:35.918775Z
short_short:confirmation_separator:in256:out128:aimd-kimi-k3-short_short-separator-stage-1-1,load_epoch:aimd-kimi-k3-short_short-separator-stage-1-1,conditional_on_prior_confirmation_failure,measured_unhealthy_at_all_baseline_rates,kimi-k3,not_applicable,load,2026-08-28T09:03:35.920936Z
short_short:recovery_after_observed_overload:in256:out128:aimd-kimi-k3-short_short-recovery,load_epoch:aimd-kimi-k3-short_short-recovery,conditional_on_overload,measured_unhealthy_at_all_baseline_rates,kimi-k3,not_applicable,load,2026-08-28T09:03:35.923106Z
long_short:aimd:in100000:out128:aimd-mimo-v2.5-pro-long_short-000,load_epoch:aimd-mimo-v2.5-pro-long_short-000,required,time_guard,mimo-v2.5-pro,time_censored,load,2026-08-28T12:35:38.031921Z
long_short:aimd:in100000:out128:aimd-mimo-v2.5-pro-long_short-001,load_epoch:aimd-mimo-v2.5-pro-long_short-001,required,time_guard,mimo-v2.5-pro,time_censored,load,2026-08-28T12:35:38.031921Z
long_short:aimd:in100000:out128:aimd-mimo-v2.5-pro-long_short-002,load_epoch:aimd-mimo-v2.5-pro-long_short-002,required,time_guard,mimo-v2.5-pro,time_censored,load,2026-08-28T12:35:38.031921Z
long_short:aimd:in100000:out128:aimd-mimo-v2.5-pro-long_short-003,load_epoch:aimd-mimo-v2.5-pro-long_short-003,required,time_guard,mimo-v2.5-pro,time_censored,load,2026-08-28T12:35:38.031921Z
long_short:aimd:in100000:out128:aimd-mimo-v2.5-pro-long_short-004,load_epoch:aimd-mimo-v2.5-pro-long_short-004,required,time_guard,mimo-v2.5-pro,time_censored,load,2026-08-28T12:35:38.031921Z
long_short:aimd:in100000:out128:aimd-mimo-v2.5-pro-long_short-005,load_epoch:aimd-mimo-v2.5-pro-long_short-005,required,time_guard,mimo-v2.5-pro,time_censored,load,2026-08-28T12:35:38.031921Z
long_short:aimd:in100000:out128:aimd-mimo-v2.5-pro-long_short-006,load_epoch:aimd-mimo-v2.5-pro-long_short-006,required,time_guard,mimo-v2.5-pro,time_censored,load,2026-08-28T12:35:38.031921Z
long_short:aimd:in100000:out128:aimd-mimo-v2.5-pro-long_short-007,load_epoch:aimd-mimo-v2.5-pro-long_short-007,required,time_guard,mimo-v2.5-pro,time_censored,load,2026-08-28T12:35:38.031921Z
long_short:aimd:in100000:out128:aimd-mimo-v2.5-pro-long_short-008,load_epoch:aimd-mimo-v2.5-pro-long_short-008,required,time_guard,mimo-v2.5-pro,time_censored,load,2026-08-28T12:35:38.031921Z
long_short:baseline:in100000:out128:aimd-mimo-v2.5-pro-long_short-baseline,load_epoch:aimd-mimo-v2.5-pro-long_short-baseline,required,time_guard,mimo-v2.5-pro,time_censored,load,2026-08-28T12:35:38.031921Z
long_short:baseline:in100000:out128:aimd-mimo-v2.5-pro-long_short-baseline-attempt-1,load_epoch:aimd-mimo-v2.5-pro-long_short-baseline-attempt-1,conditional_on_prior_baseline_failure,time_guard,mimo-v2.5-pro,time_censored,load,2026-08-28T12:35:38.031921Z
long_short:baseline:in100000:out128:aimd-mimo-v2.5-pro-long_short-baseline-attempt-2,load_epoch:aimd-mimo-v2.5-pro-long_short-baseline-attempt-2,conditional_on_prior_baseline_failure,time_guard,mimo-v2.5-pro,time_censored,load,2026-08-28T12:35:38.031921Z
long_short:confirmation:in100000:out128:aimd-mimo-v2.5-pro-long_short-confirm-0,load_epoch:aimd-mimo-v2.5-pro-long_short-confirm-0,required,time_guard,mimo-v2.5-pro,time_censored,load,2026-08-28T12:35:38.031921Z
long_short:confirmation:in100000:out128:aimd-mimo-v2.5-pro-long_short-confirm-1,load_epoch:aimd-mimo-v2.5-pro-long_short-confirm-1,required,time_guard,mimo-v2.5-pro,time_censored,load,2026-08-28T12:35:38.031921Z
long_short:confirmation:in100000:out128:aimd-mimo-v2.5-pro-long_short-confirm-2,load_epoch:aimd-mimo-v2.5-pro-long_short-confirm-2,required,time_guard,mimo-v2.5-pro,time_censored,load,2026-08-28T12:35:38.031921Z
long_short:confirmation:in100000:out128:aimd-mimo-v2.5-pro-long_short-confirm-stage-1-0,load_epoch:aimd-mimo-v2.5-pro-long_short-confirm-stage-1-0,conditional_on_prior_confirmation_failure,time_guard,mimo-v2.5-pro,time_censored,load,2026-08-28T12:35:38.031921Z
long_short:confirmation:in100000:out128:aimd-mimo-v2.5-pro-long_short-confirm-stage-1-1,load_epoch:aimd-mimo-v2.5-pro-long_short-confirm-stage-1-1,conditional_on_prior_confirmation_failure,time_guard,mimo-v2.5-pro,time_censored,load,2026-08-28T12:35:38.031921Z
long_short:confirmation:in100000:out128:aimd-mimo-v2.5-pro-long_short-confirm-stage-1-2,load_epoch:aimd-mimo-v2.5-pro-long_short-confirm-stage-1-2,conditional_on_prior_confirmation_failure,time_guard,mimo-v2.5-pro,time_censored,load,2026-08-28T12:35:38.031921Z
long_short:confirmation_separator:in100000:out128:aimd-mimo-v2.5-pro-long_short-separator-0,load_epoch:aimd-mimo-v2.5-pro-long_short-separator-0,required,time_guard,mimo-v2.5-pro,time_censored,load,2026-08-28T12:35:38.031921Z
long_short:confirmation_separator:in100000:out128:aimd-mimo-v2.5-pro-long_short-separator-1,load_epoch:aimd-mimo-v2.5-pro-long_short-separator-1,required,time_guard,mimo-v2.5-pro,time_censored,load,2026-08-28T12:35:38.031921Z
long_short:confirmation_separator:in100000:out128:aimd-mimo-v2.5-pro-long_short-separator-stage-1-0,load_epoch:aimd-mimo-v2.5-pro-long_short-separator-stage-1-0,conditional_on_prior_confirmation_failure,time_guard,mimo-v2.5-pro,time_censored,load,2026-08-28T12:35:38.031921Z
long_short:confirmation_separator:in100000:out128:aimd-mimo-v2.5-pro-long_short-separator-stage-1-1,load_epoch:aimd-mimo-v2.5-pro-long_short-separator-stage-1-1,conditional_on_prior_confirmation_failure,time_guard,mimo-v2.5-pro,time_censored,load,2026-08-28T12:35:38.031921Z
long_short:recovery_after_observed_overload:in100000:out128:aimd-mimo-v2.5-pro-long_short-recovery,load_epoch:aimd-mimo-v2.5-pro-long_short-recovery,conditional_on_overload,time_guard,mimo-v2.5-pro,time_censored,load,2026-08-28T12:35:38.031921Z
mixed:aimd:in100000:out128:aimd-mimo-v2.5-pro-mixed-000,load_epoch:aimd-mimo-v2.5-pro-mixed-000,required,time_guard,mimo-v2.5-pro,time_censored,load,2026-08-28T12:35:38.031921Z
mixed:aimd:in100000:out128:aimd-mimo-v2.5-pro-mixed-004,load_epoch:aimd-mimo-v2.5-pro-mixed-004,required,time_guard,mimo-v2.5-pro,time_censored,load,2026-08-28T12:35:38.031921Z
mixed:aimd:in100000:out128:aimd-mimo-v2.5-pro-mixed-007,load_epoch:aimd-mimo-v2.5-pro-mixed-007,required,time_guard,mimo-v2.5-pro,time_censored,load,2026-08-28T12:35:38.031921Z
mixed:aimd:in256:out128:aimd-mimo-v2.5-pro-mixed-002,load_epoch:aimd-mimo-v2.5-pro-mixed-002,required,time_guard,mimo-v2.5-pro,time_censored,load,2026-08-28T12:35:38.031921Z
mixed:aimd:in256:out128:aimd-mimo-v2.5-pro-mixed-003,load_epoch:aimd-mimo-v2.5-pro-mixed-003,required,time_guard,mimo-v2.5-pro,time_censored,load,2026-08-28T12:35:38.031921Z
mixed:aimd:in256:out128:aimd-mimo-v2.5-pro-mixed-005,load_epoch:aimd-mimo-v2.5-pro-mixed-005,required,time_guard,mimo-v2.5-pro,time_censored,load,2026-08-28T12:35:38.031921Z
mixed:aimd:in256:out128:aimd-mimo-v2.5-pro-mixed-006,load_epoch:aimd-mimo-v2.5-pro-mixed-006,required,time_guard,mimo-v2.5-pro,time_censored,load,2026-08-28T12:35:38.031921Z
mixed:aimd:in256:out4096:aimd-mimo-v2.5-pro-mixed-001,load_epoch:aimd-mimo-v2.5-pro-mixed-001,required,time_guard,mimo-v2.5-pro,time_censored,load,2026-08-28T12:35:38.031921Z
mixed:aimd:in256:out4096:aimd-mimo-v2.5-pro-mixed-008,load_epoch:aimd-mimo-v2.5-pro-mixed-008,required,time_guard,mimo-v2.5-pro,time_censored,load,2026-08-28T12:35:38.031921Z
mixed:baseline:in256:out128:aimd-mimo-v2.5-pro-mixed-baseline-attempt-1,load_epoch:aimd-mimo-v2.5-pro-mixed-baseline-attempt-1,conditional_on_prior_baseline_failure,time_guard,mimo-v2.5-pro,time_censored,load,2026-08-28T12:35:38.031921Z
mixed:baseline:in256:out128:aimd-mimo-v2.5-pro-mixed-baseline-attempt-2,load_epoch:aimd-mimo-v2.5-pro-mixed-baseline-attempt-2,conditional_on_prior_baseline_failure,time_guard,mimo-v2.5-pro,time_censored,load,2026-08-28T12:35:38.031921Z
mixed:baseline:in256:out4096:aimd-mimo-v2.5-pro-mixed-baseline,load_epoch:aimd-mimo-v2.5-pro-mixed-baseline,required,time_guard,mimo-v2.5-pro,time_censored,load,2026-08-28T12:35:38.031921Z
mixed:confirmation:in100000:out128:aimd-mimo-v2.5-pro-mixed-confirm-stage-1-1,load_epoch:aimd-mimo-v2.5-pro-mixed-confirm-stage-1-1,conditional_on_prior_confirmation_failure,time_guard,mimo-v2.5-pro,time_censored,load,2026-08-28T12:35:38.031921Z
mixed:confirmation:in1024:out512:aimd-mimo-v2.5-pro-mixed-confirm-0,load_epoch:aimd-mimo-v2.5-pro-mixed-confirm-0,required,time_guard,mimo-v2.5-pro,time_censored,load,2026-08-28T12:35:38.031921Z
mixed:confirmation:in1024:out512:aimd-mimo-v2.5-pro-mixed-confirm-2,load_epoch:aimd-mimo-v2.5-pro-mixed-confirm-2,required,time_guard,mimo-v2.5-pro,time_censored,load,2026-08-28T12:35:38.031921Z
mixed:confirmation:in1024:out512:aimd-mimo-v2.5-pro-mixed-confirm-stage-1-2,load_epoch:aimd-mimo-v2.5-pro-mixed-confirm-stage-1-2,conditional_on_prior_confirmation_failure,time_guard,mimo-v2.5-pro,time_censored,load,2026-08-28T12:35:38.031921Z
mixed:confirmation:in256:out128:aimd-mimo-v2.5-pro-mixed-confirm-1,load_epoch:aimd-mimo-v2.5-pro-mixed-confirm-1,required,time_guard,mimo-v2.5-pro,time_censored,load,2026-08-28T12:35:38.031921Z
mixed:confirmation:in256:out4096:aimd-mimo-v2.5-pro-mixed-confirm-stage-1-0,load_epoch:aimd-mimo-v2.5-pro-mixed-confirm-stage-1-0,conditional_on_prior_confirmation_failure,time_guard,mimo-v2.5-pro,time_censored,load,2026-08-28T12:35:38.031921Z
mixed:confirmation_separator:in100000:out128:aimd-mimo-v2.5-pro-mixed-separator-1,load_epoch:aimd-mimo-v2.5-pro-mixed-separator-1,required,time_guard,mimo-v2.5-pro,time_censored,load,2026-08-28T12:35:38.031921Z
mixed:confirmation_separator:in100000:out128:aimd-mimo-v2.5-pro-mixed-separator-stage-1-1,load_epoch:aimd-mimo-v2.5-pro-mixed-separator-stage-1-1,conditional_on_prior_confirmation_failure,time_guard,mimo-v2.5-pro,time_censored,load,2026-08-28T12:35:38.031921Z
mixed:confirmation_separator:in256:out128:aimd-mimo-v2.5-pro-mixed-separator-stage-1-0,load_epoch:aimd-mimo-v2.5-pro-mixed-separator-stage-1-0,conditional_on_prior_confirmation_failure,time_guard,mimo-v2.5-pro,time_censored,load,2026-08-28T12:35:38.031921Z
mixed:confirmation_separator:in256:out4096:aimd-mimo-v2.5-pro-mixed-separator-0,load_epoch:aimd-mimo-v2.5-pro-mixed-separator-0,required,time_guard,mimo-v2.5-pro,time_censored,load,2026-08-28T12:35:38.031921Z
mixed:recovery_after_observed_overload:in100000:out128:aimd-mimo-v2.5-pro-mixed-recovery,load_epoch:aimd-mimo-v2.5-pro-mixed-recovery,conditional_on_overload,time_guard,mimo-v2.5-pro,time_censored,load,2026-08-28T12:35:38.031921Z
short_long:aimd:in256:out4096:aimd-mimo-v2.5-pro-short_long-000,load_epoch:aimd-mimo-v2.5-pro-short_long-000,required,zero_scheduled_poisson_arrivals,mimo-v2.5-pro,inconclusive,load,2026-08-28T10:37:16.794477Z
short_long:aimd:in256:out4096:aimd-mimo-v2.5-pro-short_long-001,load_epoch:aimd-mimo-v2.5-pro-short_long-001,required,,mimo-v2.5-pro,completed,load,2026-08-28T10:38:27.860688Z
short_long:aimd:in256:out4096:aimd-mimo-v2.5-pro-short_long-002,load_epoch:aimd-mimo-v2.5-pro-short_long-002,required,,mimo-v2.5-pro,completed,load,2026-08-28T10:39:04.360762Z
short_long:aimd:in256:out4096:aimd-mimo-v2.5-pro-short_long-003,load_epoch:aimd-mimo-v2.5-pro-short_long-003,required,,mimo-v2.5-pro,completed,load,2026-08-28T10:40:02.788904Z
short_long:aimd:in256:out4096:aimd-mimo-v2.5-pro-short_long-004,load_epoch:aimd-mimo-v2.5-pro-short_long-004,required,,mimo-v2.5-pro,completed,load,2026-08-28T10:41:09.126500Z
short_long:aimd:in256:out4096:aimd-mimo-v2.5-pro-short_long-005,load_epoch:aimd-mimo-v2.5-pro-short_long-005,required,,mimo-v2.5-pro,completed,load,2026-08-28T10:42:35.652878Z
short_long:aimd:in256:out4096:aimd-mimo-v2.5-pro-short_long-006,load_epoch:aimd-mimo-v2.5-pro-short_long-006,required,,mimo-v2.5-pro,completed,load,2026-08-28T10:44:03.331644Z
short_long:aimd:in256:out4096:aimd-mimo-v2.5-pro-short_long-007,load_epoch:aimd-mimo-v2.5-pro-short_long-007,required,,mimo-v2.5-pro,completed,load,2026-08-28T10:44:18.131959Z
short_long:aimd:in256:out4096:aimd-mimo-v2.5-pro-short_long-008,load_epoch:aimd-mimo-v2.5-pro-short_long-008,required,,mimo-v2.5-pro,completed,load,2026-08-28T10:45:41.089985Z
short_long:baseline:in256:out4096:aimd-mimo-v2.5-pro-short_long-baseline,load_epoch:aimd-mimo-v2.5-pro-short_long-baseline,required,,mimo-v2.5-pro,completed,load,2026-08-28T10:37:11.778091Z
short_long:baseline:in256:out4096:aimd-mimo-v2.5-pro-short_long-baseline-attempt-1,load_epoch:aimd-mimo-v2.5-pro-short_long-baseline-attempt-1,conditional_on_prior_baseline_failure,healthy_baseline_already_established,mimo-v2.5-pro,not_applicable,load,2026-08-28T10:37:11.780504Z
short_long:baseline:in256:out4096:aimd-mimo-v2.5-pro-short_long-baseline-attempt-2,load_epoch:aimd-mimo-v2.5-pro-short_long-baseline-attempt-2,conditional_on_prior_baseline_failure,healthy_baseline_already_established,mimo-v2.5-pro,not_applicable,load,2026-08-28T10:37:11.782520Z
short_long:confirmation:in256:out4096:aimd-mimo-v2.5-pro-short_long-confirm-0,load_epoch:aimd-mimo-v2.5-pro-short_long-confirm-0,required,,mimo-v2.5-pro,completed,load,2026-08-28T10:46:39.747856Z
short_long:confirmation:in256:out4096:aimd-mimo-v2.5-pro-short_long-confirm-1,load_epoch:aimd-mimo-v2.5-pro-short_long-confirm-1,required,,mimo-v2.5-pro,completed,load,2026-08-28T10:51:14.947123Z
short_long:confirmation:in256:out4096:aimd-mimo-v2.5-pro-short_long-confirm-2,load_epoch:aimd-mimo-v2.5-pro-short_long-confirm-2,required,,mimo-v2.5-pro,completed,load,2026-08-28T10:54:11.867230Z
short_long:confirmation:in256:out4096:aimd-mimo-v2.5-pro-short_long-confirm-stage-1-0,load_epoch:aimd-mimo-v2.5-pro-short_long-confirm-stage-1-0,conditional_on_prior_confirmation_failure,lower_rate_confirmation_not_needed,mimo-v2.5-pro,not_applicable,load,2026-08-28T10:54:11.869285Z
short_long:confirmation:in256:out4096:aimd-mimo-v2.5-pro-short_long-confirm-stage-1-1,load_epoch:aimd-mimo-v2.5-pro-short_long-confirm-stage-1-1,conditional_on_prior_confirmation_failure,lower_rate_confirmation_not_needed,mimo-v2.5-pro,not_applicable,load,2026-08-28T10:54:11.872957Z
short_long:confirmation:in256:out4096:aimd-mimo-v2.5-pro-short_long-confirm-stage-1-2,load_epoch:aimd-mimo-v2.5-pro-short_long-confirm-stage-1-2,conditional_on_prior_confirmation_failure,lower_rate_confirmation_not_needed,mimo-v2.5-pro,not_applicable,load,2026-08-28T10:54:11.877437Z
short_long:confirmation_separator:in256:out4096:aimd-mimo-v2.5-pro-short_long-separator-0,load_epoch:aimd-mimo-v2.5-pro-short_long-separator-0,required,,mimo-v2.5-pro,completed,load,2026-08-28T10:50:14.363040Z
short_long:confirmation_separator:in256:out4096:aimd-mimo-v2.5-pro-short_long-separator-1,load_epoch:aimd-mimo-v2.5-pro-short_long-separator-1,required,,mimo-v2.5-pro,completed,load,2026-08-28T10:52:23.163028Z
short_long:confirmation_separator:in256:out4096:aimd-mimo-v2.5-pro-short_long-separator-stage-1-0,load_epoch:aimd-mimo-v2.5-pro-short_long-separator-stage-1-0,conditional_on_prior_confirmation_failure,lower_rate_confirmation_not_needed,mimo-v2.5-pro,not_applicable,load,2026-08-28T10:54:11.871067Z
short_long:confirmation_separator:in256:out4096:aimd-mimo-v2.5-pro-short_long-separator-stage-1-1,load_epoch:aimd-mimo-v2.5-pro-short_long-separator-stage-1-1,conditional_on_prior_confirmation_failure,lower_rate_confirmation_not_needed,mimo-v2.5-pro,not_applicable,load,2026-08-28T10:54:11.875063Z
short_long:recovery_after_observed_overload:in256:out4096:aimd-mimo-v2.5-pro-short_long-recovery,load_epoch:aimd-mimo-v2.5-pro-short_long-recovery,conditional_on_overload,no_two_epoch_overload_observed,mimo-v2.5-pro,not_applicable,load,2026-08-28T10:54:11.879424Z
short_short:aimd:in256:out128:aimd-mimo-v2.5-pro-short_short-000,load_epoch:aimd-mimo-v2.5-pro-short_short-000,required,time_guard,mimo-v2.5-pro,time_censored,load,2026-08-28T12:35:38.031921Z
short_short:aimd:in256:out128:aimd-mimo-v2.5-pro-short_short-001,load_epoch:aimd-mimo-v2.5-pro-short_short-001,required,time_guard,mimo-v2.5-pro,time_censored,load,2026-08-28T12:35:38.031921Z
short_short:aimd:in256:out128:aimd-mimo-v2.5-pro-short_short-002,load_epoch:aimd-mimo-v2.5-pro-short_short-002,required,time_guard,mimo-v2.5-pro,time_censored,load,2026-08-28T12:35:38.031921Z
short_short:aimd:in256:out128:aimd-mimo-v2.5-pro-short_short-003,load_epoch:aimd-mimo-v2.5-pro-short_short-003,required,time_guard,mimo-v2.5-pro,time_censored,load,2026-08-28T12:35:38.031921Z
short_short:aimd:in256:out128:aimd-mimo-v2.5-pro-short_short-004,load_epoch:aimd-mimo-v2.5-pro-short_short-004,required,time_guard,mimo-v2.5-pro,time_censored,load,2026-08-28T12:35:38.031921Z
short_short:aimd:in256:out128:aimd-mimo-v2.5-pro-short_short-005,load_epoch:aimd-mimo-v2.5-pro-short_short-005,required,time_guard,mimo-v2.5-pro,time_censored,load,2026-08-28T12:35:38.031921Z
short_short:aimd:in256:out128:aimd-mimo-v2.5-pro-short_short-006,load_epoch:aimd-mimo-v2.5-pro-short_short-006,required,time_guard,mimo-v2.5-pro,time_censored,load,2026-08-28T12:35:38.031921Z
short_short:aimd:in256:out128:aimd-mimo-v2.5-pro-short_short-007,load_epoch:aimd-mimo-v2.5-pro-short_short-007,required,time_guard,mimo-v2.5-pro,time_censored,load,2026-08-28T12:35:38.031921Z
short_short:aimd:in256:out128:aimd-mimo-v2.5-pro-short_short-008,load_epoch:aimd-mimo-v2.5-pro-short_short-008,required,time_guard,mimo-v2.5-pro,time_censored,load,2026-08-28T12:35:38.031921Z
short_short:baseline:in256:out128:aimd-mimo-v2.5-pro-short_short-baseline,load_epoch:aimd-mimo-v2.5-pro-short_short-baseline,required,time_guard,mimo-v2.5-pro,time_censored,load,2026-08-28T12:35:38.031921Z
short_short:baseline:in256:out128:aimd-mimo-v2.5-pro-short_short-baseline-attempt-1,load_epoch:aimd-mimo-v2.5-pro-short_short-baseline-attempt-1,conditional_on_prior_baseline_failure,time_guard,mimo-v2.5-pro,time_censored,load,2026-08-28T12:35:38.031921Z
short_short:baseline:in256:out128:aimd-mimo-v2.5-pro-short_short-baseline-attempt-2,load_epoch:aimd-mimo-v2.5-pro-short_short-baseline-attempt-2,conditional_on_prior_baseline_failure,time_guard,mimo-v2.5-pro,time_censored,load,2026-08-28T12:35:38.031921Z
short_short:confirmation:in256:out128:aimd-mimo-v2.5-pro-short_short-confirm-0,load_epoch:aimd-mimo-v2.5-pro-short_short-confirm-0,required,time_guard,mimo-v2.5-pro,time_censored,load,2026-08-28T12:35:38.031921Z
short_short:confirmation:in256:out128:aimd-mimo-v2.5-pro-short_short-confirm-1,load_epoch:aimd-mimo-v2.5-pro-short_short-confirm-1,required,time_guard,mimo-v2.5-pro,time_censored,load,2026-08-28T12:35:38.031921Z
short_short:confirmation:in256:out128:aimd-mimo-v2.5-pro-short_short-confirm-2,load_epoch:aimd-mimo-v2.5-pro-short_short-confirm-2,required,time_guard,mimo-v2.5-pro,time_censored,load,2026-08-28T12:35:38.031921Z
short_short:confirmation:in256:out128:aimd-mimo-v2.5-pro-short_short-confirm-stage-1-0,load_epoch:aimd-mimo-v2.5-pro-short_short-confirm-stage-1-0,conditional_on_prior_confirmation_failure,time_guard,mimo-v2.5-pro,time_censored,load,2026-08-28T12:35:38.031921Z
short_short:confirmation:in256:out128:aimd-mimo-v2.5-pro-short_short-confirm-stage-1-1,load_epoch:aimd-mimo-v2.5-pro-short_short-confirm-stage-1-1,conditional_on_prior_confirmation_failure,time_guard,mimo-v2.5-pro,time_censored,load,2026-08-28T12:35:38.031921Z
short_short:confirmation:in256:out128:aimd-mimo-v2.5-pro-short_short-confirm-stage-1-2,load_epoch:aimd-mimo-v2.5-pro-short_short-confirm-stage-1-2,conditional_on_prior_confirmation_failure,time_guard,mimo-v2.5-pro,time_censored,load,2026-08-28T12:35:38.031921Z
short_short:confirmation_separator:in256:out128:aimd-mimo-v2.5-pro-short_short-separator-0,load_epoch:aimd-mimo-v2.5-pro-short_short-separator-0,required,time_guard,mimo-v2.5-pro,time_censored,load,2026-08-28T12:35:38.031921Z
short_short:confirmation_separator:in256:out128:aimd-mimo-v2.5-pro-short_short-separator-1,load_epoch:aimd-mimo-v2.5-pro-short_short-separator-1,required,time_guard,mimo-v2.5-pro,time_censored,load,2026-08-28T12:35:38.031921Z
short_short:confirmation_separator:in256:out128:aimd-mimo-v2.5-pro-short_short-separator-stage-1-0,load_epoch:aimd-mimo-v2.5-pro-short_short-separator-stage-1-0,conditional_on_prior_confirmation_failure,time_guard,mimo-v2.5-pro,time_censored,load,2026-08-28T12:35:38.031921Z
short_short:confirmation_separator:in256:out128:aimd-mimo-v2.5-pro-short_short-separator-stage-1-1,load_epoch:aimd-mimo-v2.5-pro-short_short-separator-stage-1-1,conditional_on_prior_confirmation_failure,time_guard,mimo-v2.5-pro,time_censored,load,2026-08-28T12:35:38.031921Z
short_short:recovery_after_observed_overload:in256:out128:aimd-mimo-v2.5-pro-short_short-recovery,load_epoch:aimd-mimo-v2.5-pro-short_short-recovery,conditional_on_overload,time_guard,mimo-v2.5-pro,time_censored,load,2026-08-28T12:35:38.031921Z
long_short:aimd:in50000:out128:aimd-minimax-m2.5-long_short-000,load_epoch:aimd-minimax-m2.5-long_short-000,required,time_guard,minimax-m2.5,time_censored,load,2026-08-28T12:35:38.031921Z
long_short:aimd:in50000:out128:aimd-minimax-m2.5-long_short-001,load_epoch:aimd-minimax-m2.5-long_short-001,required,time_guard,minimax-m2.5,time_censored,load,2026-08-28T12:35:38.031921Z
long_short:aimd:in50000:out128:aimd-minimax-m2.5-long_short-002,load_epoch:aimd-minimax-m2.5-long_short-002,required,time_guard,minimax-m2.5,time_censored,load,2026-08-28T12:35:38.031921Z
long_short:aimd:in50000:out128:aimd-minimax-m2.5-long_short-003,load_epoch:aimd-minimax-m2.5-long_short-003,required,time_guard,minimax-m2.5,time_censored,load,2026-08-28T12:35:38.031921Z
long_short:aimd:in50000:out128:aimd-minimax-m2.5-long_short-004,load_epoch:aimd-minimax-m2.5-long_short-004,required,time_guard,minimax-m2.5,time_censored,load,2026-08-28T12:35:38.031921Z
long_short:aimd:in50000:out128:aimd-minimax-m2.5-long_short-005,load_epoch:aimd-minimax-m2.5-long_short-005,required,time_guard,minimax-m2.5,time_censored,load,2026-08-28T12:35:38.031921Z
long_short:aimd:in50000:out128:aimd-minimax-m2.5-long_short-006,load_epoch:aimd-minimax-m2.5-long_short-006,required,time_guard,minimax-m2.5,time_censored,load,2026-08-28T12:35:38.031921Z
long_short:aimd:in50000:out128:aimd-minimax-m2.5-long_short-007,load_epoch:aimd-minimax-m2.5-long_short-007,required,time_guard,minimax-m2.5,time_censored,load,2026-08-28T12:35:38.031921Z
long_short:aimd:in50000:out128:aimd-minimax-m2.5-long_short-008,load_epoch:aimd-minimax-m2.5-long_short-008,required,time_guard,minimax-m2.5,time_censored,load,2026-08-28T12:35:38.031921Z
long_short:baseline:in50000:out128:aimd-minimax-m2.5-long_short-baseline,load_epoch:aimd-minimax-m2.5-long_short-baseline,required,time_guard,minimax-m2.5,time_censored,load,2026-08-28T12:35:38.031921Z
long_short:baseline:in50000:out128:aimd-minimax-m2.5-long_short-baseline-attempt-1,load_epoch:aimd-minimax-m2.5-long_short-baseline-attempt-1,conditional_on_prior_baseline_failure,time_guard,minimax-m2.5,time_censored,load,2026-08-28T12:35:38.031921Z
long_short:baseline:in50000:out128:aimd-minimax-m2.5-long_short-baseline-attempt-2,load_epoch:aimd-minimax-m2.5-long_short-baseline-attempt-2,conditional_on_prior_baseline_failure,time_guard,minimax-m2.5,time_censored,load,2026-08-28T12:35:38.031921Z
long_short:confirmation:in50000:out128:aimd-minimax-m2.5-long_short-confirm-0,load_epoch:aimd-minimax-m2.5-long_short-confirm-0,required,time_guard,minimax-m2.5,time_censored,load,2026-08-28T12:35:38.031921Z
long_short:confirmation:in50000:out128:aimd-minimax-m2.5-long_short-confirm-1,load_epoch:aimd-minimax-m2.5-long_short-confirm-1,required,time_guard,minimax-m2.5,time_censored,load,2026-08-28T12:35:38.031921Z
long_short:confirmation:in50000:out128:aimd-minimax-m2.5-long_short-confirm-2,load_epoch:aimd-minimax-m2.5-long_short-confirm-2,required,time_guard,minimax-m2.5,time_censored,load,2026-08-28T12:35:38.031921Z
long_short:confirmation:in50000:out128:aimd-minimax-m2.5-long_short-confirm-stage-1-0,load_epoch:aimd-minimax-m2.5-long_short-confirm-stage-1-0,conditional_on_prior_confirmation_failure,time_guard,minimax-m2.5,time_censored,load,2026-08-28T12:35:38.031921Z
long_short:confirmation:in50000:out128:aimd-minimax-m2.5-long_short-confirm-stage-1-1,load_epoch:aimd-minimax-m2.5-long_short-confirm-stage-1-1,conditional_on_prior_confirmation_failure,time_guard,minimax-m2.5,time_censored,load,2026-08-28T12:35:38.031921Z
long_short:confirmation:in50000:out128:aimd-minimax-m2.5-long_short-confirm-stage-1-2,load_epoch:aimd-minimax-m2.5-long_short-confirm-stage-1-2,conditional_on_prior_confirmation_failure,time_guard,minimax-m2.5,time_censored,load,2026-08-28T12:35:38.031921Z
long_short:confirmation_separator:in50000:out128:aimd-minimax-m2.5-long_short-separator-0,load_epoch:aimd-minimax-m2.5-long_short-separator-0,required,time_guard,minimax-m2.5,time_censored,load,2026-08-28T12:35:38.031921Z
long_short:confirmation_separator:in50000:out128:aimd-minimax-m2.5-long_short-separator-1,load_epoch:aimd-minimax-m2.5-long_short-separator-1,required,time_guard,minimax-m2.5,time_censored,load,2026-08-28T12:35:38.031921Z
long_short:confirmation_separator:in50000:out128:aimd-minimax-m2.5-long_short-separator-stage-1-0,load_epoch:aimd-minimax-m2.5-long_short-separator-stage-1-0,conditional_on_prior_confirmation_failure,time_guard,minimax-m2.5,time_censored,load,2026-08-28T12:35:38.031921Z
long_short:confirmation_separator:in50000:out128:aimd-minimax-m2.5-long_short-separator-stage-1-1,load_epoch:aimd-minimax-m2.5-long_short-separator-stage-1-1,conditional_on_prior_confirmation_failure,time_guard,minimax-m2.5,time_censored,load,2026-08-28T12:35:38.031921Z
long_short:recovery_after_observed_overload:in50000:out128:aimd-minimax-m2.5-long_short-recovery,load_epoch:aimd-minimax-m2.5-long_short-recovery,conditional_on_overload,time_guard,minimax-m2.5,time_censored,load,2026-08-28T12:35:38.031921Z
mixed:aimd:in1024:out512:aimd-minimax-m2.5-mixed-005,load_epoch:aimd-minimax-m2.5-mixed-005,required,time_guard,minimax-m2.5,time_censored,load,2026-08-28T12:35:38.031921Z
mixed:aimd:in1024:out512:aimd-minimax-m2.5-mixed-006,load_epoch:aimd-minimax-m2.5-mixed-006,required,time_guard,minimax-m2.5,time_censored,load,2026-08-28T12:35:38.031921Z
mixed:aimd:in256:out128:aimd-minimax-m2.5-mixed-008,load_epoch:aimd-minimax-m2.5-mixed-008,required,time_guard,minimax-m2.5,time_censored,load,2026-08-28T12:35:38.031921Z
mixed:aimd:in256:out4096:aimd-minimax-m2.5-mixed-000,load_epoch:aimd-minimax-m2.5-mixed-000,required,time_guard,minimax-m2.5,time_censored,load,2026-08-28T12:35:38.031921Z
mixed:aimd:in256:out4096:aimd-minimax-m2.5-mixed-001,load_epoch:aimd-minimax-m2.5-mixed-001,required,time_guard,minimax-m2.5,time_censored,load,2026-08-28T12:35:38.031921Z
mixed:aimd:in256:out4096:aimd-minimax-m2.5-mixed-004,load_epoch:aimd-minimax-m2.5-mixed-004,required,time_guard,minimax-m2.5,time_censored,load,2026-08-28T12:35:38.031921Z
mixed:aimd:in50000:out128:aimd-minimax-m2.5-mixed-002,load_epoch:aimd-minimax-m2.5-mixed-002,required,time_guard,minimax-m2.5,time_censored,load,2026-08-28T12:35:38.031921Z
mixed:aimd:in50000:out128:aimd-minimax-m2.5-mixed-003,load_epoch:aimd-minimax-m2.5-mixed-003,required,time_guard,minimax-m2.5,time_censored,load,2026-08-28T12:35:38.031921Z
mixed:aimd:in50000:out128:aimd-minimax-m2.5-mixed-007,load_epoch:aimd-minimax-m2.5-mixed-007,required,time_guard,minimax-m2.5,time_censored,load,2026-08-28T12:35:38.031921Z
mixed:baseline:in256:out4096:aimd-minimax-m2.5-mixed-baseline,load_epoch:aimd-minimax-m2.5-mixed-baseline,required,time_guard,minimax-m2.5,time_censored,load,2026-08-28T12:35:38.031921Z
mixed:baseline:in256:out4096:aimd-minimax-m2.5-mixed-baseline-attempt-1,load_epoch:aimd-minimax-m2.5-mixed-baseline-attempt-1,conditional_on_prior_baseline_failure,time_guard,minimax-m2.5,time_censored,load,2026-08-28T12:35:38.031921Z
mixed:baseline:in256:out4096:aimd-minimax-m2.5-mixed-baseline-attempt-2,load_epoch:aimd-minimax-m2.5-mixed-baseline-attempt-2,conditional_on_prior_baseline_failure,time_guard,minimax-m2.5,time_censored,load,2026-08-28T12:35:38.031921Z
mixed:confirmation:in256:out128:aimd-minimax-m2.5-mixed-confirm-stage-1-2,load_epoch:aimd-minimax-m2.5-mixed-confirm-stage-1-2,conditional_on_prior_confirmation_failure,time_guard,minimax-m2.5,time_censored,load,2026-08-28T12:35:38.031921Z
mixed:confirmation:in256:out4096:aimd-minimax-m2.5-mixed-confirm-stage-1-1,load_epoch:aimd-minimax-m2.5-mixed-confirm-stage-1-1,conditional_on_prior_confirmation_failure,time_guard,minimax-m2.5,time_censored,load,2026-08-28T12:35:38.031921Z
mixed:confirmation:in50000:out128:aimd-minimax-m2.5-mixed-confirm-0,load_epoch:aimd-minimax-m2.5-mixed-confirm-0,required,time_guard,minimax-m2.5,time_censored,load,2026-08-28T12:35:38.031921Z
mixed:confirmation:in50000:out128:aimd-minimax-m2.5-mixed-confirm-1,load_epoch:aimd-minimax-m2.5-mixed-confirm-1,required,time_guard,minimax-m2.5,time_censored,load,2026-08-28T12:35:38.031921Z
mixed:confirmation:in50000:out128:aimd-minimax-m2.5-mixed-confirm-2,load_epoch:aimd-minimax-m2.5-mixed-confirm-2,required,time_guard,minimax-m2.5,time_censored,load,2026-08-28T12:35:38.031921Z
mixed:confirmation:in50000:out128:aimd-minimax-m2.5-mixed-confirm-stage-1-0,load_epoch:aimd-minimax-m2.5-mixed-confirm-stage-1-0,conditional_on_prior_confirmation_failure,time_guard,minimax-m2.5,time_censored,load,2026-08-28T12:35:38.031921Z
mixed:confirmation_separator:in1024:out512:aimd-minimax-m2.5-mixed-separator-0,load_epoch:aimd-minimax-m2.5-mixed-separator-0,required,time_guard,minimax-m2.5,time_censored,load,2026-08-28T12:35:38.031921Z
mixed:confirmation_separator:in1024:out512:aimd-minimax-m2.5-mixed-separator-stage-1-0,load_epoch:aimd-minimax-m2.5-mixed-separator-stage-1-0,conditional_on_prior_confirmation_failure,time_guard,minimax-m2.5,time_censored,load,2026-08-28T12:35:38.031921Z
mixed:confirmation_separator:in256:out128:aimd-minimax-m2.5-mixed-separator-stage-1-1,load_epoch:aimd-minimax-m2.5-mixed-separator-stage-1-1,conditional_on_prior_confirmation_failure,time_guard,minimax-m2.5,time_censored,load,2026-08-28T12:35:38.031921Z
mixed:confirmation_separator:in256:out4096:aimd-minimax-m2.5-mixed-separator-1,load_epoch:aimd-minimax-m2.5-mixed-separator-1,required,time_guard,minimax-m2.5,time_censored,load,2026-08-28T12:35:38.031921Z
mixed:recovery_after_observed_overload:in256:out4096:aimd-minimax-m2.5-mixed-recovery,load_epoch:aimd-minimax-m2.5-mixed-recovery,conditional_on_overload,time_guard,minimax-m2.5,time_censored,load,2026-08-28T12:35:38.031921Z
short_long:aimd:in256:out4096:aimd-minimax-m2.5-short_long-000,load_epoch:aimd-minimax-m2.5-short_long-000,required,time_guard,minimax-m2.5,time_censored,load,2026-08-28T12:35:38.031921Z
short_long:aimd:in256:out4096:aimd-minimax-m2.5-short_long-001,load_epoch:aimd-minimax-m2.5-short_long-001,required,time_guard,minimax-m2.5,time_censored,load,2026-08-28T12:35:38.031921Z
short_long:aimd:in256:out4096:aimd-minimax-m2.5-short_long-002,load_epoch:aimd-minimax-m2.5-short_long-002,required,time_guard,minimax-m2.5,time_censored,load,2026-08-28T12:35:38.031921Z
short_long:aimd:in256:out4096:aimd-minimax-m2.5-short_long-003,load_epoch:aimd-minimax-m2.5-short_long-003,required,time_guard,minimax-m2.5,time_censored,load,2026-08-28T12:35:38.031921Z
short_long:aimd:in256:out4096:aimd-minimax-m2.5-short_long-004,load_epoch:aimd-minimax-m2.5-short_long-004,required,time_guard,minimax-m2.5,time_censored,load,2026-08-28T12:35:38.031921Z
short_long:aimd:in256:out4096:aimd-minimax-m2.5-short_long-005,load_epoch:aimd-minimax-m2.5-short_long-005,required,time_guard,minimax-m2.5,time_censored,load,2026-08-28T12:35:38.031921Z
short_long:aimd:in256:out4096:aimd-minimax-m2.5-short_long-006,load_epoch:aimd-minimax-m2.5-short_long-006,required,time_guard,minimax-m2.5,time_censored,load,2026-08-28T12:35:38.031921Z
short_long:aimd:in256:out4096:aimd-minimax-m2.5-short_long-007,load_epoch:aimd-minimax-m2.5-short_long-007,required,time_guard,minimax-m2.5,time_censored,load,2026-08-28T12:35:38.031921Z
short_long:aimd:in256:out4096:aimd-minimax-m2.5-short_long-008,load_epoch:aimd-minimax-m2.5-short_long-008,required,time_guard,minimax-m2.5,time_censored,load,2026-08-28T12:35:38.031921Z
short_long:baseline:in256:out4096:aimd-minimax-m2.5-short_long-baseline,load_epoch:aimd-minimax-m2.5-short_long-baseline,required,time_guard,minimax-m2.5,time_censored,load,2026-08-28T12:35:38.031921Z
short_long:baseline:in256:out4096:aimd-minimax-m2.5-short_long-baseline-attempt-1,load_epoch:aimd-minimax-m2.5-short_long-baseline-attempt-1,conditional_on_prior_baseline_failure,time_guard,minimax-m2.5,time_censored,load,2026-08-28T12:35:38.031921Z
short_long:baseline:in256:out4096:aimd-minimax-m2.5-short_long-baseline-attempt-2,load_epoch:aimd-minimax-m2.5-short_long-baseline-attempt-2,conditional_on_prior_baseline_failure,time_guard,minimax-m2.5,time_censored,load,2026-08-28T12:35:38.031921Z
short_long:confirmation:in256:out4096:aimd-minimax-m2.5-short_long-confirm-0,load_epoch:aimd-minimax-m2.5-short_long-confirm-0,required,time_guard,minimax-m2.5,time_censored,load,2026-08-28T12:35:38.031921Z
short_long:confirmation:in256:out4096:aimd-minimax-m2.5-short_long-confirm-1,load_epoch:aimd-minimax-m2.5-short_long-confirm-1,required,time_guard,minimax-m2.5,time_censored,load,2026-08-28T12:35:38.031921Z
short_long:confirmation:in256:out4096:aimd-minimax-m2.5-short_long-confirm-2,load_epoch:aimd-minimax-m2.5-short_long-confirm-2,required,time_guard,minimax-m2.5,time_censored,load,2026-08-28T12:35:38.031921Z
short_long:confirmation:in256:out4096:aimd-minimax-m2.5-short_long-confirm-stage-1-0,load_epoch:aimd-minimax-m2.5-short_long-confirm-stage-1-0,conditional_on_prior_confirmation_failure,time_guard,minimax-m2.5,time_censored,load,2026-08-28T12:35:38.031921Z
short_long:confirmation:in256:out4096:aimd-minimax-m2.5-short_long-confirm-stage-1-1,load_epoch:aimd-minimax-m2.5-short_long-confirm-stage-1-1,conditional_on_prior_confirmation_failure,time_guard,minimax-m2.5,time_censored,load,2026-08-28T12:35:38.031921Z
short_long:confirmation:in256:out4096:aimd-minimax-m2.5-short_long-confirm-stage-1-2,load_epoch:aimd-minimax-m2.5-short_long-confirm-stage-1-2,conditional_on_prior_confirmation_failure,time_guard,minimax-m2.5,time_censored,load,2026-08-28T12:35:38.031921Z
short_long:confirmation_separator:in256:out4096:aimd-minimax-m2.5-short_long-separator-0,load_epoch:aimd-minimax-m2.5-short_long-separator-0,required,time_guard,minimax-m2.5,time_censored,load,2026-08-28T12:35:38.031921Z
short_long:confirmation_separator:in256:out4096:aimd-minimax-m2.5-short_long-separator-1,load_epoch:aimd-minimax-m2.5-short_long-separator-1,required,time_guard,minimax-m2.5,time_censored,load,2026-08-28T12:35:38.031921Z
short_long:confirmation_separator:in256:out4096:aimd-minimax-m2.5-short_long-separator-stage-1-0,load_epoch:aimd-minimax-m2.5-short_long-separator-stage-1-0,conditional_on_prior_confirmation_failure,time_guard,minimax-m2.5,time_censored,load,2026-08-28T12:35:38.031921Z
short_long:confirmation_separator:in256:out4096:aimd-minimax-m2.5-short_long-separator-stage-1-1,load_epoch:aimd-minimax-m2.5-short_long-separator-stage-1-1,conditional_on_prior_confirmation_failure,time_guard,minimax-m2.5,time_censored,load,2026-08-28T12:35:38.031921Z
short_long:recovery_after_observed_overload:in256:out4096:aimd-minimax-m2.5-short_long-recovery,load_epoch:aimd-minimax-m2.5-short_long-recovery,conditional_on_overload,time_guard,minimax-m2.5,time_censored,load,2026-08-28T12:35:38.031921Z
short_short:aimd:in256:out128:aimd-minimax-m2.5-short_short-000,load_epoch:aimd-minimax-m2.5-short_short-000,required,measured_unhealthy_at_all_baseline_rates,minimax-m2.5,not_applicable,load,2026-08-28T09:26:50.128960Z
short_short:aimd:in256:out128:aimd-minimax-m2.5-short_short-001,load_epoch:aimd-minimax-m2.5-short_short-001,required,measured_unhealthy_at_all_baseline_rates,minimax-m2.5,not_applicable,load,2026-08-28T09:26:50.131018Z
short_short:aimd:in256:out128:aimd-minimax-m2.5-short_short-002,load_epoch:aimd-minimax-m2.5-short_short-002,required,measured_unhealthy_at_all_baseline_rates,minimax-m2.5,not_applicable,load,2026-08-28T09:26:50.132861Z
short_short:aimd:in256:out128:aimd-minimax-m2.5-short_short-003,load_epoch:aimd-minimax-m2.5-short_short-003,required,measured_unhealthy_at_all_baseline_rates,minimax-m2.5,not_applicable,load,2026-08-28T09:26:50.134727Z
short_short:aimd:in256:out128:aimd-minimax-m2.5-short_short-004,load_epoch:aimd-minimax-m2.5-short_short-004,required,measured_unhealthy_at_all_baseline_rates,minimax-m2.5,not_applicable,load,2026-08-28T09:26:50.136685Z
short_short:aimd:in256:out128:aimd-minimax-m2.5-short_short-005,load_epoch:aimd-minimax-m2.5-short_short-005,required,measured_unhealthy_at_all_baseline_rates,minimax-m2.5,not_applicable,load,2026-08-28T09:26:50.138713Z
short_short:aimd:in256:out128:aimd-minimax-m2.5-short_short-006,load_epoch:aimd-minimax-m2.5-short_short-006,required,measured_unhealthy_at_all_baseline_rates,minimax-m2.5,not_applicable,load,2026-08-28T09:26:50.140718Z
short_short:aimd:in256:out128:aimd-minimax-m2.5-short_short-007,load_epoch:aimd-minimax-m2.5-short_short-007,required,measured_unhealthy_at_all_baseline_rates,minimax-m2.5,not_applicable,load,2026-08-28T09:26:50.142647Z
short_short:aimd:in256:out128:aimd-minimax-m2.5-short_short-008,load_epoch:aimd-minimax-m2.5-short_short-008,required,measured_unhealthy_at_all_baseline_rates,minimax-m2.5,not_applicable,load,2026-08-28T09:26:50.144576Z
short_short:baseline:in256:out128:aimd-minimax-m2.5-short_short-baseline,load_epoch:aimd-minimax-m2.5-short_short-baseline,required,,minimax-m2.5,completed,load,2026-08-28T09:24:46.757141Z
short_short:baseline:in256:out128:aimd-minimax-m2.5-short_short-baseline-attempt-1,load_epoch:aimd-minimax-m2.5-short_short-baseline-attempt-1,conditional_on_prior_baseline_failure,,minimax-m2.5,completed,load,2026-08-28T09:25:28.223089Z
short_short:baseline:in256:out128:aimd-minimax-m2.5-short_short-baseline-attempt-2,load_epoch:aimd-minimax-m2.5-short_short-baseline-attempt-2,conditional_on_prior_baseline_failure,,minimax-m2.5,completed,load,2026-08-28T09:26:50.123214Z
short_short:confirmation:in256:out128:aimd-minimax-m2.5-short_short-confirm-0,load_epoch:aimd-minimax-m2.5-short_short-confirm-0,required,measured_unhealthy_at_all_baseline_rates,minimax-m2.5,not_applicable,load,2026-08-28T09:26:50.146577Z
short_short:confirmation:in256:out128:aimd-minimax-m2.5-short_short-confirm-1,load_epoch:aimd-minimax-m2.5-short_short-confirm-1,required,measured_unhealthy_at_all_baseline_rates,minimax-m2.5,not_applicable,load,2026-08-28T09:26:50.148674Z
short_short:confirmation:in256:out128:aimd-minimax-m2.5-short_short-confirm-2,load_epoch:aimd-minimax-m2.5-short_short-confirm-2,required,measured_unhealthy_at_all_baseline_rates,minimax-m2.5,not_applicable,load,2026-08-28T09:26:50.150407Z
short_short:confirmation:in256:out128:aimd-minimax-m2.5-short_short-confirm-stage-1-0,load_epoch:aimd-minimax-m2.5-short_short-confirm-stage-1-0,conditional_on_prior_confirmation_failure,measured_unhealthy_at_all_baseline_rates,minimax-m2.5,not_applicable,load,2026-08-28T09:26:50.152250Z
short_short:confirmation:in256:out128:aimd-minimax-m2.5-short_short-confirm-stage-1-1,load_epoch:aimd-minimax-m2.5-short_short-confirm-stage-1-1,conditional_on_prior_confirmation_failure,measured_unhealthy_at_all_baseline_rates,minimax-m2.5,not_applicable,load,2026-08-28T09:26:50.153954Z
short_short:confirmation:in256:out128:aimd-minimax-m2.5-short_short-confirm-stage-1-2,load_epoch:aimd-minimax-m2.5-short_short-confirm-stage-1-2,conditional_on_prior_confirmation_failure,measured_unhealthy_at_all_baseline_rates,minimax-m2.5,not_applicable,load,2026-08-28T09:26:50.155648Z
short_short:confirmation_separator:in256:out128:aimd-minimax-m2.5-short_short-separator-0,load_epoch:aimd-minimax-m2.5-short_short-separator-0,required,measured_unhealthy_at_all_baseline_rates,minimax-m2.5,not_applicable,load,2026-08-28T09:26:50.157486Z
short_short:confirmation_separator:in256:out128:aimd-minimax-m2.5-short_short-separator-1,load_epoch:aimd-minimax-m2.5-short_short-separator-1,required,measured_unhealthy_at_all_baseline_rates,minimax-m2.5,not_applicable,load,2026-08-28T09:26:50.159157Z
short_short:confirmation_separator:in256:out128:aimd-minimax-m2.5-short_short-separator-stage-1-0,load_epoch:aimd-minimax-m2.5-short_short-separator-stage-1-0,conditional_on_prior_confirmation_failure,measured_unhealthy_at_all_baseline_rates,minimax-m2.5,not_applicable,load,2026-08-28T09:26:50.160907Z
short_short:confirmation_separator:in256:out128:aimd-minimax-m2.5-short_short-separator-stage-1-1,load_epoch:aimd-minimax-m2.5-short_short-separator-stage-1-1,conditional_on_prior_confirmation_failure,measured_unhealthy_at_all_baseline_rates,minimax-m2.5,not_applicable,load,2026-08-28T09:26:50.162854Z
short_short:recovery_after_observed_overload:in256:out128:aimd-minimax-m2.5-short_short-recovery,load_epoch:aimd-minimax-m2.5-short_short-recovery,conditional_on_overload,measured_unhealthy_at_all_baseline_rates,minimax-m2.5,not_applicable,load,2026-08-28T09:26:50.164530Z
long_short:aimd:in100000:out128:aimd-nemotron-3-ultra-550b-long_short-000,load_epoch:aimd-nemotron-3-ultra-550b-long_short-000,required,measured_unhealthy_at_all_baseline_rates,nemotron-3-ultra-550b,not_applicable,load,2026-08-28T10:07:26.270875Z
long_short:aimd:in100000:out128:aimd-nemotron-3-ultra-550b-long_short-001,load_epoch:aimd-nemotron-3-ultra-550b-long_short-001,required,measured_unhealthy_at_all_baseline_rates,nemotron-3-ultra-550b,not_applicable,load,2026-08-28T10:07:26.272608Z
long_short:aimd:in100000:out128:aimd-nemotron-3-ultra-550b-long_short-002,load_epoch:aimd-nemotron-3-ultra-550b-long_short-002,required,measured_unhealthy_at_all_baseline_rates,nemotron-3-ultra-550b,not_applicable,load,2026-08-28T10:07:26.274766Z
long_short:aimd:in100000:out128:aimd-nemotron-3-ultra-550b-long_short-003,load_epoch:aimd-nemotron-3-ultra-550b-long_short-003,required,measured_unhealthy_at_all_baseline_rates,nemotron-3-ultra-550b,not_applicable,load,2026-08-28T10:07:26.276531Z
long_short:aimd:in100000:out128:aimd-nemotron-3-ultra-550b-long_short-004,load_epoch:aimd-nemotron-3-ultra-550b-long_short-004,required,measured_unhealthy_at_all_baseline_rates,nemotron-3-ultra-550b,not_applicable,load,2026-08-28T10:07:26.277963Z
long_short:aimd:in100000:out128:aimd-nemotron-3-ultra-550b-long_short-005,load_epoch:aimd-nemotron-3-ultra-550b-long_short-005,required,measured_unhealthy_at_all_baseline_rates,nemotron-3-ultra-550b,not_applicable,load,2026-08-28T10:07:26.280002Z
long_short:aimd:in100000:out128:aimd-nemotron-3-ultra-550b-long_short-006,load_epoch:aimd-nemotron-3-ultra-550b-long_short-006,required,measured_unhealthy_at_all_baseline_rates,nemotron-3-ultra-550b,not_applicable,load,2026-08-28T10:07:26.281872Z
long_short:aimd:in100000:out128:aimd-nemotron-3-ultra-550b-long_short-007,load_epoch:aimd-nemotron-3-ultra-550b-long_short-007,required,measured_unhealthy_at_all_baseline_rates,nemotron-3-ultra-550b,not_applicable,load,2026-08-28T10:07:26.283637Z
long_short:aimd:in100000:out128:aimd-nemotron-3-ultra-550b-long_short-008,load_epoch:aimd-nemotron-3-ultra-550b-long_short-008,required,measured_unhealthy_at_all_baseline_rates,nemotron-3-ultra-550b,not_applicable,load,2026-08-28T10:07:26.285391Z
long_short:baseline:in100000:out128:aimd-nemotron-3-ultra-550b-long_short-baseline,load_epoch:aimd-nemotron-3-ultra-550b-long_short-baseline,required,,nemotron-3-ultra-550b,completed,load,2026-08-28T10:02:54.277306Z
long_short:baseline:in100000:out128:aimd-nemotron-3-ultra-550b-long_short-baseline-attempt-1,load_epoch:aimd-nemotron-3-ultra-550b-long_short-baseline-attempt-1,conditional_on_prior_baseline_failure,,nemotron-3-ultra-550b,completed,load,2026-08-28T10:05:07.473544Z
long_short:baseline:in100000:out128:aimd-nemotron-3-ultra-550b-long_short-baseline-attempt-2,load_epoch:aimd-nemotron-3-ultra-550b-long_short-baseline-attempt-2,conditional_on_prior_baseline_failure,,nemotron-3-ultra-550b,completed,load,2026-08-28T10:07:26.264644Z
long_short:confirmation:in100000:out128:aimd-nemotron-3-ultra-550b-long_short-confirm-0,load_epoch:aimd-nemotron-3-ultra-550b-long_short-confirm-0,required,measured_unhealthy_at_all_baseline_rates,nemotron-3-ultra-550b,not_applicable,load,2026-08-28T10:07:26.287030Z
long_short:confirmation:in100000:out128:aimd-nemotron-3-ultra-550b-long_short-confirm-1,load_epoch:aimd-nemotron-3-ultra-550b-long_short-confirm-1,required,measured_unhealthy_at_all_baseline_rates,nemotron-3-ultra-550b,not_applicable,load,2026-08-28T10:07:26.289059Z
long_short:confirmation:in100000:out128:aimd-nemotron-3-ultra-550b-long_short-confirm-2,load_epoch:aimd-nemotron-3-ultra-550b-long_short-confirm-2,required,measured_unhealthy_at_all_baseline_rates,nemotron-3-ultra-550b,not_applicable,load,2026-08-28T10:07:26.290710Z
long_short:confirmation:in100000:out128:aimd-nemotron-3-ultra-550b-long_short-confirm-stage-1-0,load_epoch:aimd-nemotron-3-ultra-550b-long_short-confirm-stage-1-0,conditional_on_prior_confirmation_failure,measured_unhealthy_at_all_baseline_rates,nemotron-3-ultra-550b,not_applicable,load,2026-08-28T10:07:26.292574Z
long_short:confirmation:in100000:out128:aimd-nemotron-3-ultra-550b-long_short-confirm-stage-1-1,load_epoch:aimd-nemotron-3-ultra-550b-long_short-confirm-stage-1-1,conditional_on_prior_confirmation_failure,measured_unhealthy_at_all_baseline_rates,nemotron-3-ultra-550b,not_applicable,load,2026-08-28T10:07:26.294415Z
long_short:confirmation:in100000:out128:aimd-nemotron-3-ultra-550b-long_short-confirm-stage-1-2,load_epoch:aimd-nemotron-3-ultra-550b-long_short-confirm-stage-1-2,conditional_on_prior_confirmation_failure,measured_unhealthy_at_all_baseline_rates,nemotron-3-ultra-550b,not_applicable,load,2026-08-28T10:07:26.296277Z
long_short:confirmation_separator:in100000:out128:aimd-nemotron-3-ultra-550b-long_short-separator-0,load_epoch:aimd-nemotron-3-ultra-550b-long_short-separator-0,required,measured_unhealthy_at_all_baseline_rates,nemotron-3-ultra-550b,not_applicable,load,2026-08-28T10:07:26.298188Z
long_short:confirmation_separator:in100000:out128:aimd-nemotron-3-ultra-550b-long_short-separator-1,load_epoch:aimd-nemotron-3-ultra-550b-long_short-separator-1,required,measured_unhealthy_at_all_baseline_rates,nemotron-3-ultra-550b,not_applicable,load,2026-08-28T10:07:26.300080Z
long_short:confirmation_separator:in100000:out128:aimd-nemotron-3-ultra-550b-long_short-separator-stage-1-0,load_epoch:aimd-nemotron-3-ultra-550b-long_short-separator-stage-1-0,conditional_on_prior_confirmation_failure,measured_unhealthy_at_all_baseline_rates,nemotron-3-ultra-550b,not_applicable,load,2026-08-28T10:07:26.301695Z
long_short:confirmation_separator:in100000:out128:aimd-nemotron-3-ultra-550b-long_short-separator-stage-1-1,load_epoch:aimd-nemotron-3-ultra-550b-long_short-separator-stage-1-1,conditional_on_prior_confirmation_failure,measured_unhealthy_at_all_baseline_rates,nemotron-3-ultra-550b,not_applicable,load,2026-08-28T10:07:26.303404Z
long_short:recovery_after_observed_overload:in100000:out128:aimd-nemotron-3-ultra-550b-long_short-recovery,load_epoch:aimd-nemotron-3-ultra-550b-long_short-recovery,conditional_on_overload,measured_unhealthy_at_all_baseline_rates,nemotron-3-ultra-550b,not_applicable,load,2026-08-28T10:07:26.305064Z
mixed:aimd:in100000:out128:aimd-nemotron-3-ultra-550b-mixed-001,load_epoch:aimd-nemotron-3-ultra-550b-mixed-001,required,time_guard,nemotron-3-ultra-550b,time_censored,load,2026-08-28T12:35:38.031921Z
mixed:aimd:in1024:out512:aimd-nemotron-3-ultra-550b-mixed-002,load_epoch:aimd-nemotron-3-ultra-550b-mixed-002,required,time_guard,nemotron-3-ultra-550b,time_censored,load,2026-08-28T12:35:38.031921Z
mixed:aimd:in1024:out512:aimd-nemotron-3-ultra-550b-mixed-004,load_epoch:aimd-nemotron-3-ultra-550b-mixed-004,required,time_guard,nemotron-3-ultra-550b,time_censored,load,2026-08-28T12:35:38.031921Z
mixed:aimd:in1024:out512:aimd-nemotron-3-ultra-550b-mixed-008,load_epoch:aimd-nemotron-3-ultra-550b-mixed-008,required,time_guard,nemotron-3-ultra-550b,time_censored,load,2026-08-28T12:35:38.031921Z
mixed:aimd:in256:out128:aimd-nemotron-3-ultra-550b-mixed-007,load_epoch:aimd-nemotron-3-ultra-550b-mixed-007,required,time_guard,nemotron-3-ultra-550b,time_censored,load,2026-08-28T12:35:38.031921Z
mixed:aimd:in256:out4096:aimd-nemotron-3-ultra-550b-mixed-000,load_epoch:aimd-nemotron-3-ultra-550b-mixed-000,required,time_guard,nemotron-3-ultra-550b,time_censored,load,2026-08-28T12:35:38.031921Z
mixed:aimd:in256:out4096:aimd-nemotron-3-ultra-550b-mixed-003,load_epoch:aimd-nemotron-3-ultra-550b-mixed-003,required,time_guard,nemotron-3-ultra-550b,time_censored,load,2026-08-28T12:35:38.031921Z
mixed:aimd:in256:out4096:aimd-nemotron-3-ultra-550b-mixed-005,load_epoch:aimd-nemotron-3-ultra-550b-mixed-005,required,time_guard,nemotron-3-ultra-550b,time_censored,load,2026-08-28T12:35:38.031921Z
mixed:aimd:in256:out4096:aimd-nemotron-3-ultra-550b-mixed-006,load_epoch:aimd-nemotron-3-ultra-550b-mixed-006,required,time_guard,nemotron-3-ultra-550b,time_censored,load,2026-08-28T12:35:38.031921Z
mixed:baseline:in100000:out128:aimd-nemotron-3-ultra-550b-mixed-baseline-attempt-1,load_epoch:aimd-nemotron-3-ultra-550b-mixed-baseline-attempt-1,conditional_on_prior_baseline_failure,time_guard,nemotron-3-ultra-550b,time_censored,load,2026-08-28T12:35:38.031921Z
mixed:baseline:in100000:out128:aimd-nemotron-3-ultra-550b-mixed-baseline-attempt-2,load_epoch:aimd-nemotron-3-ultra-550b-mixed-baseline-attempt-2,conditional_on_prior_baseline_failure,time_guard,nemotron-3-ultra-550b,time_censored,load,2026-08-28T12:35:38.031921Z
mixed:baseline:in256:out4096:aimd-nemotron-3-ultra-550b-mixed-baseline,load_epoch:aimd-nemotron-3-ultra-550b-mixed-baseline,required,time_guard,nemotron-3-ultra-550b,time_censored,load,2026-08-28T12:35:38.031921Z
mixed:confirmation:in100000:out128:aimd-nemotron-3-ultra-550b-mixed-confirm-2,load_epoch:aimd-nemotron-3-ultra-550b-mixed-confirm-2,required,time_guard,nemotron-3-ultra-550b,time_censored,load,2026-08-28T12:35:38.031921Z
mixed:confirmation:in100000:out128:aimd-nemotron-3-ultra-550b-mixed-confirm-stage-1-0,load_epoch:aimd-nemotron-3-ultra-550b-mixed-confirm-stage-1-0,conditional_on_prior_confirmation_failure,time_guard,nemotron-3-ultra-550b,time_censored,load,2026-08-28T12:35:38.031921Z
mixed:confirmation:in100000:out128:aimd-nemotron-3-ultra-550b-mixed-confirm-stage-1-2,load_epoch:aimd-nemotron-3-ultra-550b-mixed-confirm-stage-1-2,conditional_on_prior_confirmation_failure,time_guard,nemotron-3-ultra-550b,time_censored,load,2026-08-28T12:35:38.031921Z
mixed:confirmation:in1024:out512:aimd-nemotron-3-ultra-550b-mixed-confirm-0,load_epoch:aimd-nemotron-3-ultra-550b-mixed-confirm-0,required,time_guard,nemotron-3-ultra-550b,time_censored,load,2026-08-28T12:35:38.031921Z
mixed:confirmation:in1024:out512:aimd-nemotron-3-ultra-550b-mixed-confirm-1,load_epoch:aimd-nemotron-3-ultra-550b-mixed-confirm-1,required,time_guard,nemotron-3-ultra-550b,time_censored,load,2026-08-28T12:35:38.031921Z
mixed:confirmation:in1024:out512:aimd-nemotron-3-ultra-550b-mixed-confirm-stage-1-1,load_epoch:aimd-nemotron-3-ultra-550b-mixed-confirm-stage-1-1,conditional_on_prior_confirmation_failure,time_guard,nemotron-3-ultra-550b,time_censored,load,2026-08-28T12:35:38.031921Z
mixed:confirmation_separator:in100000:out128:aimd-nemotron-3-ultra-550b-mixed-separator-stage-1-0,load_epoch:aimd-nemotron-3-ultra-550b-mixed-separator-stage-1-0,conditional_on_prior_confirmation_failure,time_guard,nemotron-3-ultra-550b,time_censored,load,2026-08-28T12:35:38.031921Z
mixed:confirmation_separator:in1024:out512:aimd-nemotron-3-ultra-550b-mixed-separator-1,load_epoch:aimd-nemotron-3-ultra-550b-mixed-separator-1,required,time_guard,nemotron-3-ultra-550b,time_censored,load,2026-08-28T12:35:38.031921Z
mixed:confirmation_separator:in1024:out512:aimd-nemotron-3-ultra-550b-mixed-separator-stage-1-1,load_epoch:aimd-nemotron-3-ultra-550b-mixed-separator-stage-1-1,conditional_on_prior_confirmation_failure,time_guard,nemotron-3-ultra-550b,time_censored,load,2026-08-28T12:35:38.031921Z
mixed:confirmation_separator:in256:out4096:aimd-nemotron-3-ultra-550b-mixed-separator-0,load_epoch:aimd-nemotron-3-ultra-550b-mixed-separator-0,required,time_guard,nemotron-3-ultra-550b,time_censored,load,2026-08-28T12:35:38.031921Z
mixed:recovery_after_observed_overload:in256:out128:aimd-nemotron-3-ultra-550b-mixed-recovery,load_epoch:aimd-nemotron-3-ultra-550b-mixed-recovery,conditional_on_overload,time_guard,nemotron-3-ultra-550b,time_censored,load,2026-08-28T12:35:38.031921Z
short_long:aimd:in256:out4096:aimd-nemotron-3-ultra-550b-short_long-000,load_epoch:aimd-nemotron-3-ultra-550b-short_long-000,required,zero_scheduled_poisson_arrivals,nemotron-3-ultra-550b,inconclusive,load,2026-08-28T11:32:24.500145Z
short_long:aimd:in256:out4096:aimd-nemotron-3-ultra-550b-short_long-001,load_epoch:aimd-nemotron-3-ultra-550b-short_long-001,required,zero_scheduled_poisson_arrivals,nemotron-3-ultra-550b,inconclusive,load,2026-08-28T11:32:29.512643Z
short_long:aimd:in256:out4096:aimd-nemotron-3-ultra-550b-short_long-002,load_epoch:aimd-nemotron-3-ultra-550b-short_long-002,required,,nemotron-3-ultra-550b,completed,load,2026-08-28T11:33:09.682240Z
short_long:aimd:in256:out4096:aimd-nemotron-3-ultra-550b-short_long-003,load_epoch:aimd-nemotron-3-ultra-550b-short_long-003,required,,nemotron-3-ultra-550b,completed,load,2026-08-28T11:34:07.171436Z
short_long:aimd:in256:out4096:aimd-nemotron-3-ultra-550b-short_long-004,load_epoch:aimd-nemotron-3-ultra-550b-short_long-004,required,,nemotron-3-ultra-550b,completed,load,2026-08-28T11:34:56.082682Z
short_long:aimd:in256:out4096:aimd-nemotron-3-ultra-550b-short_long-005,load_epoch:aimd-nemotron-3-ultra-550b-short_long-005,required,,nemotron-3-ultra-550b,completed,load,2026-08-28T11:35:59.073351Z
short_long:aimd:in256:out4096:aimd-nemotron-3-ultra-550b-short_long-006,load_epoch:aimd-nemotron-3-ultra-550b-short_long-006,required,,nemotron-3-ultra-550b,completed,load,2026-08-28T11:36:38.442677Z
short_long:aimd:in256:out4096:aimd-nemotron-3-ultra-550b-short_long-007,load_epoch:aimd-nemotron-3-ultra-550b-short_long-007,required,,nemotron-3-ultra-550b,completed,load,2026-08-28T11:37:36.051147Z
short_long:aimd:in256:out4096:aimd-nemotron-3-ultra-550b-short_long-008,load_epoch:aimd-nemotron-3-ultra-550b-short_long-008,required,,nemotron-3-ultra-550b,completed,load,2026-08-28T11:38:25.043041Z
short_long:baseline:in256:out4096:aimd-nemotron-3-ultra-550b-short_long-baseline,load_epoch:aimd-nemotron-3-ultra-550b-short_long-baseline,required,,nemotron-3-ultra-550b,completed,load,2026-08-28T11:32:19.485089Z
short_long:baseline:in256:out4096:aimd-nemotron-3-ultra-550b-short_long-baseline-attempt-1,load_epoch:aimd-nemotron-3-ultra-550b-short_long-baseline-attempt-1,conditional_on_prior_baseline_failure,healthy_baseline_already_established,nemotron-3-ultra-550b,not_applicable,load,2026-08-28T11:32:19.487137Z
short_long:baseline:in256:out4096:aimd-nemotron-3-ultra-550b-short_long-baseline-attempt-2,load_epoch:aimd-nemotron-3-ultra-550b-short_long-baseline-attempt-2,conditional_on_prior_baseline_failure,healthy_baseline_already_established,nemotron-3-ultra-550b,not_applicable,load,2026-08-28T11:32:19.488633Z
short_long:confirmation:in256:out4096:aimd-nemotron-3-ultra-550b-short_long-confirm-0,load_epoch:aimd-nemotron-3-ultra-550b-short_long-confirm-0,required,,nemotron-3-ultra-550b,completed,load,2026-08-28T11:39:23.129792Z
short_long:confirmation:in256:out4096:aimd-nemotron-3-ultra-550b-short_long-confirm-1,load_epoch:aimd-nemotron-3-ultra-550b-short_long-confirm-1,required,,nemotron-3-ultra-550b,completed,load,2026-08-28T11:41:18.605647Z
short_long:confirmation:in256:out4096:aimd-nemotron-3-ultra-550b-short_long-confirm-2,load_epoch:aimd-nemotron-3-ultra-550b-short_long-confirm-2,required,,nemotron-3-ultra-550b,completed,load,2026-08-28T11:43:06.137043Z
short_long:confirmation:in256:out4096:aimd-nemotron-3-ultra-550b-short_long-confirm-stage-1-0,load_epoch:aimd-nemotron-3-ultra-550b-short_long-confirm-stage-1-0,conditional_on_prior_confirmation_failure,lower_rate_confirmation_not_needed,nemotron-3-ultra-550b,not_applicable,load,2026-08-28T11:43:06.138798Z
short_long:confirmation:in256:out4096:aimd-nemotron-3-ultra-550b-short_long-confirm-stage-1-1,load_epoch:aimd-nemotron-3-ultra-550b-short_long-confirm-stage-1-1,conditional_on_prior_confirmation_failure,lower_rate_confirmation_not_needed,nemotron-3-ultra-550b,not_applicable,load,2026-08-28T11:43:06.142599Z
short_long:confirmation:in256:out4096:aimd-nemotron-3-ultra-550b-short_long-confirm-stage-1-2,load_epoch:aimd-nemotron-3-ultra-550b-short_long-confirm-stage-1-2,conditional_on_prior_confirmation_failure,lower_rate_confirmation_not_needed,nemotron-3-ultra-550b,not_applicable,load,2026-08-28T11:43:06.146675Z
short_long:confirmation_separator:in256:out4096:aimd-nemotron-3-ultra-550b-short_long-separator-0,load_epoch:aimd-nemotron-3-ultra-550b-short_long-separator-0,required,,nemotron-3-ultra-550b,completed,load,2026-08-28T11:40:19.086208Z
short_long:confirmation_separator:in256:out4096:aimd-nemotron-3-ultra-550b-short_long-separator-1,load_epoch:aimd-nemotron-3-ultra-550b-short_long-separator-1,required,,nemotron-3-ultra-550b,completed,load,2026-08-28T11:42:15.114642Z
short_long:confirmation_separator:in256:out4096:aimd-nemotron-3-ultra-550b-short_long-separator-stage-1-0,load_epoch:aimd-nemotron-3-ultra-550b-short_long-separator-stage-1-0,conditional_on_prior_confirmation_failure,lower_rate_confirmation_not_needed,nemotron-3-ultra-550b,not_applicable,load,2026-08-28T11:43:06.140663Z
short_long:confirmation_separator:in256:out4096:aimd-nemotron-3-ultra-550b-short_long-separator-stage-1-1,load_epoch:aimd-nemotron-3-ultra-550b-short_long-separator-stage-1-1,conditional_on_prior_confirmation_failure,lower_rate_confirmation_not_needed,nemotron-3-ultra-550b,not_applicable,load,2026-08-28T11:43:06.144682Z
short_long:recovery_after_observed_overload:in256:out4096:aimd-nemotron-3-ultra-550b-short_long-recovery,load_epoch:aimd-nemotron-3-ultra-550b-short_long-recovery,conditional_on_overload,no_two_epoch_overload_observed,nemotron-3-ultra-550b,not_applicable,load,2026-08-28T11:43:06.148388Z
short_short:aimd:in256:out128:aimd-nemotron-3-ultra-550b-short_short-000,load_epoch:aimd-nemotron-3-ultra-550b-short_short-000,required,time_guard,nemotron-3-ultra-550b,time_censored,load,2026-08-28T12:35:38.031921Z
short_short:aimd:in256:out128:aimd-nemotron-3-ultra-550b-short_short-001,load_epoch:aimd-nemotron-3-ultra-550b-short_short-001,required,time_guard,nemotron-3-ultra-550b,time_censored,load,2026-08-28T12:35:38.031921Z
short_short:aimd:in256:out128:aimd-nemotron-3-ultra-550b-short_short-002,load_epoch:aimd-nemotron-3-ultra-550b-short_short-002,required,time_guard,nemotron-3-ultra-550b,time_censored,load,2026-08-28T12:35:38.031921Z
short_short:aimd:in256:out128:aimd-nemotron-3-ultra-550b-short_short-003,load_epoch:aimd-nemotron-3-ultra-550b-short_short-003,required,time_guard,nemotron-3-ultra-550b,time_censored,load,2026-08-28T12:35:38.031921Z
short_short:aimd:in256:out128:aimd-nemotron-3-ultra-550b-short_short-004,load_epoch:aimd-nemotron-3-ultra-550b-short_short-004,required,time_guard,nemotron-3-ultra-550b,time_censored,load,2026-08-28T12:35:38.031921Z
short_short:aimd:in256:out128:aimd-nemotron-3-ultra-550b-short_short-005,load_epoch:aimd-nemotron-3-ultra-550b-short_short-005,required,time_guard,nemotron-3-ultra-550b,time_censored,load,2026-08-28T12:35:38.031921Z
short_short:aimd:in256:out128:aimd-nemotron-3-ultra-550b-short_short-006,load_epoch:aimd-nemotron-3-ultra-550b-short_short-006,required,time_guard,nemotron-3-ultra-550b,time_censored,load,2026-08-28T12:35:38.031921Z
short_short:aimd:in256:out128:aimd-nemotron-3-ultra-550b-short_short-007,load_epoch:aimd-nemotron-3-ultra-550b-short_short-007,required,time_guard,nemotron-3-ultra-550b,time_censored,load,2026-08-28T12:35:38.031921Z
short_short:aimd:in256:out128:aimd-nemotron-3-ultra-550b-short_short-008,load_epoch:aimd-nemotron-3-ultra-550b-short_short-008,required,time_guard,nemotron-3-ultra-550b,time_censored,load,2026-08-28T12:35:38.031921Z
short_short:baseline:in256:out128:aimd-nemotron-3-ultra-550b-short_short-baseline,load_epoch:aimd-nemotron-3-ultra-550b-short_short-baseline,required,time_guard,nemotron-3-ultra-550b,time_censored,load,2026-08-28T12:35:38.031921Z
short_short:baseline:in256:out128:aimd-nemotron-3-ultra-550b-short_short-baseline-attempt-1,load_epoch:aimd-nemotron-3-ultra-550b-short_short-baseline-attempt-1,conditional_on_prior_baseline_failure,time_guard,nemotron-3-ultra-550b,time_censored,load,2026-08-28T12:35:38.031921Z
short_short:baseline:in256:out128:aimd-nemotron-3-ultra-550b-short_short-baseline-attempt-2,load_epoch:aimd-nemotron-3-ultra-550b-short_short-baseline-attempt-2,conditional_on_prior_baseline_failure,time_guard,nemotron-3-ultra-550b,time_censored,load,2026-08-28T12:35:38.031921Z
short_short:confirmation:in256:out128:aimd-nemotron-3-ultra-550b-short_short-confirm-0,load_epoch:aimd-nemotron-3-ultra-550b-short_short-confirm-0,required,time_guard,nemotron-3-ultra-550b,time_censored,load,2026-08-28T12:35:38.031921Z
short_short:confirmation:in256:out128:aimd-nemotron-3-ultra-550b-short_short-confirm-1,load_epoch:aimd-nemotron-3-ultra-550b-short_short-confirm-1,required,time_guard,nemotron-3-ultra-550b,time_censored,load,2026-08-28T12:35:38.031921Z
short_short:confirmation:in256:out128:aimd-nemotron-3-ultra-550b-short_short-confirm-2,load_epoch:aimd-nemotron-3-ultra-550b-short_short-confirm-2,required,time_guard,nemotron-3-ultra-550b,time_censored,load,2026-08-28T12:35:38.031921Z
short_short:confirmation:in256:out128:aimd-nemotron-3-ultra-550b-short_short-confirm-stage-1-0,load_epoch:aimd-nemotron-3-ultra-550b-short_short-confirm-stage-1-0,conditional_on_prior_confirmation_failure,time_guard,nemotron-3-ultra-550b,time_censored,load,2026-08-28T12:35:38.031921Z
short_short:confirmation:in256:out128:aimd-nemotron-3-ultra-550b-short_short-confirm-stage-1-1,load_epoch:aimd-nemotron-3-ultra-550b-short_short-confirm-stage-1-1,conditional_on_prior_confirmation_failure,time_guard,nemotron-3-ultra-550b,time_censored,load,2026-08-28T12:35:38.031921Z
short_short:confirmation:in256:out128:aimd-nemotron-3-ultra-550b-short_short-confirm-stage-1-2,load_epoch:aimd-nemotron-3-ultra-550b-short_short-confirm-stage-1-2,conditional_on_prior_confirmation_failure,time_guard,nemotron-3-ultra-550b,time_censored,load,2026-08-28T12:35:38.031921Z
short_short:confirmation_separator:in256:out128:aimd-nemotron-3-ultra-550b-short_short-separator-0,load_epoch:aimd-nemotron-3-ultra-550b-short_short-separator-0,required,time_guard,nemotron-3-ultra-550b,time_censored,load,2026-08-28T12:35:38.031921Z
short_short:confirmation_separator:in256:out128:aimd-nemotron-3-ultra-550b-short_short-separator-1,load_epoch:aimd-nemotron-3-ultra-550b-short_short-separator-1,required,time_guard,nemotron-3-ultra-550b,time_censored,load,2026-08-28T12:35:38.031921Z
short_short:confirmation_separator:in256:out128:aimd-nemotron-3-ultra-550b-short_short-separator-stage-1-0,load_epoch:aimd-nemotron-3-ultra-550b-short_short-separator-stage-1-0,conditional_on_prior_confirmation_failure,time_guard,nemotron-3-ultra-550b,time_censored,load,2026-08-28T12:35:38.031921Z
short_short:confirmation_separator:in256:out128:aimd-nemotron-3-ultra-550b-short_short-separator-stage-1-1,load_epoch:aimd-nemotron-3-ultra-550b-short_short-separator-stage-1-1,conditional_on_prior_confirmation_failure,time_guard,nemotron-3-ultra-550b,time_censored,load,2026-08-28T12:35:38.031921Z
short_short:recovery_after_observed_overload:in256:out128:aimd-nemotron-3-ultra-550b-short_short-recovery,load_epoch:aimd-nemotron-3-ultra-550b-short_short-recovery,conditional_on_overload,time_guard,nemotron-3-ultra-550b,time_censored,load,2026-08-28T12:35:38.031921Z
long_short:aimd:in100000:out128:aimd-nvidia-nemotron-3-super-120b-long_short-000,load_epoch:aimd-nvidia-nemotron-3-super-120b-long_short-000,required,measured_unhealthy_at_all_baseline_rates,nvidia-nemotron-3-super-120b,not_applicable,load,2026-08-28T10:21:14.907145Z
long_short:aimd:in100000:out128:aimd-nvidia-nemotron-3-super-120b-long_short-001,load_epoch:aimd-nvidia-nemotron-3-super-120b-long_short-001,required,measured_unhealthy_at_all_baseline_rates,nvidia-nemotron-3-super-120b,not_applicable,load,2026-08-28T10:21:14.908625Z
long_short:aimd:in100000:out128:aimd-nvidia-nemotron-3-super-120b-long_short-002,load_epoch:aimd-nvidia-nemotron-3-super-120b-long_short-002,required,measured_unhealthy_at_all_baseline_rates,nvidia-nemotron-3-super-120b,not_applicable,load,2026-08-28T10:21:14.910414Z
long_short:aimd:in100000:out128:aimd-nvidia-nemotron-3-super-120b-long_short-003,load_epoch:aimd-nvidia-nemotron-3-super-120b-long_short-003,required,measured_unhealthy_at_all_baseline_rates,nvidia-nemotron-3-super-120b,not_applicable,load,2026-08-28T10:21:14.912273Z
long_short:aimd:in100000:out128:aimd-nvidia-nemotron-3-super-120b-long_short-004,load_epoch:aimd-nvidia-nemotron-3-super-120b-long_short-004,required,measured_unhealthy_at_all_baseline_rates,nvidia-nemotron-3-super-120b,not_applicable,load,2026-08-28T10:21:14.913967Z
long_short:aimd:in100000:out128:aimd-nvidia-nemotron-3-super-120b-long_short-005,load_epoch:aimd-nvidia-nemotron-3-super-120b-long_short-005,required,measured_unhealthy_at_all_baseline_rates,nvidia-nemotron-3-super-120b,not_applicable,load,2026-08-28T10:21:14.915555Z
long_short:aimd:in100000:out128:aimd-nvidia-nemotron-3-super-120b-long_short-006,load_epoch:aimd-nvidia-nemotron-3-super-120b-long_short-006,required,measured_unhealthy_at_all_baseline_rates,nvidia-nemotron-3-super-120b,not_applicable,load,2026-08-28T10:21:14.917235Z
long_short:aimd:in100000:out128:aimd-nvidia-nemotron-3-super-120b-long_short-007,load_epoch:aimd-nvidia-nemotron-3-super-120b-long_short-007,required,measured_unhealthy_at_all_baseline_rates,nvidia-nemotron-3-super-120b,not_applicable,load,2026-08-28T10:21:14.919077Z
long_short:aimd:in100000:out128:aimd-nvidia-nemotron-3-super-120b-long_short-008,load_epoch:aimd-nvidia-nemotron-3-super-120b-long_short-008,required,measured_unhealthy_at_all_baseline_rates,nvidia-nemotron-3-super-120b,not_applicable,load,2026-08-28T10:21:14.921018Z
long_short:baseline:in100000:out128:aimd-nvidia-nemotron-3-super-120b-long_short-baseline,load_epoch:aimd-nvidia-nemotron-3-super-120b-long_short-baseline,required,,nvidia-nemotron-3-super-120b,completed,load,2026-08-28T10:18:37.242911Z
long_short:baseline:in100000:out128:aimd-nvidia-nemotron-3-super-120b-long_short-baseline-attempt-1,load_epoch:aimd-nvidia-nemotron-3-super-120b-long_short-baseline-attempt-1,conditional_on_prior_baseline_failure,,nvidia-nemotron-3-super-120b,completed,load,2026-08-28T10:19:34.393708Z
long_short:baseline:in100000:out128:aimd-nvidia-nemotron-3-super-120b-long_short-baseline-attempt-2,load_epoch:aimd-nvidia-nemotron-3-super-120b-long_short-baseline-attempt-2,conditional_on_prior_baseline_failure,,nvidia-nemotron-3-super-120b,completed,load,2026-08-28T10:21:14.902279Z
long_short:confirmation:in100000:out128:aimd-nvidia-nemotron-3-super-120b-long_short-confirm-0,load_epoch:aimd-nvidia-nemotron-3-super-120b-long_short-confirm-0,required,measured_unhealthy_at_all_baseline_rates,nvidia-nemotron-3-super-120b,not_applicable,load,2026-08-28T10:21:14.922525Z
long_short:confirmation:in100000:out128:aimd-nvidia-nemotron-3-super-120b-long_short-confirm-1,load_epoch:aimd-nvidia-nemotron-3-super-120b-long_short-confirm-1,required,measured_unhealthy_at_all_baseline_rates,nvidia-nemotron-3-super-120b,not_applicable,load,2026-08-28T10:21:14.924205Z
long_short:confirmation:in100000:out128:aimd-nvidia-nemotron-3-super-120b-long_short-confirm-2,load_epoch:aimd-nvidia-nemotron-3-super-120b-long_short-confirm-2,required,measured_unhealthy_at_all_baseline_rates,nvidia-nemotron-3-super-120b,not_applicable,load,2026-08-28T10:21:14.925700Z
long_short:confirmation:in100000:out128:aimd-nvidia-nemotron-3-super-120b-long_short-confirm-stage-1-0,load_epoch:aimd-nvidia-nemotron-3-super-120b-long_short-confirm-stage-1-0,conditional_on_prior_confirmation_failure,measured_unhealthy_at_all_baseline_rates,nvidia-nemotron-3-super-120b,not_applicable,load,2026-08-28T10:21:14.927272Z
long_short:confirmation:in100000:out128:aimd-nvidia-nemotron-3-super-120b-long_short-confirm-stage-1-1,load_epoch:aimd-nvidia-nemotron-3-super-120b-long_short-confirm-stage-1-1,conditional_on_prior_confirmation_failure,measured_unhealthy_at_all_baseline_rates,nvidia-nemotron-3-super-120b,not_applicable,load,2026-08-28T10:21:14.928769Z
long_short:confirmation:in100000:out128:aimd-nvidia-nemotron-3-super-120b-long_short-confirm-stage-1-2,load_epoch:aimd-nvidia-nemotron-3-super-120b-long_short-confirm-stage-1-2,conditional_on_prior_confirmation_failure,measured_unhealthy_at_all_baseline_rates,nvidia-nemotron-3-super-120b,not_applicable,load,2026-08-28T10:21:14.930631Z
long_short:confirmation_separator:in100000:out128:aimd-nvidia-nemotron-3-super-120b-long_short-separator-0,load_epoch:aimd-nvidia-nemotron-3-super-120b-long_short-separator-0,required,measured_unhealthy_at_all_baseline_rates,nvidia-nemotron-3-super-120b,not_applicable,load,2026-08-28T10:21:14.932381Z
long_short:confirmation_separator:in100000:out128:aimd-nvidia-nemotron-3-super-120b-long_short-separator-1,load_epoch:aimd-nvidia-nemotron-3-super-120b-long_short-separator-1,required,measured_unhealthy_at_all_baseline_rates,nvidia-nemotron-3-super-120b,not_applicable,load,2026-08-28T10:21:14.934163Z
long_short:confirmation_separator:in100000:out128:aimd-nvidia-nemotron-3-super-120b-long_short-separator-stage-1-0,load_epoch:aimd-nvidia-nemotron-3-super-120b-long_short-separator-stage-1-0,conditional_on_prior_confirmation_failure,measured_unhealthy_at_all_baseline_rates,nvidia-nemotron-3-super-120b,not_applicable,load,2026-08-28T10:21:14.935680Z
long_short:confirmation_separator:in100000:out128:aimd-nvidia-nemotron-3-super-120b-long_short-separator-stage-1-1,load_epoch:aimd-nvidia-nemotron-3-super-120b-long_short-separator-stage-1-1,conditional_on_prior_confirmation_failure,measured_unhealthy_at_all_baseline_rates,nvidia-nemotron-3-super-120b,not_applicable,load,2026-08-28T10:21:14.937382Z
long_short:recovery_after_observed_overload:in100000:out128:aimd-nvidia-nemotron-3-super-120b-long_short-recovery,load_epoch:aimd-nvidia-nemotron-3-super-120b-long_short-recovery,conditional_on_overload,measured_unhealthy_at_all_baseline_rates,nvidia-nemotron-3-super-120b,not_applicable,load,2026-08-28T10:21:14.939319Z
mixed:aimd:in100000:out128:aimd-nvidia-nemotron-3-super-120b-mixed-000,load_epoch:aimd-nvidia-nemotron-3-super-120b-mixed-000,required,time_guard,nvidia-nemotron-3-super-120b,time_censored,load,2026-08-28T12:35:38.031921Z
mixed:aimd:in100000:out128:aimd-nvidia-nemotron-3-super-120b-mixed-002,load_epoch:aimd-nvidia-nemotron-3-super-120b-mixed-002,required,time_guard,nvidia-nemotron-3-super-120b,time_censored,load,2026-08-28T12:35:38.031921Z
mixed:aimd:in1024:out512:aimd-nvidia-nemotron-3-super-120b-mixed-001,load_epoch:aimd-nvidia-nemotron-3-super-120b-mixed-001,required,time_guard,nvidia-nemotron-3-super-120b,time_censored,load,2026-08-28T12:35:38.031921Z
mixed:aimd:in1024:out512:aimd-nvidia-nemotron-3-super-120b-mixed-003,load_epoch:aimd-nvidia-nemotron-3-super-120b-mixed-003,required,time_guard,nvidia-nemotron-3-super-120b,time_censored,load,2026-08-28T12:35:38.031921Z
mixed:aimd:in1024:out512:aimd-nvidia-nemotron-3-super-120b-mixed-006,load_epoch:aimd-nvidia-nemotron-3-super-120b-mixed-006,required,time_guard,nvidia-nemotron-3-super-120b,time_censored,load,2026-08-28T12:35:38.031921Z
mixed:aimd:in1024:out512:aimd-nvidia-nemotron-3-super-120b-mixed-007,load_epoch:aimd-nvidia-nemotron-3-super-120b-mixed-007,required,time_guard,nvidia-nemotron-3-super-120b,time_censored,load,2026-08-28T12:35:38.031921Z
mixed:aimd:in256:out128:aimd-nvidia-nemotron-3-super-120b-mixed-005,load_epoch:aimd-nvidia-nemotron-3-super-120b-mixed-005,required,time_guard,nvidia-nemotron-3-super-120b,time_censored,load,2026-08-28T12:35:38.031921Z
mixed:aimd:in256:out4096:aimd-nvidia-nemotron-3-super-120b-mixed-004,load_epoch:aimd-nvidia-nemotron-3-super-120b-mixed-004,required,time_guard,nvidia-nemotron-3-super-120b,time_censored,load,2026-08-28T12:35:38.031921Z
mixed:aimd:in256:out4096:aimd-nvidia-nemotron-3-super-120b-mixed-008,load_epoch:aimd-nvidia-nemotron-3-super-120b-mixed-008,required,time_guard,nvidia-nemotron-3-super-120b,time_censored,load,2026-08-28T12:35:38.031921Z
mixed:baseline:in1024:out512:aimd-nvidia-nemotron-3-super-120b-mixed-baseline-attempt-1,load_epoch:aimd-nvidia-nemotron-3-super-120b-mixed-baseline-attempt-1,conditional_on_prior_baseline_failure,time_guard,nvidia-nemotron-3-super-120b,time_censored,load,2026-08-28T12:35:38.031921Z
mixed:baseline:in1024:out512:aimd-nvidia-nemotron-3-super-120b-mixed-baseline-attempt-2,load_epoch:aimd-nvidia-nemotron-3-super-120b-mixed-baseline-attempt-2,conditional_on_prior_baseline_failure,time_guard,nvidia-nemotron-3-super-120b,time_censored,load,2026-08-28T12:35:38.031921Z
mixed:baseline:in256:out128:aimd-nvidia-nemotron-3-super-120b-mixed-baseline,load_epoch:aimd-nvidia-nemotron-3-super-120b-mixed-baseline,required,time_guard,nvidia-nemotron-3-super-120b,time_censored,load,2026-08-28T12:35:38.031921Z
mixed:confirmation:in1024:out512:aimd-nvidia-nemotron-3-super-120b-mixed-confirm-0,load_epoch:aimd-nvidia-nemotron-3-super-120b-mixed-confirm-0,required,time_guard,nvidia-nemotron-3-super-120b,time_censored,load,2026-08-28T12:35:38.031921Z
mixed:confirmation:in1024:out512:aimd-nvidia-nemotron-3-super-120b-mixed-confirm-2,load_epoch:aimd-nvidia-nemotron-3-super-120b-mixed-confirm-2,required,time_guard,nvidia-nemotron-3-super-120b,time_censored,load,2026-08-28T12:35:38.031921Z
mixed:confirmation:in1024:out512:aimd-nvidia-nemotron-3-super-120b-mixed-confirm-stage-1-2,load_epoch:aimd-nvidia-nemotron-3-super-120b-mixed-confirm-stage-1-2,conditional_on_prior_confirmation_failure,time_guard,nvidia-nemotron-3-super-120b,time_censored,load,2026-08-28T12:35:38.031921Z
mixed:confirmation:in256:out128:aimd-nvidia-nemotron-3-super-120b-mixed-confirm-stage-1-1,load_epoch:aimd-nvidia-nemotron-3-super-120b-mixed-confirm-stage-1-1,conditional_on_prior_confirmation_failure,time_guard,nvidia-nemotron-3-super-120b,time_censored,load,2026-08-28T12:35:38.031921Z
mixed:confirmation:in256:out4096:aimd-nvidia-nemotron-3-super-120b-mixed-confirm-1,load_epoch:aimd-nvidia-nemotron-3-super-120b-mixed-confirm-1,required,time_guard,nvidia-nemotron-3-super-120b,time_censored,load,2026-08-28T12:35:38.031921Z
mixed:confirmation:in256:out4096:aimd-nvidia-nemotron-3-super-120b-mixed-confirm-stage-1-0,load_epoch:aimd-nvidia-nemotron-3-super-120b-mixed-confirm-stage-1-0,conditional_on_prior_confirmation_failure,time_guard,nvidia-nemotron-3-super-120b,time_censored,load,2026-08-28T12:35:38.031921Z
mixed:confirmation_separator:in100000:out128:aimd-nvidia-nemotron-3-super-120b-mixed-separator-0,load_epoch:aimd-nvidia-nemotron-3-super-120b-mixed-separator-0,required,time_guard,nvidia-nemotron-3-super-120b,time_censored,load,2026-08-28T12:35:38.031921Z
mixed:confirmation_separator:in256:out128:aimd-nvidia-nemotron-3-super-120b-mixed-separator-1,load_epoch:aimd-nvidia-nemotron-3-super-120b-mixed-separator-1,required,time_guard,nvidia-nemotron-3-super-120b,time_censored,load,2026-08-28T12:35:38.031921Z
mixed:confirmation_separator:in256:out128:aimd-nvidia-nemotron-3-super-120b-mixed-separator-stage-1-0,load_epoch:aimd-nvidia-nemotron-3-super-120b-mixed-separator-stage-1-0,conditional_on_prior_confirmation_failure,time_guard,nvidia-nemotron-3-super-120b,time_censored,load,2026-08-28T12:35:38.031921Z
mixed:confirmation_separator:in256:out4096:aimd-nvidia-nemotron-3-super-120b-mixed-separator-stage-1-1,load_epoch:aimd-nvidia-nemotron-3-super-120b-mixed-separator-stage-1-1,conditional_on_prior_confirmation_failure,time_guard,nvidia-nemotron-3-super-120b,time_censored,load,2026-08-28T12:35:38.031921Z
mixed:recovery_after_observed_overload:in256:out4096:aimd-nvidia-nemotron-3-super-120b-mixed-recovery,load_epoch:aimd-nvidia-nemotron-3-super-120b-mixed-recovery,conditional_on_overload,time_guard,nvidia-nemotron-3-super-120b,time_censored,load,2026-08-28T12:35:38.031921Z
short_long:aimd:in256:out4096:aimd-nvidia-nemotron-3-super-120b-short_long-000,load_epoch:aimd-nvidia-nemotron-3-super-120b-short_long-000,required,time_guard,nvidia-nemotron-3-super-120b,time_censored,load,2026-08-28T12:35:38.031921Z
short_long:aimd:in256:out4096:aimd-nvidia-nemotron-3-super-120b-short_long-001,load_epoch:aimd-nvidia-nemotron-3-super-120b-short_long-001,required,time_guard,nvidia-nemotron-3-super-120b,time_censored,load,2026-08-28T12:35:38.031921Z
short_long:aimd:in256:out4096:aimd-nvidia-nemotron-3-super-120b-short_long-002,load_epoch:aimd-nvidia-nemotron-3-super-120b-short_long-002,required,time_guard,nvidia-nemotron-3-super-120b,time_censored,load,2026-08-28T12:35:38.031921Z
short_long:aimd:in256:out4096:aimd-nvidia-nemotron-3-super-120b-short_long-003,load_epoch:aimd-nvidia-nemotron-3-super-120b-short_long-003,required,time_guard,nvidia-nemotron-3-super-120b,time_censored,load,2026-08-28T12:35:38.031921Z
short_long:aimd:in256:out4096:aimd-nvidia-nemotron-3-super-120b-short_long-004,load_epoch:aimd-nvidia-nemotron-3-super-120b-short_long-004,required,time_guard,nvidia-nemotron-3-super-120b,time_censored,load,2026-08-28T12:35:38.031921Z
short_long:aimd:in256:out4096:aimd-nvidia-nemotron-3-super-120b-short_long-005,load_epoch:aimd-nvidia-nemotron-3-super-120b-short_long-005,required,time_guard,nvidia-nemotron-3-super-120b,time_censored,load,2026-08-28T12:35:38.031921Z
short_long:aimd:in256:out4096:aimd-nvidia-nemotron-3-super-120b-short_long-006,load_epoch:aimd-nvidia-nemotron-3-super-120b-short_long-006,required,time_guard,nvidia-nemotron-3-super-120b,time_censored,load,2026-08-28T12:35:38.031921Z
short_long:aimd:in256:out4096:aimd-nvidia-nemotron-3-super-120b-short_long-007,load_epoch:aimd-nvidia-nemotron-3-super-120b-short_long-007,required,time_guard,nvidia-nemotron-3-super-120b,time_censored,load,2026-08-28T12:35:38.031921Z
short_long:aimd:in256:out4096:aimd-nvidia-nemotron-3-super-120b-short_long-008,load_epoch:aimd-nvidia-nemotron-3-super-120b-short_long-008,required,time_guard,nvidia-nemotron-3-super-120b,time_censored,load,2026-08-28T12:35:38.031921Z
short_long:baseline:in256:out4096:aimd-nvidia-nemotron-3-super-120b-short_long-baseline,load_epoch:aimd-nvidia-nemotron-3-super-120b-short_long-baseline,required,time_guard,nvidia-nemotron-3-super-120b,time_censored,load,2026-08-28T12:35:38.031921Z
short_long:baseline:in256:out4096:aimd-nvidia-nemotron-3-super-120b-short_long-baseline-attempt-1,load_epoch:aimd-nvidia-nemotron-3-super-120b-short_long-baseline-attempt-1,conditional_on_prior_baseline_failure,time_guard,nvidia-nemotron-3-super-120b,time_censored,load,2026-08-28T12:35:38.031921Z
short_long:baseline:in256:out4096:aimd-nvidia-nemotron-3-super-120b-short_long-baseline-attempt-2,load_epoch:aimd-nvidia-nemotron-3-super-120b-short_long-baseline-attempt-2,conditional_on_prior_baseline_failure,time_guard,nvidia-nemotron-3-super-120b,time_censored,load,2026-08-28T12:35:38.031921Z
short_long:confirmation:in256:out4096:aimd-nvidia-nemotron-3-super-120b-short_long-confirm-0,load_epoch:aimd-nvidia-nemotron-3-super-120b-short_long-confirm-0,required,time_guard,nvidia-nemotron-3-super-120b,time_censored,load,2026-08-28T12:35:38.031921Z
short_long:confirmation:in256:out4096:aimd-nvidia-nemotron-3-super-120b-short_long-confirm-1,load_epoch:aimd-nvidia-nemotron-3-super-120b-short_long-confirm-1,required,time_guard,nvidia-nemotron-3-super-120b,time_censored,load,2026-08-28T12:35:38.031921Z
short_long:confirmation:in256:out4096:aimd-nvidia-nemotron-3-super-120b-short_long-confirm-2,load_epoch:aimd-nvidia-nemotron-3-super-120b-short_long-confirm-2,required,time_guard,nvidia-nemotron-3-super-120b,time_censored,load,2026-08-28T12:35:38.031921Z
short_long:confirmation:in256:out4096:aimd-nvidia-nemotron-3-super-120b-short_long-confirm-stage-1-0,load_epoch:aimd-nvidia-nemotron-3-super-120b-short_long-confirm-stage-1-0,conditional_on_prior_confirmation_failure,time_guard,nvidia-nemotron-3-super-120b,time_censored,load,2026-08-28T12:35:38.031921Z
short_long:confirmation:in256:out4096:aimd-nvidia-nemotron-3-super-120b-short_long-confirm-stage-1-1,load_epoch:aimd-nvidia-nemotron-3-super-120b-short_long-confirm-stage-1-1,conditional_on_prior_confirmation_failure,time_guard,nvidia-nemotron-3-super-120b,time_censored,load,2026-08-28T12:35:38.031921Z
short_long:confirmation:in256:out4096:aimd-nvidia-nemotron-3-super-120b-short_long-confirm-stage-1-2,load_epoch:aimd-nvidia-nemotron-3-super-120b-short_long-confirm-stage-1-2,conditional_on_prior_confirmation_failure,time_guard,nvidia-nemotron-3-super-120b,time_censored,load,2026-08-28T12:35:38.031921Z
short_long:confirmation_separator:in256:out4096:aimd-nvidia-nemotron-3-super-120b-short_long-separator-0,load_epoch:aimd-nvidia-nemotron-3-super-120b-short_long-separator-0,required,time_guard,nvidia-nemotron-3-super-120b,time_censored,load,2026-08-28T12:35:38.031921Z
short_long:confirmation_separator:in256:out4096:aimd-nvidia-nemotron-3-super-120b-short_long-separator-1,load_epoch:aimd-nvidia-nemotron-3-super-120b-short_long-separator-1,required,time_guard,nvidia-nemotron-3-super-120b,time_censored,load,2026-08-28T12:35:38.031921Z
short_long:confirmation_separator:in256:out4096:aimd-nvidia-nemotron-3-super-120b-short_long-separator-stage-1-0,load_epoch:aimd-nvidia-nemotron-3-super-120b-short_long-separator-stage-1-0,conditional_on_prior_confirmation_failure,time_guard,nvidia-nemotron-3-super-120b,time_censored,load,2026-08-28T12:35:38.031921Z
short_long:confirmation_separator:in256:out4096:aimd-nvidia-nemotron-3-super-120b-short_long-separator-stage-1-1,load_epoch:aimd-nvidia-nemotron-3-super-120b-short_long-separator-stage-1-1,conditional_on_prior_confirmation_failure,time_guard,nvidia-nemotron-3-super-120b,time_censored,load,2026-08-28T12:35:38.031921Z
short_long:recovery_after_observed_overload:in256:out4096:aimd-nvidia-nemotron-3-super-120b-short_long-recovery,load_epoch:aimd-nvidia-nemotron-3-super-120b-short_long-recovery,conditional_on_overload,time_guard,nvidia-nemotron-3-super-120b,time_censored,load,2026-08-28T12:35:38.031921Z
short_short:aimd:in256:out128:aimd-nvidia-nemotron-3-super-120b-short_short-000,load_epoch:aimd-nvidia-nemotron-3-super-120b-short_short-000,required,measured_unhealthy_at_all_baseline_rates,nvidia-nemotron-3-super-120b,not_applicable,load,2026-08-28T10:12:16.667474Z
short_short:aimd:in256:out128:aimd-nvidia-nemotron-3-super-120b-short_short-001,load_epoch:aimd-nvidia-nemotron-3-super-120b-short_short-001,required,measured_unhealthy_at_all_baseline_rates,nvidia-nemotron-3-super-120b,not_applicable,load,2026-08-28T10:12:16.669173Z
short_short:aimd:in256:out128:aimd-nvidia-nemotron-3-super-120b-short_short-002,load_epoch:aimd-nvidia-nemotron-3-super-120b-short_short-002,required,measured_unhealthy_at_all_baseline_rates,nvidia-nemotron-3-super-120b,not_applicable,load,2026-08-28T10:12:16.671069Z
short_short:aimd:in256:out128:aimd-nvidia-nemotron-3-super-120b-short_short-003,load_epoch:aimd-nvidia-nemotron-3-super-120b-short_short-003,required,measured_unhealthy_at_all_baseline_rates,nvidia-nemotron-3-super-120b,not_applicable,load,2026-08-28T10:12:16.672970Z
short_short:aimd:in256:out128:aimd-nvidia-nemotron-3-super-120b-short_short-004,load_epoch:aimd-nvidia-nemotron-3-super-120b-short_short-004,required,measured_unhealthy_at_all_baseline_rates,nvidia-nemotron-3-super-120b,not_applicable,load,2026-08-28T10:12:16.674885Z
short_short:aimd:in256:out128:aimd-nvidia-nemotron-3-super-120b-short_short-005,load_epoch:aimd-nvidia-nemotron-3-super-120b-short_short-005,required,measured_unhealthy_at_all_baseline_rates,nvidia-nemotron-3-super-120b,not_applicable,load,2026-08-28T10:12:16.676680Z
short_short:aimd:in256:out128:aimd-nvidia-nemotron-3-super-120b-short_short-006,load_epoch:aimd-nvidia-nemotron-3-super-120b-short_short-006,required,measured_unhealthy_at_all_baseline_rates,nvidia-nemotron-3-super-120b,not_applicable,load,2026-08-28T10:12:16.678639Z
short_short:aimd:in256:out128:aimd-nvidia-nemotron-3-super-120b-short_short-007,load_epoch:aimd-nvidia-nemotron-3-super-120b-short_short-007,required,measured_unhealthy_at_all_baseline_rates,nvidia-nemotron-3-super-120b,not_applicable,load,2026-08-28T10:12:16.680474Z
short_short:aimd:in256:out128:aimd-nvidia-nemotron-3-super-120b-short_short-008,load_epoch:aimd-nvidia-nemotron-3-super-120b-short_short-008,required,measured_unhealthy_at_all_baseline_rates,nvidia-nemotron-3-super-120b,not_applicable,load,2026-08-28T10:12:16.682531Z
short_short:baseline:in256:out128:aimd-nvidia-nemotron-3-super-120b-short_short-baseline,load_epoch:aimd-nvidia-nemotron-3-super-120b-short_short-baseline,required,,nvidia-nemotron-3-super-120b,completed,load,2026-08-28T10:10:16.452029Z
short_short:baseline:in256:out128:aimd-nvidia-nemotron-3-super-120b-short_short-baseline-attempt-1,load_epoch:aimd-nvidia-nemotron-3-super-120b-short_short-baseline-attempt-1,conditional_on_prior_baseline_failure,,nvidia-nemotron-3-super-120b,completed,load,2026-08-28T10:10:56.651152Z
short_short:baseline:in256:out128:aimd-nvidia-nemotron-3-super-120b-short_short-baseline-attempt-2,load_epoch:aimd-nvidia-nemotron-3-super-120b-short_short-baseline-attempt-2,conditional_on_prior_baseline_failure,,nvidia-nemotron-3-super-120b,completed,load,2026-08-28T10:12:16.661808Z
short_short:confirmation:in256:out128:aimd-nvidia-nemotron-3-super-120b-short_short-confirm-0,load_epoch:aimd-nvidia-nemotron-3-super-120b-short_short-confirm-0,required,measured_unhealthy_at_all_baseline_rates,nvidia-nemotron-3-super-120b,not_applicable,load,2026-08-28T10:12:16.684602Z
short_short:confirmation:in256:out128:aimd-nvidia-nemotron-3-super-120b-short_short-confirm-1,load_epoch:aimd-nvidia-nemotron-3-super-120b-short_short-confirm-1,required,measured_unhealthy_at_all_baseline_rates,nvidia-nemotron-3-super-120b,not_applicable,load,2026-08-28T10:12:16.686301Z
short_short:confirmation:in256:out128:aimd-nvidia-nemotron-3-super-120b-short_short-confirm-2,load_epoch:aimd-nvidia-nemotron-3-super-120b-short_short-confirm-2,required,measured_unhealthy_at_all_baseline_rates,nvidia-nemotron-3-super-120b,not_applicable,load,2026-08-28T10:12:16.687812Z
short_short:confirmation:in256:out128:aimd-nvidia-nemotron-3-super-120b-short_short-confirm-stage-1-0,load_epoch:aimd-nvidia-nemotron-3-super-120b-short_short-confirm-stage-1-0,conditional_on_prior_confirmation_failure,measured_unhealthy_at_all_baseline_rates,nvidia-nemotron-3-super-120b,not_applicable,load,2026-08-28T10:12:16.689358Z
short_short:confirmation:in256:out128:aimd-nvidia-nemotron-3-super-120b-short_short-confirm-stage-1-1,load_epoch:aimd-nvidia-nemotron-3-super-120b-short_short-confirm-stage-1-1,conditional_on_prior_confirmation_failure,measured_unhealthy_at_all_baseline_rates,nvidia-nemotron-3-super-120b,not_applicable,load,2026-08-28T10:12:16.690818Z
short_short:confirmation:in256:out128:aimd-nvidia-nemotron-3-super-120b-short_short-confirm-stage-1-2,load_epoch:aimd-nvidia-nemotron-3-super-120b-short_short-confirm-stage-1-2,conditional_on_prior_confirmation_failure,measured_unhealthy_at_all_baseline_rates,nvidia-nemotron-3-super-120b,not_applicable,load,2026-08-28T10:12:16.692576Z
short_short:confirmation_separator:in256:out128:aimd-nvidia-nemotron-3-super-120b-short_short-separator-0,load_epoch:aimd-nvidia-nemotron-3-super-120b-short_short-separator-0,required,measured_unhealthy_at_all_baseline_rates,nvidia-nemotron-3-super-120b,not_applicable,load,2026-08-28T10:12:16.694285Z
short_short:confirmation_separator:in256:out128:aimd-nvidia-nemotron-3-super-120b-short_short-separator-1,load_epoch:aimd-nvidia-nemotron-3-super-120b-short_short-separator-1,required,measured_unhealthy_at_all_baseline_rates,nvidia-nemotron-3-super-120b,not_applicable,load,2026-08-28T10:12:16.696320Z
short_short:confirmation_separator:in256:out128:aimd-nvidia-nemotron-3-super-120b-short_short-separator-stage-1-0,load_epoch:aimd-nvidia-nemotron-3-super-120b-short_short-separator-stage-1-0,conditional_on_prior_confirmation_failure,measured_unhealthy_at_all_baseline_rates,nvidia-nemotron-3-super-120b,not_applicable,load,2026-08-28T10:12:16.698385Z
short_short:confirmation_separator:in256:out128:aimd-nvidia-nemotron-3-super-120b-short_short-separator-stage-1-1,load_epoch:aimd-nvidia-nemotron-3-super-120b-short_short-separator-stage-1-1,conditional_on_prior_confirmation_failure,measured_unhealthy_at_all_baseline_rates,nvidia-nemotron-3-super-120b,not_applicable,load,2026-08-28T10:12:16.700357Z
short_short:recovery_after_observed_overload:in256:out128:aimd-nvidia-nemotron-3-super-120b-short_short-recovery,load_epoch:aimd-nvidia-nemotron-3-super-120b-short_short-recovery,conditional_on_overload,measured_unhealthy_at_all_baseline_rates,nvidia-nemotron-3-super-120b,not_applicable,load,2026-08-28T10:12:16.701986Z
long_short:aimd:in100000:out128:aimd-openai-gpt-oss-120b-long_short-000,load_epoch:aimd-openai-gpt-oss-120b-long_short-000,required,measured_unhealthy_at_all_baseline_rates,openai-gpt-oss-120b,not_applicable,load,2026-08-28T09:01:08.954712Z
long_short:aimd:in100000:out128:aimd-openai-gpt-oss-120b-long_short-001,load_epoch:aimd-openai-gpt-oss-120b-long_short-001,required,measured_unhealthy_at_all_baseline_rates,openai-gpt-oss-120b,not_applicable,load,2026-08-28T09:01:08.956977Z
long_short:aimd:in100000:out128:aimd-openai-gpt-oss-120b-long_short-002,load_epoch:aimd-openai-gpt-oss-120b-long_short-002,required,measured_unhealthy_at_all_baseline_rates,openai-gpt-oss-120b,not_applicable,load,2026-08-28T09:01:08.958861Z
long_short:aimd:in100000:out128:aimd-openai-gpt-oss-120b-long_short-003,load_epoch:aimd-openai-gpt-oss-120b-long_short-003,required,measured_unhealthy_at_all_baseline_rates,openai-gpt-oss-120b,not_applicable,load,2026-08-28T09:01:08.960947Z
long_short:aimd:in100000:out128:aimd-openai-gpt-oss-120b-long_short-004,load_epoch:aimd-openai-gpt-oss-120b-long_short-004,required,measured_unhealthy_at_all_baseline_rates,openai-gpt-oss-120b,not_applicable,load,2026-08-28T09:01:08.963049Z
long_short:aimd:in100000:out128:aimd-openai-gpt-oss-120b-long_short-005,load_epoch:aimd-openai-gpt-oss-120b-long_short-005,required,measured_unhealthy_at_all_baseline_rates,openai-gpt-oss-120b,not_applicable,load,2026-08-28T09:01:08.965050Z
long_short:aimd:in100000:out128:aimd-openai-gpt-oss-120b-long_short-006,load_epoch:aimd-openai-gpt-oss-120b-long_short-006,required,measured_unhealthy_at_all_baseline_rates,openai-gpt-oss-120b,not_applicable,load,2026-08-28T09:01:08.967029Z
long_short:aimd:in100000:out128:aimd-openai-gpt-oss-120b-long_short-007,load_epoch:aimd-openai-gpt-oss-120b-long_short-007,required,measured_unhealthy_at_all_baseline_rates,openai-gpt-oss-120b,not_applicable,load,2026-08-28T09:01:08.969402Z
long_short:aimd:in100000:out128:aimd-openai-gpt-oss-120b-long_short-008,load_epoch:aimd-openai-gpt-oss-120b-long_short-008,required,measured_unhealthy_at_all_baseline_rates,openai-gpt-oss-120b,not_applicable,load,2026-08-28T09:01:08.971452Z
long_short:baseline:in100000:out128:aimd-openai-gpt-oss-120b-long_short-baseline,load_epoch:aimd-openai-gpt-oss-120b-long_short-baseline,required,,openai-gpt-oss-120b,completed,load,2026-08-28T08:58:41.492704Z
long_short:baseline:in100000:out128:aimd-openai-gpt-oss-120b-long_short-baseline-attempt-1,load_epoch:aimd-openai-gpt-oss-120b-long_short-baseline-attempt-1,conditional_on_prior_baseline_failure,,openai-gpt-oss-120b,completed,load,2026-08-28T08:59:38.585964Z
long_short:baseline:in100000:out128:aimd-openai-gpt-oss-120b-long_short-baseline-attempt-2,load_epoch:aimd-openai-gpt-oss-120b-long_short-baseline-attempt-2,conditional_on_prior_baseline_failure,,openai-gpt-oss-120b,completed,load,2026-08-28T09:01:08.947614Z
long_short:confirmation:in100000:out128:aimd-openai-gpt-oss-120b-long_short-confirm-0,load_epoch:aimd-openai-gpt-oss-120b-long_short-confirm-0,required,measured_unhealthy_at_all_baseline_rates,openai-gpt-oss-120b,not_applicable,load,2026-08-28T09:01:08.973645Z
long_short:confirmation:in100000:out128:aimd-openai-gpt-oss-120b-long_short-confirm-1,load_epoch:aimd-openai-gpt-oss-120b-long_short-confirm-1,required,measured_unhealthy_at_all_baseline_rates,openai-gpt-oss-120b,not_applicable,load,2026-08-28T09:01:08.975894Z
long_short:confirmation:in100000:out128:aimd-openai-gpt-oss-120b-long_short-confirm-2,load_epoch:aimd-openai-gpt-oss-120b-long_short-confirm-2,required,measured_unhealthy_at_all_baseline_rates,openai-gpt-oss-120b,not_applicable,load,2026-08-28T09:01:08.978333Z
long_short:confirmation:in100000:out128:aimd-openai-gpt-oss-120b-long_short-confirm-stage-1-0,load_epoch:aimd-openai-gpt-oss-120b-long_short-confirm-stage-1-0,conditional_on_prior_confirmation_failure,measured_unhealthy_at_all_baseline_rates,openai-gpt-oss-120b,not_applicable,load,2026-08-28T09:01:08.980830Z
long_short:confirmation:in100000:out128:aimd-openai-gpt-oss-120b-long_short-confirm-stage-1-1,load_epoch:aimd-openai-gpt-oss-120b-long_short-confirm-stage-1-1,conditional_on_prior_confirmation_failure,measured_unhealthy_at_all_baseline_rates,openai-gpt-oss-120b,not_applicable,load,2026-08-28T09:01:08.983350Z
long_short:confirmation:in100000:out128:aimd-openai-gpt-oss-120b-long_short-confirm-stage-1-2,load_epoch:aimd-openai-gpt-oss-120b-long_short-confirm-stage-1-2,conditional_on_prior_confirmation_failure,measured_unhealthy_at_all_baseline_rates,openai-gpt-oss-120b,not_applicable,load,2026-08-28T09:01:08.986026Z
long_short:confirmation_separator:in100000:out128:aimd-openai-gpt-oss-120b-long_short-separator-0,load_epoch:aimd-openai-gpt-oss-120b-long_short-separator-0,required,measured_unhealthy_at_all_baseline_rates,openai-gpt-oss-120b,not_applicable,load,2026-08-28T09:01:08.988661Z
long_short:confirmation_separator:in100000:out128:aimd-openai-gpt-oss-120b-long_short-separator-1,load_epoch:aimd-openai-gpt-oss-120b-long_short-separator-1,required,measured_unhealthy_at_all_baseline_rates,openai-gpt-oss-120b,not_applicable,load,2026-08-28T09:01:08.990682Z
long_short:confirmation_separator:in100000:out128:aimd-openai-gpt-oss-120b-long_short-separator-stage-1-0,load_epoch:aimd-openai-gpt-oss-120b-long_short-separator-stage-1-0,conditional_on_prior_confirmation_failure,measured_unhealthy_at_all_baseline_rates,openai-gpt-oss-120b,not_applicable,load,2026-08-28T09:01:08.992681Z
long_short:confirmation_separator:in100000:out128:aimd-openai-gpt-oss-120b-long_short-separator-stage-1-1,load_epoch:aimd-openai-gpt-oss-120b-long_short-separator-stage-1-1,conditional_on_prior_confirmation_failure,measured_unhealthy_at_all_baseline_rates,openai-gpt-oss-120b,not_applicable,load,2026-08-28T09:01:08.994753Z
long_short:recovery_after_observed_overload:in100000:out128:aimd-openai-gpt-oss-120b-long_short-recovery,load_epoch:aimd-openai-gpt-oss-120b-long_short-recovery,conditional_on_overload,measured_unhealthy_at_all_baseline_rates,openai-gpt-oss-120b,not_applicable,load,2026-08-28T09:01:08.996792Z
mixed:aimd:in100000:out128:aimd-openai-gpt-oss-120b-mixed-002,load_epoch:aimd-openai-gpt-oss-120b-mixed-002,required,time_guard,openai-gpt-oss-120b,time_censored,load,2026-08-28T12:35:38.031921Z
mixed:aimd:in100000:out128:aimd-openai-gpt-oss-120b-mixed-004,load_epoch:aimd-openai-gpt-oss-120b-mixed-004,required,time_guard,openai-gpt-oss-120b,time_censored,load,2026-08-28T12:35:38.031921Z
mixed:aimd:in100000:out128:aimd-openai-gpt-oss-120b-mixed-008,load_epoch:aimd-openai-gpt-oss-120b-mixed-008,required,time_guard,openai-gpt-oss-120b,time_censored,load,2026-08-28T12:35:38.031921Z
mixed:aimd:in1024:out512:aimd-openai-gpt-oss-120b-mixed-001,load_epoch:aimd-openai-gpt-oss-120b-mixed-001,required,time_guard,openai-gpt-oss-120b,time_censored,load,2026-08-28T12:35:38.031921Z
mixed:aimd:in256:out128:aimd-openai-gpt-oss-120b-mixed-000,load_epoch:aimd-openai-gpt-oss-120b-mixed-000,required,time_guard,openai-gpt-oss-120b,time_censored,load,2026-08-28T12:35:38.031921Z
mixed:aimd:in256:out128:aimd-openai-gpt-oss-120b-mixed-006,load_epoch:aimd-openai-gpt-oss-120b-mixed-006,required,time_guard,openai-gpt-oss-120b,time_censored,load,2026-08-28T12:35:38.031921Z
mixed:aimd:in256:out4096:aimd-openai-gpt-oss-120b-mixed-003,load_epoch:aimd-openai-gpt-oss-120b-mixed-003,required,time_guard,openai-gpt-oss-120b,time_censored,load,2026-08-28T12:35:38.031921Z
mixed:aimd:in256:out4096:aimd-openai-gpt-oss-120b-mixed-005,load_epoch:aimd-openai-gpt-oss-120b-mixed-005,required,time_guard,openai-gpt-oss-120b,time_censored,load,2026-08-28T12:35:38.031921Z
mixed:aimd:in256:out4096:aimd-openai-gpt-oss-120b-mixed-007,load_epoch:aimd-openai-gpt-oss-120b-mixed-007,required,time_guard,openai-gpt-oss-120b,time_censored,load,2026-08-28T12:35:38.031921Z
mixed:baseline:in100000:out128:aimd-openai-gpt-oss-120b-mixed-baseline-attempt-2,load_epoch:aimd-openai-gpt-oss-120b-mixed-baseline-attempt-2,conditional_on_prior_baseline_failure,time_guard,openai-gpt-oss-120b,time_censored,load,2026-08-28T12:35:38.031921Z
mixed:baseline:in256:out128:aimd-openai-gpt-oss-120b-mixed-baseline-attempt-1,load_epoch:aimd-openai-gpt-oss-120b-mixed-baseline-attempt-1,conditional_on_prior_baseline_failure,time_guard,openai-gpt-oss-120b,time_censored,load,2026-08-28T12:35:38.031921Z
mixed:baseline:in256:out4096:aimd-openai-gpt-oss-120b-mixed-baseline,load_epoch:aimd-openai-gpt-oss-120b-mixed-baseline,required,time_guard,openai-gpt-oss-120b,time_censored,load,2026-08-28T12:35:38.031921Z
mixed:confirmation:in100000:out128:aimd-openai-gpt-oss-120b-mixed-confirm-0,load_epoch:aimd-openai-gpt-oss-120b-mixed-confirm-0,required,time_guard,openai-gpt-oss-120b,time_censored,load,2026-08-28T12:35:38.031921Z
mixed:confirmation:in100000:out128:aimd-openai-gpt-oss-120b-mixed-confirm-stage-1-1,load_epoch:aimd-openai-gpt-oss-120b-mixed-confirm-stage-1-1,conditional_on_prior_confirmation_failure,time_guard,openai-gpt-oss-120b,time_censored,load,2026-08-28T12:35:38.031921Z
mixed:confirmation:in1024:out512:aimd-openai-gpt-oss-120b-mixed-confirm-stage-1-0,load_epoch:aimd-openai-gpt-oss-120b-mixed-confirm-stage-1-0,conditional_on_prior_confirmation_failure,time_guard,openai-gpt-oss-120b,time_censored,load,2026-08-28T12:35:38.031921Z
mixed:confirmation:in256:out128:aimd-openai-gpt-oss-120b-mixed-confirm-1,load_epoch:aimd-openai-gpt-oss-120b-mixed-confirm-1,required,time_guard,openai-gpt-oss-120b,time_censored,load,2026-08-28T12:35:38.031921Z
mixed:confirmation:in256:out128:aimd-openai-gpt-oss-120b-mixed-confirm-2,load_epoch:aimd-openai-gpt-oss-120b-mixed-confirm-2,required,time_guard,openai-gpt-oss-120b,time_censored,load,2026-08-28T12:35:38.031921Z
mixed:confirmation:in256:out128:aimd-openai-gpt-oss-120b-mixed-confirm-stage-1-2,load_epoch:aimd-openai-gpt-oss-120b-mixed-confirm-stage-1-2,conditional_on_prior_confirmation_failure,time_guard,openai-gpt-oss-120b,time_censored,load,2026-08-28T12:35:38.031921Z
mixed:confirmation_separator:in1024:out512:aimd-openai-gpt-oss-120b-mixed-separator-0,load_epoch:aimd-openai-gpt-oss-120b-mixed-separator-0,required,time_guard,openai-gpt-oss-120b,time_censored,load,2026-08-28T12:35:38.031921Z
mixed:confirmation_separator:in256:out4096:aimd-openai-gpt-oss-120b-mixed-separator-1,load_epoch:aimd-openai-gpt-oss-120b-mixed-separator-1,required,time_guard,openai-gpt-oss-120b,time_censored,load,2026-08-28T12:35:38.031921Z
mixed:confirmation_separator:in256:out4096:aimd-openai-gpt-oss-120b-mixed-separator-stage-1-0,load_epoch:aimd-openai-gpt-oss-120b-mixed-separator-stage-1-0,conditional_on_prior_confirmation_failure,time_guard,openai-gpt-oss-120b,time_censored,load,2026-08-28T12:35:38.031921Z
mixed:confirmation_separator:in256:out4096:aimd-openai-gpt-oss-120b-mixed-separator-stage-1-1,load_epoch:aimd-openai-gpt-oss-120b-mixed-separator-stage-1-1,conditional_on_prior_confirmation_failure,time_guard,openai-gpt-oss-120b,time_censored,load,2026-08-28T12:35:38.031921Z
mixed:recovery_after_observed_overload:in1024:out512:aimd-openai-gpt-oss-120b-mixed-recovery,load_epoch:aimd-openai-gpt-oss-120b-mixed-recovery,conditional_on_overload,time_guard,openai-gpt-oss-120b,time_censored,load,2026-08-28T12:35:38.031921Z
short_long:aimd:in256:out4096:aimd-openai-gpt-oss-120b-short_long-000,load_epoch:aimd-openai-gpt-oss-120b-short_long-000,required,,openai-gpt-oss-120b,completed,load,2026-08-28T12:19:37.177406Z
short_long:aimd:in256:out4096:aimd-openai-gpt-oss-120b-short_long-001,load_epoch:aimd-openai-gpt-oss-120b-short_long-001,required,,openai-gpt-oss-120b,completed,load,2026-08-28T12:21:31.644884Z
short_long:aimd:in256:out4096:aimd-openai-gpt-oss-120b-short_long-002,load_epoch:aimd-openai-gpt-oss-120b-short_long-002,required,,openai-gpt-oss-120b,completed,load,2026-08-28T12:23:31.501492Z
short_long:aimd:in256:out4096:aimd-openai-gpt-oss-120b-short_long-003,load_epoch:aimd-openai-gpt-oss-120b-short_long-003,required,,openai-gpt-oss-120b,completed,load,2026-08-28T12:25:17.610662Z
short_long:aimd:in256:out4096:aimd-openai-gpt-oss-120b-short_long-004,load_epoch:aimd-openai-gpt-oss-120b-short_long-004,required,,openai-gpt-oss-120b,completed,load,2026-08-28T12:26:48.324457Z
short_long:aimd:in256:out4096:aimd-openai-gpt-oss-120b-short_long-005,load_epoch:aimd-openai-gpt-oss-120b-short_long-005,required,,openai-gpt-oss-120b,completed,load,2026-08-28T12:28:34.748808Z
short_long:aimd:in256:out4096:aimd-openai-gpt-oss-120b-short_long-006,load_epoch:aimd-openai-gpt-oss-120b-short_long-006,required,,openai-gpt-oss-120b,completed,load,2026-08-28T12:30:19.803304Z
short_long:aimd:in256:out4096:aimd-openai-gpt-oss-120b-short_long-007,load_epoch:aimd-openai-gpt-oss-120b-short_long-007,required,,openai-gpt-oss-120b,completed,load,2026-08-28T12:32:02.157132Z
short_long:aimd:in256:out4096:aimd-openai-gpt-oss-120b-short_long-008,load_epoch:aimd-openai-gpt-oss-120b-short_long-008,required,,openai-gpt-oss-120b,completed,load,2026-08-28T12:33:31.619918Z
short_long:baseline:in256:out4096:aimd-openai-gpt-oss-120b-short_long-baseline,load_epoch:aimd-openai-gpt-oss-120b-short_long-baseline,required,,openai-gpt-oss-120b,completed,load,2026-08-28T12:17:39.475978Z
short_long:baseline:in256:out4096:aimd-openai-gpt-oss-120b-short_long-baseline-attempt-1,load_epoch:aimd-openai-gpt-oss-120b-short_long-baseline-attempt-1,conditional_on_prior_baseline_failure,healthy_baseline_already_established,openai-gpt-oss-120b,not_applicable,load,2026-08-28T12:17:39.478373Z
short_long:baseline:in256:out4096:aimd-openai-gpt-oss-120b-short_long-baseline-attempt-2,load_epoch:aimd-openai-gpt-oss-120b-short_long-baseline-attempt-2,conditional_on_prior_baseline_failure,healthy_baseline_already_established,openai-gpt-oss-120b,not_applicable,load,2026-08-28T12:17:39.480068Z
short_long:confirmation:in256:out4096:aimd-openai-gpt-oss-120b-short_long-confirm-0,load_epoch:aimd-openai-gpt-oss-120b-short_long-confirm-0,required,,openai-gpt-oss-120b,completed,load,2026-08-28T12:35:37.504451Z
short_long:confirmation:in256:out4096:aimd-openai-gpt-oss-120b-short_long-confirm-1,load_epoch:aimd-openai-gpt-oss-120b-short_long-confirm-1,required,time_guard,openai-gpt-oss-120b,time_censored,load,2026-08-28T12:35:38.031921Z
short_long:confirmation:in256:out4096:aimd-openai-gpt-oss-120b-short_long-confirm-2,load_epoch:aimd-openai-gpt-oss-120b-short_long-confirm-2,required,time_guard,openai-gpt-oss-120b,time_censored,load,2026-08-28T12:35:38.031921Z
short_long:confirmation:in256:out4096:aimd-openai-gpt-oss-120b-short_long-confirm-stage-1-0,load_epoch:aimd-openai-gpt-oss-120b-short_long-confirm-stage-1-0,conditional_on_prior_confirmation_failure,lower_rate_confirmation_not_needed,openai-gpt-oss-120b,not_applicable,load,2026-08-28T12:35:38.016199Z
short_long:confirmation:in256:out4096:aimd-openai-gpt-oss-120b-short_long-confirm-stage-1-1,load_epoch:aimd-openai-gpt-oss-120b-short_long-confirm-stage-1-1,conditional_on_prior_confirmation_failure,lower_rate_confirmation_not_needed,openai-gpt-oss-120b,not_applicable,load,2026-08-28T12:35:38.019718Z
short_long:confirmation:in256:out4096:aimd-openai-gpt-oss-120b-short_long-confirm-stage-1-2,load_epoch:aimd-openai-gpt-oss-120b-short_long-confirm-stage-1-2,conditional_on_prior_confirmation_failure,lower_rate_confirmation_not_needed,openai-gpt-oss-120b,not_applicable,load,2026-08-28T12:35:38.023375Z
short_long:confirmation_separator:in256:out4096:aimd-openai-gpt-oss-120b-short_long-separator-0,load_epoch:aimd-openai-gpt-oss-120b-short_long-separator-0,required,time_guard,openai-gpt-oss-120b,time_censored,load,2026-08-28T12:35:38.013559Z
short_long:confirmation_separator:in256:out4096:aimd-openai-gpt-oss-120b-short_long-separator-1,load_epoch:aimd-openai-gpt-oss-120b-short_long-separator-1,required,time_guard,openai-gpt-oss-120b,time_censored,load,2026-08-28T12:35:38.031921Z
short_long:confirmation_separator:in256:out4096:aimd-openai-gpt-oss-120b-short_long-separator-stage-1-0,load_epoch:aimd-openai-gpt-oss-120b-short_long-separator-stage-1-0,conditional_on_prior_confirmation_failure,lower_rate_confirmation_not_needed,openai-gpt-oss-120b,not_applicable,load,2026-08-28T12:35:38.017997Z
short_long:confirmation_separator:in256:out4096:aimd-openai-gpt-oss-120b-short_long-separator-stage-1-1,load_epoch:aimd-openai-gpt-oss-120b-short_long-separator-stage-1-1,conditional_on_prior_confirmation_failure,lower_rate_confirmation_not_needed,openai-gpt-oss-120b,not_applicable,load,2026-08-28T12:35:38.021344Z
short_long:recovery_after_observed_overload:in256:out4096:aimd-openai-gpt-oss-120b-short_long-recovery,load_epoch:aimd-openai-gpt-oss-120b-short_long-recovery,conditional_on_overload,no_two_epoch_overload_observed,openai-gpt-oss-120b,not_applicable,load,2026-08-28T12:35:38.025200Z
short_short:aimd:in256:out128:aimd-openai-gpt-oss-120b-short_short-000,load_epoch:aimd-openai-gpt-oss-120b-short_short-000,required,time_guard,openai-gpt-oss-120b,time_censored,load,2026-08-28T12:35:38.031921Z
short_short:aimd:in256:out128:aimd-openai-gpt-oss-120b-short_short-001,load_epoch:aimd-openai-gpt-oss-120b-short_short-001,required,time_guard,openai-gpt-oss-120b,time_censored,load,2026-08-28T12:35:38.031921Z
short_short:aimd:in256:out128:aimd-openai-gpt-oss-120b-short_short-002,load_epoch:aimd-openai-gpt-oss-120b-short_short-002,required,time_guard,openai-gpt-oss-120b,time_censored,load,2026-08-28T12:35:38.031921Z
short_short:aimd:in256:out128:aimd-openai-gpt-oss-120b-short_short-003,load_epoch:aimd-openai-gpt-oss-120b-short_short-003,required,time_guard,openai-gpt-oss-120b,time_censored,load,2026-08-28T12:35:38.031921Z
short_short:aimd:in256:out128:aimd-openai-gpt-oss-120b-short_short-004,load_epoch:aimd-openai-gpt-oss-120b-short_short-004,required,time_guard,openai-gpt-oss-120b,time_censored,load,2026-08-28T12:35:38.031921Z
short_short:aimd:in256:out128:aimd-openai-gpt-oss-120b-short_short-005,load_epoch:aimd-openai-gpt-oss-120b-short_short-005,required,time_guard,openai-gpt-oss-120b,time_censored,load,2026-08-28T12:35:38.031921Z
short_short:aimd:in256:out128:aimd-openai-gpt-oss-120b-short_short-006,load_epoch:aimd-openai-gpt-oss-120b-short_short-006,required,time_guard,openai-gpt-oss-120b,time_censored,load,2026-08-28T12:35:38.031921Z
short_short:aimd:in256:out128:aimd-openai-gpt-oss-120b-short_short-007,load_epoch:aimd-openai-gpt-oss-120b-short_short-007,required,time_guard,openai-gpt-oss-120b,time_censored,load,2026-08-28T12:35:38.031921Z
short_short:aimd:in256:out128:aimd-openai-gpt-oss-120b-short_short-008,load_epoch:aimd-openai-gpt-oss-120b-short_short-008,required,time_guard,openai-gpt-oss-120b,time_censored,load,2026-08-28T12:35:38.031921Z
short_short:baseline:in256:out128:aimd-openai-gpt-oss-120b-short_short-baseline,load_epoch:aimd-openai-gpt-oss-120b-short_short-baseline,required,time_guard,openai-gpt-oss-120b,time_censored,load,2026-08-28T12:35:38.031921Z
short_short:baseline:in256:out128:aimd-openai-gpt-oss-120b-short_short-baseline-attempt-1,load_epoch:aimd-openai-gpt-oss-120b-short_short-baseline-attempt-1,conditional_on_prior_baseline_failure,time_guard,openai-gpt-oss-120b,time_censored,load,2026-08-28T12:35:38.031921Z
short_short:baseline:in256:out128:aimd-openai-gpt-oss-120b-short_short-baseline-attempt-2,load_epoch:aimd-openai-gpt-oss-120b-short_short-baseline-attempt-2,conditional_on_prior_baseline_failure,time_guard,openai-gpt-oss-120b,time_censored,load,2026-08-28T12:35:38.031921Z
short_short:confirmation:in256:out128:aimd-openai-gpt-oss-120b-short_short-confirm-0,load_epoch:aimd-openai-gpt-oss-120b-short_short-confirm-0,required,time_guard,openai-gpt-oss-120b,time_censored,load,2026-08-28T12:35:38.031921Z
short_short:confirmation:in256:out128:aimd-openai-gpt-oss-120b-short_short-confirm-1,load_epoch:aimd-openai-gpt-oss-120b-short_short-confirm-1,required,time_guard,openai-gpt-oss-120b,time_censored,load,2026-08-28T12:35:38.031921Z
short_short:confirmation:in256:out128:aimd-openai-gpt-oss-120b-short_short-confirm-2,load_epoch:aimd-openai-gpt-oss-120b-short_short-confirm-2,required,time_guard,openai-gpt-oss-120b,time_censored,load,2026-08-28T12:35:38.031921Z
short_short:confirmation:in256:out128:aimd-openai-gpt-oss-120b-short_short-confirm-stage-1-0,load_epoch:aimd-openai-gpt-oss-120b-short_short-confirm-stage-1-0,conditional_on_prior_confirmation_failure,time_guard,openai-gpt-oss-120b,time_censored,load,2026-08-28T12:35:38.031921Z
short_short:confirmation:in256:out128:aimd-openai-gpt-oss-120b-short_short-confirm-stage-1-1,load_epoch:aimd-openai-gpt-oss-120b-short_short-confirm-stage-1-1,conditional_on_prior_confirmation_failure,time_guard,openai-gpt-oss-120b,time_censored,load,2026-08-28T12:35:38.031921Z
short_short:confirmation:in256:out128:aimd-openai-gpt-oss-120b-short_short-confirm-stage-1-2,load_epoch:aimd-openai-gpt-oss-120b-short_short-confirm-stage-1-2,conditional_on_prior_confirmation_failure,time_guard,openai-gpt-oss-120b,time_censored,load,2026-08-28T12:35:38.031921Z
short_short:confirmation_separator:in256:out128:aimd-openai-gpt-oss-120b-short_short-separator-0,load_epoch:aimd-openai-gpt-oss-120b-short_short-separator-0,required,time_guard,openai-gpt-oss-120b,time_censored,load,2026-08-28T12:35:38.031921Z
short_short:confirmation_separator:in256:out128:aimd-openai-gpt-oss-120b-short_short-separator-1,load_epoch:aimd-openai-gpt-oss-120b-short_short-separator-1,required,time_guard,openai-gpt-oss-120b,time_censored,load,2026-08-28T12:35:38.031921Z
short_short:confirmation_separator:in256:out128:aimd-openai-gpt-oss-120b-short_short-separator-stage-1-0,load_epoch:aimd-openai-gpt-oss-120b-short_short-separator-stage-1-0,conditional_on_prior_confirmation_failure,time_guard,openai-gpt-oss-120b,time_censored,load,2026-08-28T12:35:38.031921Z
short_short:confirmation_separator:in256:out128:aimd-openai-gpt-oss-120b-short_short-separator-stage-1-1,load_epoch:aimd-openai-gpt-oss-120b-short_short-separator-stage-1-1,conditional_on_prior_confirmation_failure,time_guard,openai-gpt-oss-120b,time_censored,load,2026-08-28T12:35:38.031921Z
short_short:recovery_after_observed_overload:in256:out128:aimd-openai-gpt-oss-120b-short_short-recovery,load_epoch:aimd-openai-gpt-oss-120b-short_short-recovery,conditional_on_overload,time_guard,openai-gpt-oss-120b,time_censored,load,2026-08-28T12:35:38.031921Z
long_short:aimd:in100000:out128:aimd-qwen3.5-397b-a17b-long_short-000,load_epoch:aimd-qwen3.5-397b-a17b-long_short-000,required,measured_unhealthy_at_all_baseline_rates,qwen3.5-397b-a17b,not_applicable,load,2026-08-28T10:18:01.517167Z
long_short:aimd:in100000:out128:aimd-qwen3.5-397b-a17b-long_short-001,load_epoch:aimd-qwen3.5-397b-a17b-long_short-001,required,measured_unhealthy_at_all_baseline_rates,qwen3.5-397b-a17b,not_applicable,load,2026-08-28T10:18:01.519203Z
long_short:aimd:in100000:out128:aimd-qwen3.5-397b-a17b-long_short-002,load_epoch:aimd-qwen3.5-397b-a17b-long_short-002,required,measured_unhealthy_at_all_baseline_rates,qwen3.5-397b-a17b,not_applicable,load,2026-08-28T10:18:01.521064Z
long_short:aimd:in100000:out128:aimd-qwen3.5-397b-a17b-long_short-003,load_epoch:aimd-qwen3.5-397b-a17b-long_short-003,required,measured_unhealthy_at_all_baseline_rates,qwen3.5-397b-a17b,not_applicable,load,2026-08-28T10:18:01.522711Z
long_short:aimd:in100000:out128:aimd-qwen3.5-397b-a17b-long_short-004,load_epoch:aimd-qwen3.5-397b-a17b-long_short-004,required,measured_unhealthy_at_all_baseline_rates,qwen3.5-397b-a17b,not_applicable,load,2026-08-28T10:18:01.524884Z
long_short:aimd:in100000:out128:aimd-qwen3.5-397b-a17b-long_short-005,load_epoch:aimd-qwen3.5-397b-a17b-long_short-005,required,measured_unhealthy_at_all_baseline_rates,qwen3.5-397b-a17b,not_applicable,load,2026-08-28T10:18:01.526752Z
long_short:aimd:in100000:out128:aimd-qwen3.5-397b-a17b-long_short-006,load_epoch:aimd-qwen3.5-397b-a17b-long_short-006,required,measured_unhealthy_at_all_baseline_rates,qwen3.5-397b-a17b,not_applicable,load,2026-08-28T10:18:01.528617Z
long_short:aimd:in100000:out128:aimd-qwen3.5-397b-a17b-long_short-007,load_epoch:aimd-qwen3.5-397b-a17b-long_short-007,required,measured_unhealthy_at_all_baseline_rates,qwen3.5-397b-a17b,not_applicable,load,2026-08-28T10:18:01.530569Z
long_short:aimd:in100000:out128:aimd-qwen3.5-397b-a17b-long_short-008,load_epoch:aimd-qwen3.5-397b-a17b-long_short-008,required,measured_unhealthy_at_all_baseline_rates,qwen3.5-397b-a17b,not_applicable,load,2026-08-28T10:18:01.532252Z
long_short:baseline:in100000:out128:aimd-qwen3.5-397b-a17b-long_short-baseline,load_epoch:aimd-qwen3.5-397b-a17b-long_short-baseline,required,,qwen3.5-397b-a17b,completed,load,2026-08-28T10:13:58.794800Z
long_short:baseline:in100000:out128:aimd-qwen3.5-397b-a17b-long_short-baseline-attempt-1,load_epoch:aimd-qwen3.5-397b-a17b-long_short-baseline-attempt-1,conditional_on_prior_baseline_failure,,qwen3.5-397b-a17b,completed,load,2026-08-28T10:15:41.101084Z
long_short:baseline:in100000:out128:aimd-qwen3.5-397b-a17b-long_short-baseline-attempt-2,load_epoch:aimd-qwen3.5-397b-a17b-long_short-baseline-attempt-2,conditional_on_prior_baseline_failure,,qwen3.5-397b-a17b,completed,load,2026-08-28T10:18:01.510721Z
long_short:confirmation:in100000:out128:aimd-qwen3.5-397b-a17b-long_short-confirm-0,load_epoch:aimd-qwen3.5-397b-a17b-long_short-confirm-0,required,measured_unhealthy_at_all_baseline_rates,qwen3.5-397b-a17b,not_applicable,load,2026-08-28T10:18:01.534121Z
long_short:confirmation:in100000:out128:aimd-qwen3.5-397b-a17b-long_short-confirm-1,load_epoch:aimd-qwen3.5-397b-a17b-long_short-confirm-1,required,measured_unhealthy_at_all_baseline_rates,qwen3.5-397b-a17b,not_applicable,load,2026-08-28T10:18:01.535937Z
long_short:confirmation:in100000:out128:aimd-qwen3.5-397b-a17b-long_short-confirm-2,load_epoch:aimd-qwen3.5-397b-a17b-long_short-confirm-2,required,measured_unhealthy_at_all_baseline_rates,qwen3.5-397b-a17b,not_applicable,load,2026-08-28T10:18:01.537860Z
long_short:confirmation:in100000:out128:aimd-qwen3.5-397b-a17b-long_short-confirm-stage-1-0,load_epoch:aimd-qwen3.5-397b-a17b-long_short-confirm-stage-1-0,conditional_on_prior_confirmation_failure,measured_unhealthy_at_all_baseline_rates,qwen3.5-397b-a17b,not_applicable,load,2026-08-28T10:18:01.539965Z
long_short:confirmation:in100000:out128:aimd-qwen3.5-397b-a17b-long_short-confirm-stage-1-1,load_epoch:aimd-qwen3.5-397b-a17b-long_short-confirm-stage-1-1,conditional_on_prior_confirmation_failure,measured_unhealthy_at_all_baseline_rates,qwen3.5-397b-a17b,not_applicable,load,2026-08-28T10:18:01.541889Z
long_short:confirmation:in100000:out128:aimd-qwen3.5-397b-a17b-long_short-confirm-stage-1-2,load_epoch:aimd-qwen3.5-397b-a17b-long_short-confirm-stage-1-2,conditional_on_prior_confirmation_failure,measured_unhealthy_at_all_baseline_rates,qwen3.5-397b-a17b,not_applicable,load,2026-08-28T10:18:01.543603Z
long_short:confirmation_separator:in100000:out128:aimd-qwen3.5-397b-a17b-long_short-separator-0,load_epoch:aimd-qwen3.5-397b-a17b-long_short-separator-0,required,measured_unhealthy_at_all_baseline_rates,qwen3.5-397b-a17b,not_applicable,load,2026-08-28T10:18:01.545626Z
long_short:confirmation_separator:in100000:out128:aimd-qwen3.5-397b-a17b-long_short-separator-1,load_epoch:aimd-qwen3.5-397b-a17b-long_short-separator-1,required,measured_unhealthy_at_all_baseline_rates,qwen3.5-397b-a17b,not_applicable,load,2026-08-28T10:18:01.547682Z
long_short:confirmation_separator:in100000:out128:aimd-qwen3.5-397b-a17b-long_short-separator-stage-1-0,load_epoch:aimd-qwen3.5-397b-a17b-long_short-separator-stage-1-0,conditional_on_prior_confirmation_failure,measured_unhealthy_at_all_baseline_rates,qwen3.5-397b-a17b,not_applicable,load,2026-08-28T10:18:01.549547Z
long_short:confirmation_separator:in100000:out128:aimd-qwen3.5-397b-a17b-long_short-separator-stage-1-1,load_epoch:aimd-qwen3.5-397b-a17b-long_short-separator-stage-1-1,conditional_on_prior_confirmation_failure,measured_unhealthy_at_all_baseline_rates,qwen3.5-397b-a17b,not_applicable,load,2026-08-28T10:18:01.551837Z
long_short:recovery_after_observed_overload:in100000:out128:aimd-qwen3.5-397b-a17b-long_short-recovery,load_epoch:aimd-qwen3.5-397b-a17b-long_short-recovery,conditional_on_overload,measured_unhealthy_at_all_baseline_rates,qwen3.5-397b-a17b,not_applicable,load,2026-08-28T10:18:01.553937Z
mixed:aimd:in100000:out128:aimd-qwen3.5-397b-a17b-mixed-003,load_epoch:aimd-qwen3.5-397b-a17b-mixed-003,required,time_guard,qwen3.5-397b-a17b,time_censored,load,2026-08-28T12:35:38.031921Z
mixed:aimd:in100000:out128:aimd-qwen3.5-397b-a17b-mixed-004,load_epoch:aimd-qwen3.5-397b-a17b-mixed-004,required,time_guard,qwen3.5-397b-a17b,time_censored,load,2026-08-28T12:35:38.031921Z
mixed:aimd:in100000:out128:aimd-qwen3.5-397b-a17b-mixed-007,load_epoch:aimd-qwen3.5-397b-a17b-mixed-007,required,time_guard,qwen3.5-397b-a17b,time_censored,load,2026-08-28T12:35:38.031921Z
mixed:aimd:in100000:out128:aimd-qwen3.5-397b-a17b-mixed-008,load_epoch:aimd-qwen3.5-397b-a17b-mixed-008,required,time_guard,qwen3.5-397b-a17b,time_censored,load,2026-08-28T12:35:38.031921Z
mixed:aimd:in1024:out512:aimd-qwen3.5-397b-a17b-mixed-001,load_epoch:aimd-qwen3.5-397b-a17b-mixed-001,required,time_guard,qwen3.5-397b-a17b,time_censored,load,2026-08-28T12:35:38.031921Z
mixed:aimd:in256:out128:aimd-qwen3.5-397b-a17b-mixed-000,load_epoch:aimd-qwen3.5-397b-a17b-mixed-000,required,time_guard,qwen3.5-397b-a17b,time_censored,load,2026-08-28T12:35:38.031921Z
mixed:aimd:in256:out128:aimd-qwen3.5-397b-a17b-mixed-002,load_epoch:aimd-qwen3.5-397b-a17b-mixed-002,required,time_guard,qwen3.5-397b-a17b,time_censored,load,2026-08-28T12:35:38.031921Z
mixed:aimd:in256:out4096:aimd-qwen3.5-397b-a17b-mixed-005,load_epoch:aimd-qwen3.5-397b-a17b-mixed-005,required,time_guard,qwen3.5-397b-a17b,time_censored,load,2026-08-28T12:35:38.031921Z
mixed:aimd:in256:out4096:aimd-qwen3.5-397b-a17b-mixed-006,load_epoch:aimd-qwen3.5-397b-a17b-mixed-006,required,time_guard,qwen3.5-397b-a17b,time_censored,load,2026-08-28T12:35:38.031921Z
mixed:baseline:in100000:out128:aimd-qwen3.5-397b-a17b-mixed-baseline,load_epoch:aimd-qwen3.5-397b-a17b-mixed-baseline,required,time_guard,qwen3.5-397b-a17b,time_censored,load,2026-08-28T12:35:38.031921Z
mixed:baseline:in256:out128:aimd-qwen3.5-397b-a17b-mixed-baseline-attempt-2,load_epoch:aimd-qwen3.5-397b-a17b-mixed-baseline-attempt-2,conditional_on_prior_baseline_failure,time_guard,qwen3.5-397b-a17b,time_censored,load,2026-08-28T12:35:38.031921Z
mixed:baseline:in256:out4096:aimd-qwen3.5-397b-a17b-mixed-baseline-attempt-1,load_epoch:aimd-qwen3.5-397b-a17b-mixed-baseline-attempt-1,conditional_on_prior_baseline_failure,time_guard,qwen3.5-397b-a17b,time_censored,load,2026-08-28T12:35:38.031921Z
mixed:confirmation:in100000:out128:aimd-qwen3.5-397b-a17b-mixed-confirm-1,load_epoch:aimd-qwen3.5-397b-a17b-mixed-confirm-1,required,time_guard,qwen3.5-397b-a17b,time_censored,load,2026-08-28T12:35:38.031921Z
mixed:confirmation:in100000:out128:aimd-qwen3.5-397b-a17b-mixed-confirm-stage-1-0,load_epoch:aimd-qwen3.5-397b-a17b-mixed-confirm-stage-1-0,conditional_on_prior_confirmation_failure,time_guard,qwen3.5-397b-a17b,time_censored,load,2026-08-28T12:35:38.031921Z
mixed:confirmation:in100000:out128:aimd-qwen3.5-397b-a17b-mixed-confirm-stage-1-2,load_epoch:aimd-qwen3.5-397b-a17b-mixed-confirm-stage-1-2,conditional_on_prior_confirmation_failure,time_guard,qwen3.5-397b-a17b,time_censored,load,2026-08-28T12:35:38.031921Z
mixed:confirmation:in1024:out512:aimd-qwen3.5-397b-a17b-mixed-confirm-0,load_epoch:aimd-qwen3.5-397b-a17b-mixed-confirm-0,required,time_guard,qwen3.5-397b-a17b,time_censored,load,2026-08-28T12:35:38.031921Z
mixed:confirmation:in256:out4096:aimd-qwen3.5-397b-a17b-mixed-confirm-2,load_epoch:aimd-qwen3.5-397b-a17b-mixed-confirm-2,required,time_guard,qwen3.5-397b-a17b,time_censored,load,2026-08-28T12:35:38.031921Z
mixed:confirmation:in256:out4096:aimd-qwen3.5-397b-a17b-mixed-confirm-stage-1-1,load_epoch:aimd-qwen3.5-397b-a17b-mixed-confirm-stage-1-1,conditional_on_prior_confirmation_failure,time_guard,qwen3.5-397b-a17b,time_censored,load,2026-08-28T12:35:38.031921Z
mixed:confirmation_separator:in100000:out128:aimd-qwen3.5-397b-a17b-mixed-separator-0,load_epoch:aimd-qwen3.5-397b-a17b-mixed-separator-0,required,time_guard,qwen3.5-397b-a17b,time_censored,load,2026-08-28T12:35:38.031921Z
mixed:confirmation_separator:in100000:out128:aimd-qwen3.5-397b-a17b-mixed-separator-stage-1-0,load_epoch:aimd-qwen3.5-397b-a17b-mixed-separator-stage-1-0,conditional_on_prior_confirmation_failure,time_guard,qwen3.5-397b-a17b,time_censored,load,2026-08-28T12:35:38.031921Z
mixed:confirmation_separator:in256:out128:aimd-qwen3.5-397b-a17b-mixed-separator-stage-1-1,load_epoch:aimd-qwen3.5-397b-a17b-mixed-separator-stage-1-1,conditional_on_prior_confirmation_failure,time_guard,qwen3.5-397b-a17b,time_censored,load,2026-08-28T12:35:38.031921Z
mixed:confirmation_separator:in256:out4096:aimd-qwen3.5-397b-a17b-mixed-separator-1,load_epoch:aimd-qwen3.5-397b-a17b-mixed-separator-1,required,time_guard,qwen3.5-397b-a17b,time_censored,load,2026-08-28T12:35:38.031921Z
mixed:recovery_after_observed_overload:in256:out4096:aimd-qwen3.5-397b-a17b-mixed-recovery,load_epoch:aimd-qwen3.5-397b-a17b-mixed-recovery,conditional_on_overload,time_guard,qwen3.5-397b-a17b,time_censored,load,2026-08-28T12:35:38.031921Z
short_long:aimd:in256:out4096:aimd-qwen3.5-397b-a17b-short_long-000,load_epoch:aimd-qwen3.5-397b-a17b-short_long-000,required,measured_unhealthy_at_all_baseline_rates,qwen3.5-397b-a17b,not_applicable,load,2026-08-28T08:58:06.790849Z
short_long:aimd:in256:out4096:aimd-qwen3.5-397b-a17b-short_long-001,load_epoch:aimd-qwen3.5-397b-a17b-short_long-001,required,measured_unhealthy_at_all_baseline_rates,qwen3.5-397b-a17b,not_applicable,load,2026-08-28T08:58:06.792959Z
short_long:aimd:in256:out4096:aimd-qwen3.5-397b-a17b-short_long-002,load_epoch:aimd-qwen3.5-397b-a17b-short_long-002,required,measured_unhealthy_at_all_baseline_rates,qwen3.5-397b-a17b,not_applicable,load,2026-08-28T08:58:06.795031Z
short_long:aimd:in256:out4096:aimd-qwen3.5-397b-a17b-short_long-003,load_epoch:aimd-qwen3.5-397b-a17b-short_long-003,required,measured_unhealthy_at_all_baseline_rates,qwen3.5-397b-a17b,not_applicable,load,2026-08-28T08:58:06.797073Z
short_long:aimd:in256:out4096:aimd-qwen3.5-397b-a17b-short_long-004,load_epoch:aimd-qwen3.5-397b-a17b-short_long-004,required,measured_unhealthy_at_all_baseline_rates,qwen3.5-397b-a17b,not_applicable,load,2026-08-28T08:58:06.799072Z
short_long:aimd:in256:out4096:aimd-qwen3.5-397b-a17b-short_long-005,load_epoch:aimd-qwen3.5-397b-a17b-short_long-005,required,measured_unhealthy_at_all_baseline_rates,qwen3.5-397b-a17b,not_applicable,load,2026-08-28T08:58:06.801105Z
short_long:aimd:in256:out4096:aimd-qwen3.5-397b-a17b-short_long-006,load_epoch:aimd-qwen3.5-397b-a17b-short_long-006,required,measured_unhealthy_at_all_baseline_rates,qwen3.5-397b-a17b,not_applicable,load,2026-08-28T08:58:06.803024Z
short_long:aimd:in256:out4096:aimd-qwen3.5-397b-a17b-short_long-007,load_epoch:aimd-qwen3.5-397b-a17b-short_long-007,required,measured_unhealthy_at_all_baseline_rates,qwen3.5-397b-a17b,not_applicable,load,2026-08-28T08:58:06.804761Z
short_long:aimd:in256:out4096:aimd-qwen3.5-397b-a17b-short_long-008,load_epoch:aimd-qwen3.5-397b-a17b-short_long-008,required,measured_unhealthy_at_all_baseline_rates,qwen3.5-397b-a17b,not_applicable,load,2026-08-28T08:58:06.806450Z
short_long:baseline:in256:out4096:aimd-qwen3.5-397b-a17b-short_long-baseline,load_epoch:aimd-qwen3.5-397b-a17b-short_long-baseline,required,,qwen3.5-397b-a17b,completed,load,2026-08-28T08:45:41.325609Z
short_long:baseline:in256:out4096:aimd-qwen3.5-397b-a17b-short_long-baseline-attempt-1,load_epoch:aimd-qwen3.5-397b-a17b-short_long-baseline-attempt-1,conditional_on_prior_baseline_failure,,qwen3.5-397b-a17b,completed,load,2026-08-28T08:51:42.817215Z
short_long:baseline:in256:out4096:aimd-qwen3.5-397b-a17b-short_long-baseline-attempt-2,load_epoch:aimd-qwen3.5-397b-a17b-short_long-baseline-attempt-2,conditional_on_prior_baseline_failure,,qwen3.5-397b-a17b,completed,load,2026-08-28T08:58:06.784126Z
short_long:confirmation:in256:out4096:aimd-qwen3.5-397b-a17b-short_long-confirm-0,load_epoch:aimd-qwen3.5-397b-a17b-short_long-confirm-0,required,measured_unhealthy_at_all_baseline_rates,qwen3.5-397b-a17b,not_applicable,load,2026-08-28T08:58:06.808824Z
short_long:confirmation:in256:out4096:aimd-qwen3.5-397b-a17b-short_long-confirm-1,load_epoch:aimd-qwen3.5-397b-a17b-short_long-confirm-1,required,measured_unhealthy_at_all_baseline_rates,qwen3.5-397b-a17b,not_applicable,load,2026-08-28T08:58:06.810894Z
short_long:confirmation:in256:out4096:aimd-qwen3.5-397b-a17b-short_long-confirm-2,load_epoch:aimd-qwen3.5-397b-a17b-short_long-confirm-2,required,measured_unhealthy_at_all_baseline_rates,qwen3.5-397b-a17b,not_applicable,load,2026-08-28T08:58:06.813039Z
short_long:confirmation:in256:out4096:aimd-qwen3.5-397b-a17b-short_long-confirm-stage-1-0,load_epoch:aimd-qwen3.5-397b-a17b-short_long-confirm-stage-1-0,conditional_on_prior_confirmation_failure,measured_unhealthy_at_all_baseline_rates,qwen3.5-397b-a17b,not_applicable,load,2026-08-28T08:58:06.815324Z
short_long:confirmation:in256:out4096:aimd-qwen3.5-397b-a17b-short_long-confirm-stage-1-1,load_epoch:aimd-qwen3.5-397b-a17b-short_long-confirm-stage-1-1,conditional_on_prior_confirmation_failure,measured_unhealthy_at_all_baseline_rates,qwen3.5-397b-a17b,not_applicable,load,2026-08-28T08:58:06.817464Z
short_long:confirmation:in256:out4096:aimd-qwen3.5-397b-a17b-short_long-confirm-stage-1-2,load_epoch:aimd-qwen3.5-397b-a17b-short_long-confirm-stage-1-2,conditional_on_prior_confirmation_failure,measured_unhealthy_at_all_baseline_rates,qwen3.5-397b-a17b,not_applicable,load,2026-08-28T08:58:06.819351Z
short_long:confirmation_separator:in256:out4096:aimd-qwen3.5-397b-a17b-short_long-separator-0,load_epoch:aimd-qwen3.5-397b-a17b-short_long-separator-0,required,measured_unhealthy_at_all_baseline_rates,qwen3.5-397b-a17b,not_applicable,load,2026-08-28T08:58:06.821633Z
short_long:confirmation_separator:in256:out4096:aimd-qwen3.5-397b-a17b-short_long-separator-1,load_epoch:aimd-qwen3.5-397b-a17b-short_long-separator-1,required,measured_unhealthy_at_all_baseline_rates,qwen3.5-397b-a17b,not_applicable,load,2026-08-28T08:58:06.823735Z
short_long:confirmation_separator:in256:out4096:aimd-qwen3.5-397b-a17b-short_long-separator-stage-1-0,load_epoch:aimd-qwen3.5-397b-a17b-short_long-separator-stage-1-0,conditional_on_prior_confirmation_failure,measured_unhealthy_at_all_baseline_rates,qwen3.5-397b-a17b,not_applicable,load,2026-08-28T08:58:06.825831Z
short_long:confirmation_separator:in256:out4096:aimd-qwen3.5-397b-a17b-short_long-separator-stage-1-1,load_epoch:aimd-qwen3.5-397b-a17b-short_long-separator-stage-1-1,conditional_on_prior_confirmation_failure,measured_unhealthy_at_all_baseline_rates,qwen3.5-397b-a17b,not_applicable,load,2026-08-28T08:58:06.827748Z
short_long:recovery_after_observed_overload:in256:out4096:aimd-qwen3.5-397b-a17b-short_long-recovery,load_epoch:aimd-qwen3.5-397b-a17b-short_long-recovery,conditional_on_overload,measured_unhealthy_at_all_baseline_rates,qwen3.5-397b-a17b,not_applicable,load,2026-08-28T08:58:06.829733Z
short_short:aimd:in256:out128:aimd-qwen3.5-397b-a17b-short_short-000,load_epoch:aimd-qwen3.5-397b-a17b-short_short-000,required,time_guard,qwen3.5-397b-a17b,time_censored,load,2026-08-28T12:35:38.031921Z
short_short:aimd:in256:out128:aimd-qwen3.5-397b-a17b-short_short-001,load_epoch:aimd-qwen3.5-397b-a17b-short_short-001,required,time_guard,qwen3.5-397b-a17b,time_censored,load,2026-08-28T12:35:38.031921Z
short_short:aimd:in256:out128:aimd-qwen3.5-397b-a17b-short_short-002,load_epoch:aimd-qwen3.5-397b-a17b-short_short-002,required,time_guard,qwen3.5-397b-a17b,time_censored,load,2026-08-28T12:35:38.031921Z
short_short:aimd:in256:out128:aimd-qwen3.5-397b-a17b-short_short-003,load_epoch:aimd-qwen3.5-397b-a17b-short_short-003,required,time_guard,qwen3.5-397b-a17b,time_censored,load,2026-08-28T12:35:38.031921Z
short_short:aimd:in256:out128:aimd-qwen3.5-397b-a17b-short_short-004,load_epoch:aimd-qwen3.5-397b-a17b-short_short-004,required,time_guard,qwen3.5-397b-a17b,time_censored,load,2026-08-28T12:35:38.031921Z
short_short:aimd:in256:out128:aimd-qwen3.5-397b-a17b-short_short-005,load_epoch:aimd-qwen3.5-397b-a17b-short_short-005,required,time_guard,qwen3.5-397b-a17b,time_censored,load,2026-08-28T12:35:38.031921Z
short_short:aimd:in256:out128:aimd-qwen3.5-397b-a17b-short_short-006,load_epoch:aimd-qwen3.5-397b-a17b-short_short-006,required,time_guard,qwen3.5-397b-a17b,time_censored,load,2026-08-28T12:35:38.031921Z
short_short:aimd:in256:out128:aimd-qwen3.5-397b-a17b-short_short-007,load_epoch:aimd-qwen3.5-397b-a17b-short_short-007,required,time_guard,qwen3.5-397b-a17b,time_censored,load,2026-08-28T12:35:38.031921Z
short_short:aimd:in256:out128:aimd-qwen3.5-397b-a17b-short_short-008,load_epoch:aimd-qwen3.5-397b-a17b-short_short-008,required,time_guard,qwen3.5-397b-a17b,time_censored,load,2026-08-28T12:35:38.031921Z
short_short:baseline:in256:out128:aimd-qwen3.5-397b-a17b-short_short-baseline,load_epoch:aimd-qwen3.5-397b-a17b-short_short-baseline,required,time_guard,qwen3.5-397b-a17b,time_censored,load,2026-08-28T12:35:38.031921Z
short_short:baseline:in256:out128:aimd-qwen3.5-397b-a17b-short_short-baseline-attempt-1,load_epoch:aimd-qwen3.5-397b-a17b-short_short-baseline-attempt-1,conditional_on_prior_baseline_failure,time_guard,qwen3.5-397b-a17b,time_censored,load,2026-08-28T12:35:38.031921Z
short_short:baseline:in256:out128:aimd-qwen3.5-397b-a17b-short_short-baseline-attempt-2,load_epoch:aimd-qwen3.5-397b-a17b-short_short-baseline-attempt-2,conditional_on_prior_baseline_failure,time_guard,qwen3.5-397b-a17b,time_censored,load,2026-08-28T12:35:38.031921Z
short_short:confirmation:in256:out128:aimd-qwen3.5-397b-a17b-short_short-confirm-0,load_epoch:aimd-qwen3.5-397b-a17b-short_short-confirm-0,required,time_guard,qwen3.5-397b-a17b,time_censored,load,2026-08-28T12:35:38.031921Z
short_short:confirmation:in256:out128:aimd-qwen3.5-397b-a17b-short_short-confirm-1,load_epoch:aimd-qwen3.5-397b-a17b-short_short-confirm-1,required,time_guard,qwen3.5-397b-a17b,time_censored,load,2026-08-28T12:35:38.031921Z
short_short:confirmation:in256:out128:aimd-qwen3.5-397b-a17b-short_short-confirm-2,load_epoch:aimd-qwen3.5-397b-a17b-short_short-confirm-2,required,time_guard,qwen3.5-397b-a17b,time_censored,load,2026-08-28T12:35:38.031921Z
short_short:confirmation:in256:out128:aimd-qwen3.5-397b-a17b-short_short-confirm-stage-1-0,load_epoch:aimd-qwen3.5-397b-a17b-short_short-confirm-stage-1-0,conditional_on_prior_confirmation_failure,time_guard,qwen3.5-397b-a17b,time_censored,load,2026-08-28T12:35:38.031921Z
short_short:confirmation:in256:out128:aimd-qwen3.5-397b-a17b-short_short-confirm-stage-1-1,load_epoch:aimd-qwen3.5-397b-a17b-short_short-confirm-stage-1-1,conditional_on_prior_confirmation_failure,time_guard,qwen3.5-397b-a17b,time_censored,load,2026-08-28T12:35:38.031921Z
short_short:confirmation:in256:out128:aimd-qwen3.5-397b-a17b-short_short-confirm-stage-1-2,load_epoch:aimd-qwen3.5-397b-a17b-short_short-confirm-stage-1-2,conditional_on_prior_confirmation_failure,time_guard,qwen3.5-397b-a17b,time_censored,load,2026-08-28T12:35:38.031921Z
short_short:confirmation_separator:in256:out128:aimd-qwen3.5-397b-a17b-short_short-separator-0,load_epoch:aimd-qwen3.5-397b-a17b-short_short-separator-0,required,time_guard,qwen3.5-397b-a17b,time_censored,load,2026-08-28T12:35:38.031921Z
short_short:confirmation_separator:in256:out128:aimd-qwen3.5-397b-a17b-short_short-separator-1,load_epoch:aimd-qwen3.5-397b-a17b-short_short-separator-1,required,time_guard,qwen3.5-397b-a17b,time_censored,load,2026-08-28T12:35:38.031921Z
short_short:confirmation_separator:in256:out128:aimd-qwen3.5-397b-a17b-short_short-separator-stage-1-0,load_epoch:aimd-qwen3.5-397b-a17b-short_short-separator-stage-1-0,conditional_on_prior_confirmation_failure,time_guard,qwen3.5-397b-a17b,time_censored,load,2026-08-28T12:35:38.031921Z
short_short:confirmation_separator:in256:out128:aimd-qwen3.5-397b-a17b-short_short-separator-stage-1-1,load_epoch:aimd-qwen3.5-397b-a17b-short_short-separator-stage-1-1,conditional_on_prior_confirmation_failure,time_guard,qwen3.5-397b-a17b,time_censored,load,2026-08-28T12:35:38.031921Z
short_short:recovery_after_observed_overload:in256:out128:aimd-qwen3.5-397b-a17b-short_short-recovery,load_epoch:aimd-qwen3.5-397b-a17b-short_short-recovery,conditional_on_overload,time_guard,qwen3.5-397b-a17b,time_censored,load,2026-08-28T12:35:38.031921Z
long_short:aimd:in100000:out128:aimd-qwen3.8-max-long_short-000,load_epoch:aimd-qwen3.8-max-long_short-000,required,,qwen3.8-max,completed,load,2026-08-28T10:31:32.502703Z
long_short:aimd:in100000:out128:aimd-qwen3.8-max-long_short-001,load_epoch:aimd-qwen3.8-max-long_short-001,required,,qwen3.8-max,completed,load,2026-08-28T10:31:43.087657Z
long_short:aimd:in100000:out128:aimd-qwen3.8-max-long_short-002,load_epoch:aimd-qwen3.8-max-long_short-002,required,,qwen3.8-max,completed,load,2026-08-28T10:31:56.315767Z
long_short:aimd:in100000:out128:aimd-qwen3.8-max-long_short-003,load_epoch:aimd-qwen3.8-max-long_short-003,required,,qwen3.8-max,completed,load,2026-08-28T10:32:22.813117Z
long_short:aimd:in100000:out128:aimd-qwen3.8-max-long_short-004,load_epoch:aimd-qwen3.8-max-long_short-004,required,,qwen3.8-max,completed,load,2026-08-28T10:32:45.004169Z
long_short:aimd:in100000:out128:aimd-qwen3.8-max-long_short-005,load_epoch:aimd-qwen3.8-max-long_short-005,required,,qwen3.8-max,completed,load,2026-08-28T10:33:04.501509Z
long_short:aimd:in100000:out128:aimd-qwen3.8-max-long_short-006,load_epoch:aimd-qwen3.8-max-long_short-006,required,,qwen3.8-max,completed,load,2026-08-28T10:33:30.185637Z
long_short:aimd:in100000:out128:aimd-qwen3.8-max-long_short-007,load_epoch:aimd-qwen3.8-max-long_short-007,required,,qwen3.8-max,completed,load,2026-08-28T10:33:43.548629Z
long_short:aimd:in100000:out128:aimd-qwen3.8-max-long_short-008,load_epoch:aimd-qwen3.8-max-long_short-008,required,,qwen3.8-max,completed,load,2026-08-28T10:33:55.109403Z
long_short:baseline:in100000:out128:aimd-qwen3.8-max-long_short-baseline,load_epoch:aimd-qwen3.8-max-long_short-baseline,required,,qwen3.8-max,completed,load,2026-08-28T10:31:19.294606Z
long_short:baseline:in100000:out128:aimd-qwen3.8-max-long_short-baseline-attempt-1,load_epoch:aimd-qwen3.8-max-long_short-baseline-attempt-1,conditional_on_prior_baseline_failure,healthy_baseline_already_established,qwen3.8-max,not_applicable,load,2026-08-28T10:31:19.296609Z
long_short:baseline:in100000:out128:aimd-qwen3.8-max-long_short-baseline-attempt-2,load_epoch:aimd-qwen3.8-max-long_short-baseline-attempt-2,conditional_on_prior_baseline_failure,healthy_baseline_already_established,qwen3.8-max,not_applicable,load,2026-08-28T10:31:19.298321Z
long_short:confirmation:in100000:out128:aimd-qwen3.8-max-long_short-confirm-0,load_epoch:aimd-qwen3.8-max-long_short-confirm-0,required,,qwen3.8-max,completed,load,2026-08-28T10:34:06.690706Z
long_short:confirmation:in100000:out128:aimd-qwen3.8-max-long_short-confirm-1,load_epoch:aimd-qwen3.8-max-long_short-confirm-1,required,,qwen3.8-max,completed,load,2026-08-28T10:34:53.569543Z
long_short:confirmation:in100000:out128:aimd-qwen3.8-max-long_short-confirm-2,load_epoch:aimd-qwen3.8-max-long_short-confirm-2,required,,qwen3.8-max,completed,load,2026-08-28T10:35:40.719516Z
long_short:confirmation:in100000:out128:aimd-qwen3.8-max-long_short-confirm-stage-1-0,load_epoch:aimd-qwen3.8-max-long_short-confirm-stage-1-0,conditional_on_prior_confirmation_failure,lower_rate_confirmation_not_needed,qwen3.8-max,not_applicable,load,2026-08-28T10:35:40.721863Z
long_short:confirmation:in100000:out128:aimd-qwen3.8-max-long_short-confirm-stage-1-1,load_epoch:aimd-qwen3.8-max-long_short-confirm-stage-1-1,conditional_on_prior_confirmation_failure,lower_rate_confirmation_not_needed,qwen3.8-max,not_applicable,load,2026-08-28T10:35:40.725715Z
long_short:confirmation:in100000:out128:aimd-qwen3.8-max-long_short-confirm-stage-1-2,load_epoch:aimd-qwen3.8-max-long_short-confirm-stage-1-2,conditional_on_prior_confirmation_failure,lower_rate_confirmation_not_needed,qwen3.8-max,not_applicable,load,2026-08-28T10:35:40.728888Z
long_short:confirmation_separator:in100000:out128:aimd-qwen3.8-max-long_short-separator-0,load_epoch:aimd-qwen3.8-max-long_short-separator-0,required,,qwen3.8-max,completed,load,2026-08-28T10:34:32.702730Z
long_short:confirmation_separator:in100000:out128:aimd-qwen3.8-max-long_short-separator-1,load_epoch:aimd-qwen3.8-max-long_short-separator-1,required,,qwen3.8-max,completed,load,2026-08-28T10:35:13.220669Z
long_short:confirmation_separator:in100000:out128:aimd-qwen3.8-max-long_short-separator-stage-1-0,load_epoch:aimd-qwen3.8-max-long_short-separator-stage-1-0,conditional_on_prior_confirmation_failure,lower_rate_confirmation_not_needed,qwen3.8-max,not_applicable,load,2026-08-28T10:35:40.723972Z
long_short:confirmation_separator:in100000:out128:aimd-qwen3.8-max-long_short-separator-stage-1-1,load_epoch:aimd-qwen3.8-max-long_short-separator-stage-1-1,conditional_on_prior_confirmation_failure,lower_rate_confirmation_not_needed,qwen3.8-max,not_applicable,load,2026-08-28T10:35:40.727279Z
long_short:recovery_after_observed_overload:in100000:out128:aimd-qwen3.8-max-long_short-recovery,load_epoch:aimd-qwen3.8-max-long_short-recovery,conditional_on_overload,no_two_epoch_overload_observed,qwen3.8-max,not_applicable,load,2026-08-28T10:35:40.730456Z
mixed:aimd:in100000:out128:aimd-qwen3.8-max-mixed-003,load_epoch:aimd-qwen3.8-max-mixed-003,required,time_guard,qwen3.8-max,time_censored,load,2026-08-28T12:35:38.031921Z
mixed:aimd:in1024:out512:aimd-qwen3.8-max-mixed-001,load_epoch:aimd-qwen3.8-max-mixed-001,required,time_guard,qwen3.8-max,time_censored,load,2026-08-28T12:35:38.031921Z
mixed:aimd:in1024:out512:aimd-qwen3.8-max-mixed-008,load_epoch:aimd-qwen3.8-max-mixed-008,required,time_guard,qwen3.8-max,time_censored,load,2026-08-28T12:35:38.031921Z
mixed:aimd:in256:out128:aimd-qwen3.8-max-mixed-000,load_epoch:aimd-qwen3.8-max-mixed-000,required,time_guard,qwen3.8-max,time_censored,load,2026-08-28T12:35:38.031921Z
mixed:aimd:in256:out128:aimd-qwen3.8-max-mixed-002,load_epoch:aimd-qwen3.8-max-mixed-002,required,time_guard,qwen3.8-max,time_censored,load,2026-08-28T12:35:38.031921Z
mixed:aimd:in256:out128:aimd-qwen3.8-max-mixed-004,load_epoch:aimd-qwen3.8-max-mixed-004,required,time_guard,qwen3.8-max,time_censored,load,2026-08-28T12:35:38.031921Z
mixed:aimd:in256:out128:aimd-qwen3.8-max-mixed-006,load_epoch:aimd-qwen3.8-max-mixed-006,required,time_guard,qwen3.8-max,time_censored,load,2026-08-28T12:35:38.031921Z
mixed:aimd:in256:out128:aimd-qwen3.8-max-mixed-007,load_epoch:aimd-qwen3.8-max-mixed-007,required,time_guard,qwen3.8-max,time_censored,load,2026-08-28T12:35:38.031921Z
mixed:aimd:in256:out4096:aimd-qwen3.8-max-mixed-005,load_epoch:aimd-qwen3.8-max-mixed-005,required,time_guard,qwen3.8-max,time_censored,load,2026-08-28T12:35:38.031921Z
mixed:baseline:in100000:out128:aimd-qwen3.8-max-mixed-baseline,load_epoch:aimd-qwen3.8-max-mixed-baseline,required,time_guard,qwen3.8-max,time_censored,load,2026-08-28T12:35:38.031921Z
mixed:baseline:in1024:out512:aimd-qwen3.8-max-mixed-baseline-attempt-1,load_epoch:aimd-qwen3.8-max-mixed-baseline-attempt-1,conditional_on_prior_baseline_failure,time_guard,qwen3.8-max,time_censored,load,2026-08-28T12:35:38.031921Z
mixed:baseline:in256:out128:aimd-qwen3.8-max-mixed-baseline-attempt-2,load_epoch:aimd-qwen3.8-max-mixed-baseline-attempt-2,conditional_on_prior_baseline_failure,time_guard,qwen3.8-max,time_censored,load,2026-08-28T12:35:38.031921Z
mixed:confirmation:in100000:out128:aimd-qwen3.8-max-mixed-confirm-0,load_epoch:aimd-qwen3.8-max-mixed-confirm-0,required,time_guard,qwen3.8-max,time_censored,load,2026-08-28T12:35:38.031921Z
mixed:confirmation:in1024:out512:aimd-qwen3.8-max-mixed-confirm-2,load_epoch:aimd-qwen3.8-max-mixed-confirm-2,required,time_guard,qwen3.8-max,time_censored,load,2026-08-28T12:35:38.031921Z
mixed:confirmation:in1024:out512:aimd-qwen3.8-max-mixed-confirm-stage-1-0,load_epoch:aimd-qwen3.8-max-mixed-confirm-stage-1-0,conditional_on_prior_confirmation_failure,time_guard,qwen3.8-max,time_censored,load,2026-08-28T12:35:38.031921Z
mixed:confirmation:in256:out128:aimd-qwen3.8-max-mixed-confirm-1,load_epoch:aimd-qwen3.8-max-mixed-confirm-1,required,time_guard,qwen3.8-max,time_censored,load,2026-08-28T12:35:38.031921Z
mixed:confirmation:in256:out128:aimd-qwen3.8-max-mixed-confirm-stage-1-1,load_epoch:aimd-qwen3.8-max-mixed-confirm-stage-1-1,conditional_on_prior_confirmation_failure,time_guard,qwen3.8-max,time_censored,load,2026-08-28T12:35:38.031921Z
mixed:confirmation:in256:out4096:aimd-qwen3.8-max-mixed-confirm-stage-1-2,load_epoch:aimd-qwen3.8-max-mixed-confirm-stage-1-2,conditional_on_prior_confirmation_failure,time_guard,qwen3.8-max,time_censored,load,2026-08-28T12:35:38.031921Z
mixed:confirmation_separator:in100000:out128:aimd-qwen3.8-max-mixed-separator-0,load_epoch:aimd-qwen3.8-max-mixed-separator-0,required,time_guard,qwen3.8-max,time_censored,load,2026-08-28T12:35:38.031921Z
mixed:confirmation_separator:in1024:out512:aimd-qwen3.8-max-mixed-separator-1,load_epoch:aimd-qwen3.8-max-mixed-separator-1,required,time_guard,qwen3.8-max,time_censored,load,2026-08-28T12:35:38.031921Z
mixed:confirmation_separator:in1024:out512:aimd-qwen3.8-max-mixed-separator-stage-1-0,load_epoch:aimd-qwen3.8-max-mixed-separator-stage-1-0,conditional_on_prior_confirmation_failure,time_guard,qwen3.8-max,time_censored,load,2026-08-28T12:35:38.031921Z
mixed:confirmation_separator:in256:out128:aimd-qwen3.8-max-mixed-separator-stage-1-1,load_epoch:aimd-qwen3.8-max-mixed-separator-stage-1-1,conditional_on_prior_confirmation_failure,time_guard,qwen3.8-max,time_censored,load,2026-08-28T12:35:38.031921Z
mixed:recovery_after_observed_overload:in1024:out512:aimd-qwen3.8-max-mixed-recovery,load_epoch:aimd-qwen3.8-max-mixed-recovery,conditional_on_overload,time_guard,qwen3.8-max,time_censored,load,2026-08-28T12:35:38.031921Z
short_long:aimd:in256:out4096:aimd-qwen3.8-max-short_long-000,load_epoch:aimd-qwen3.8-max-short_long-000,required,time_guard,qwen3.8-max,time_censored,load,2026-08-28T12:35:38.031921Z
short_long:aimd:in256:out4096:aimd-qwen3.8-max-short_long-001,load_epoch:aimd-qwen3.8-max-short_long-001,required,time_guard,qwen3.8-max,time_censored,load,2026-08-28T12:35:38.031921Z
short_long:aimd:in256:out4096:aimd-qwen3.8-max-short_long-002,load_epoch:aimd-qwen3.8-max-short_long-002,required,time_guard,qwen3.8-max,time_censored,load,2026-08-28T12:35:38.031921Z
short_long:aimd:in256:out4096:aimd-qwen3.8-max-short_long-003,load_epoch:aimd-qwen3.8-max-short_long-003,required,time_guard,qwen3.8-max,time_censored,load,2026-08-28T12:35:38.031921Z
short_long:aimd:in256:out4096:aimd-qwen3.8-max-short_long-004,load_epoch:aimd-qwen3.8-max-short_long-004,required,time_guard,qwen3.8-max,time_censored,load,2026-08-28T12:35:38.031921Z
short_long:aimd:in256:out4096:aimd-qwen3.8-max-short_long-005,load_epoch:aimd-qwen3.8-max-short_long-005,required,time_guard,qwen3.8-max,time_censored,load,2026-08-28T12:35:38.031921Z
short_long:aimd:in256:out4096:aimd-qwen3.8-max-short_long-006,load_epoch:aimd-qwen3.8-max-short_long-006,required,time_guard,qwen3.8-max,time_censored,load,2026-08-28T12:35:38.031921Z
short_long:aimd:in256:out4096:aimd-qwen3.8-max-short_long-007,load_epoch:aimd-qwen3.8-max-short_long-007,required,time_guard,qwen3.8-max,time_censored,load,2026-08-28T12:35:38.031921Z
short_long:aimd:in256:out4096:aimd-qwen3.8-max-short_long-008,load_epoch:aimd-qwen3.8-max-short_long-008,required,time_guard,qwen3.8-max,time_censored,load,2026-08-28T12:35:38.031921Z
short_long:baseline:in256:out4096:aimd-qwen3.8-max-short_long-baseline,load_epoch:aimd-qwen3.8-max-short_long-baseline,required,time_guard,qwen3.8-max,time_censored,load,2026-08-28T12:35:38.031921Z
short_long:baseline:in256:out4096:aimd-qwen3.8-max-short_long-baseline-attempt-1,load_epoch:aimd-qwen3.8-max-short_long-baseline-attempt-1,conditional_on_prior_baseline_failure,time_guard,qwen3.8-max,time_censored,load,2026-08-28T12:35:38.031921Z
short_long:baseline:in256:out4096:aimd-qwen3.8-max-short_long-baseline-attempt-2,load_epoch:aimd-qwen3.8-max-short_long-baseline-attempt-2,conditional_on_prior_baseline_failure,time_guard,qwen3.8-max,time_censored,load,2026-08-28T12:35:38.031921Z
short_long:confirmation:in256:out4096:aimd-qwen3.8-max-short_long-confirm-0,load_epoch:aimd-qwen3.8-max-short_long-confirm-0,required,time_guard,qwen3.8-max,time_censored,load,2026-08-28T12:35:38.031921Z
short_long:confirmation:in256:out4096:aimd-qwen3.8-max-short_long-confirm-1,load_epoch:aimd-qwen3.8-max-short_long-confirm-1,required,time_guard,qwen3.8-max,time_censored,load,2026-08-28T12:35:38.031921Z
short_long:confirmation:in256:out4096:aimd-qwen3.8-max-short_long-confirm-2,load_epoch:aimd-qwen3.8-max-short_long-confirm-2,required,time_guard,qwen3.8-max,time_censored,load,2026-08-28T12:35:38.031921Z
short_long:confirmation:in256:out4096:aimd-qwen3.8-max-short_long-confirm-stage-1-0,load_epoch:aimd-qwen3.8-max-short_long-confirm-stage-1-0,conditional_on_prior_confirmation_failure,time_guard,qwen3.8-max,time_censored,load,2026-08-28T12:35:38.031921Z
short_long:confirmation:in256:out4096:aimd-qwen3.8-max-short_long-confirm-stage-1-1,load_epoch:aimd-qwen3.8-max-short_long-confirm-stage-1-1,conditional_on_prior_confirmation_failure,time_guard,qwen3.8-max,time_censored,load,2026-08-28T12:35:38.031921Z
short_long:confirmation:in256:out4096:aimd-qwen3.8-max-short_long-confirm-stage-1-2,load_epoch:aimd-qwen3.8-max-short_long-confirm-stage-1-2,conditional_on_prior_confirmation_failure,time_guard,qwen3.8-max,time_censored,load,2026-08-28T12:35:38.031921Z
short_long:confirmation_separator:in256:out4096:aimd-qwen3.8-max-short_long-separator-0,load_epoch:aimd-qwen3.8-max-short_long-separator-0,required,time_guard,qwen3.8-max,time_censored,load,2026-08-28T12:35:38.031921Z
short_long:confirmation_separator:in256:out4096:aimd-qwen3.8-max-short_long-separator-1,load_epoch:aimd-qwen3.8-max-short_long-separator-1,required,time_guard,qwen3.8-max,time_censored,load,2026-08-28T12:35:38.031921Z
short_long:confirmation_separator:in256:out4096:aimd-qwen3.8-max-short_long-separator-stage-1-0,load_epoch:aimd-qwen3.8-max-short_long-separator-stage-1-0,conditional_on_prior_confirmation_failure,time_guard,qwen3.8-max,time_censored,load,2026-08-28T12:35:38.031921Z
short_long:confirmation_separator:in256:out4096:aimd-qwen3.8-max-short_long-separator-stage-1-1,load_epoch:aimd-qwen3.8-max-short_long-separator-stage-1-1,conditional_on_prior_confirmation_failure,time_guard,qwen3.8-max,time_censored,load,2026-08-28T12:35:38.031921Z
short_long:recovery_after_observed_overload:in256:out4096:aimd-qwen3.8-max-short_long-recovery,load_epoch:aimd-qwen3.8-max-short_long-recovery,conditional_on_overload,time_guard,qwen3.8-max,time_censored,load,2026-08-28T12:35:38.031921Z
short_short:aimd:in256:out128:aimd-qwen3.8-max-short_short-000,load_epoch:aimd-qwen3.8-max-short_short-000,required,time_guard,qwen3.8-max,time_censored,load,2026-08-28T12:35:38.031921Z
short_short:aimd:in256:out128:aimd-qwen3.8-max-short_short-001,load_epoch:aimd-qwen3.8-max-short_short-001,required,time_guard,qwen3.8-max,time_censored,load,2026-08-28T12:35:38.031921Z
short_short:aimd:in256:out128:aimd-qwen3.8-max-short_short-002,load_epoch:aimd-qwen3.8-max-short_short-002,required,time_guard,qwen3.8-max,time_censored,load,2026-08-28T12:35:38.031921Z
short_short:aimd:in256:out128:aimd-qwen3.8-max-short_short-003,load_epoch:aimd-qwen3.8-max-short_short-003,required,time_guard,qwen3.8-max,time_censored,load,2026-08-28T12:35:38.031921Z
short_short:aimd:in256:out128:aimd-qwen3.8-max-short_short-004,load_epoch:aimd-qwen3.8-max-short_short-004,required,time_guard,qwen3.8-max,time_censored,load,2026-08-28T12:35:38.031921Z
short_short:aimd:in256:out128:aimd-qwen3.8-max-short_short-005,load_epoch:aimd-qwen3.8-max-short_short-005,required,time_guard,qwen3.8-max,time_censored,load,2026-08-28T12:35:38.031921Z
short_short:aimd:in256:out128:aimd-qwen3.8-max-short_short-006,load_epoch:aimd-qwen3.8-max-short_short-006,required,time_guard,qwen3.8-max,time_censored,load,2026-08-28T12:35:38.031921Z
short_short:aimd:in256:out128:aimd-qwen3.8-max-short_short-007,load_epoch:aimd-qwen3.8-max-short_short-007,required,time_guard,qwen3.8-max,time_censored,load,2026-08-28T12:35:38.031921Z
short_short:aimd:in256:out128:aimd-qwen3.8-max-short_short-008,load_epoch:aimd-qwen3.8-max-short_short-008,required,time_guard,qwen3.8-max,time_censored,load,2026-08-28T12:35:38.031921Z
short_short:baseline:in256:out128:aimd-qwen3.8-max-short_short-baseline,load_epoch:aimd-qwen3.8-max-short_short-baseline,required,time_guard,qwen3.8-max,time_censored,load,2026-08-28T12:35:38.031921Z
short_short:baseline:in256:out128:aimd-qwen3.8-max-short_short-baseline-attempt-1,load_epoch:aimd-qwen3.8-max-short_short-baseline-attempt-1,conditional_on_prior_baseline_failure,time_guard,qwen3.8-max,time_censored,load,2026-08-28T12:35:38.031921Z
short_short:baseline:in256:out128:aimd-qwen3.8-max-short_short-baseline-attempt-2,load_epoch:aimd-qwen3.8-max-short_short-baseline-attempt-2,conditional_on_prior_baseline_failure,time_guard,qwen3.8-max,time_censored,load,2026-08-28T12:35:38.031921Z
short_short:confirmation:in256:out128:aimd-qwen3.8-max-short_short-confirm-0,load_epoch:aimd-qwen3.8-max-short_short-confirm-0,required,time_guard,qwen3.8-max,time_censored,load,2026-08-28T12:35:38.031921Z
short_short:confirmation:in256:out128:aimd-qwen3.8-max-short_short-confirm-1,load_epoch:aimd-qwen3.8-max-short_short-confirm-1,required,time_guard,qwen3.8-max,time_censored,load,2026-08-28T12:35:38.031921Z
short_short:confirmation:in256:out128:aimd-qwen3.8-max-short_short-confirm-2,load_epoch:aimd-qwen3.8-max-short_short-confirm-2,required,time_guard,qwen3.8-max,time_censored,load,2026-08-28T12:35:38.031921Z
short_short:confirmation:in256:out128:aimd-qwen3.8-max-short_short-confirm-stage-1-0,load_epoch:aimd-qwen3.8-max-short_short-confirm-stage-1-0,conditional_on_prior_confirmation_failure,time_guard,qwen3.8-max,time_censored,load,2026-08-28T12:35:38.031921Z
short_short:confirmation:in256:out128:aimd-qwen3.8-max-short_short-confirm-stage-1-1,load_epoch:aimd-qwen3.8-max-short_short-confirm-stage-1-1,conditional_on_prior_confirmation_failure,time_guard,qwen3.8-max,time_censored,load,2026-08-28T12:35:38.031921Z
short_short:confirmation:in256:out128:aimd-qwen3.8-max-short_short-confirm-stage-1-2,load_epoch:aimd-qwen3.8-max-short_short-confirm-stage-1-2,conditional_on_prior_confirmation_failure,time_guard,qwen3.8-max,time_censored,load,2026-08-28T12:35:38.031921Z
short_short:confirmation_separator:in256:out128:aimd-qwen3.8-max-short_short-separator-0,load_epoch:aimd-qwen3.8-max-short_short-separator-0,required,time_guard,qwen3.8-max,time_censored,load,2026-08-28T12:35:38.031921Z
short_short:confirmation_separator:in256:out128:aimd-qwen3.8-max-short_short-separator-1,load_epoch:aimd-qwen3.8-max-short_short-separator-1,required,time_guard,qwen3.8-max,time_censored,load,2026-08-28T12:35:38.031921Z
short_short:confirmation_separator:in256:out128:aimd-qwen3.8-max-short_short-separator-stage-1-0,load_epoch:aimd-qwen3.8-max-short_short-separator-stage-1-0,conditional_on_prior_confirmation_failure,time_guard,qwen3.8-max,time_censored,load,2026-08-28T12:35:38.031921Z
short_short:confirmation_separator:in256:out128:aimd-qwen3.8-max-short_short-separator-stage-1-1,load_epoch:aimd-qwen3.8-max-short_short-separator-stage-1-1,conditional_on_prior_confirmation_failure,time_guard,qwen3.8-max,time_censored,load,2026-08-28T12:35:38.031921Z
short_short:recovery_after_observed_overload:in256:out128:aimd-qwen3.8-max-short_short-recovery,load_epoch:aimd-qwen3.8-max-short_short-recovery,conditional_on_overload,time_guard,qwen3.8-max,time_censored,load,2026-08-28T12:35:38.031921Z
