achieved_rpm,achieved_rpm_ci95,candidate_completed_request_count,candidate_concurrency_ceiling_range,candidate_confirmation_epoch_ids,candidate_epoch_duration_seconds_range,candidate_rate_confirmation_epoch_count,candidate_rate_limit_count,candidate_realized_input_tokens_range,candidate_realized_output_tokens_range,candidate_request_row_count,candidate_requested_input_tokens_range,candidate_requested_output_target_range,candidate_scheduled_request_count,candidate_server_error_count,candidate_stream_modes,candidate_successful_request_count,candidate_timeout_count,capacity_claim,capacity_lower_bound_rpm,capacity_lower_bound_rps,capacity_metric_kind,capacity_upper_bound_rpm,capacity_upper_bound_rps,completed_rpm,completed_rpm_ci95,confirmed_healthy_offered_rpm,confirmed_healthy_offered_rps,confirmed_healthy_offered_upper_rpm,confirmed_healthy_offered_upper_rps,effective_input_tpm,effective_input_tpm_ci95,effective_output_tpm,effective_output_tpm_ci95,endpoint_id,epoch_count,healthy_epoch_count,highest_observed_healthy_rpm,highest_observed_healthy_rps,latency_p95_seconds,latency_p95_seconds_ci95,provenance_campaign_sha256s,provenance_capacity_bound_state,provenance_controller_state,provenance_source_id,right_censored,saturation_knee_rps,shape,source_id,tested_max_offered_rps,tested_min_offered_rps,ttft_p50_seconds,ttft_p50_seconds_ci95,valid_epoch_count,workload_input_target_tokens,workload_recipe_identity
,"{""bootstrap_replicates"":0,""ci95_high"":null,""ci95_low"":null,""estimate"":null,""n_units"":0,""qualified"":false,""sampling_unit"":""epoch_id""}",0,,[],,0,0,,,0,,,0,0,[],0,0,unconfirmed_healthy_observation_only,,,healthy_realized_offered_arrival_rate_over_short_confirmation_epochs; not_drain_inclusive_completed_goodput_or_sustained_capacity,,,,"{""bootstrap_replicates"":0,""ci95_high"":null,""ci95_low"":null,""estimate"":null,""n_units"":0,""qualified"":false,""sampling_unit"":""epoch_id""}",,,,,,"{""bootstrap_replicates"":0,""ci95_high"":null,""ci95_low"":null,""estimate"":null,""n_units"":0,""qualified"":false,""sampling_unit"":""epoch_id""}",,"{""bootstrap_replicates"":0,""ci95_high"":null,""ci95_low"":null,""estimate"":null,""n_units"":0,""qualified"":false,""sampling_unit"":""epoch_id""}",deepseek-v4-flash-0731,12,10,144.0,2.4,,"{""bootstrap_replicates"":0,""ci95_high"":null,""ci95_low"":null,""estimate"":null,""n_units"":0,""qualified"":false,""sampling_unit"":""epoch_id""}",,,,,False,,input32k_short,do-direct-aimd-20260823-final,2.4,0.4,,"{""bootstrap_replicates"":0,""ci95_high"":null,""ci95_low"":null,""estimate"":null,""n_units"":0,""qualified"":false,""sampling_unit"":""epoch_id""}",12,,
25.548286539746226,"{""bootstrap_replicates"":2000,""ci95_high"":27.28079392294698,""ci95_low"":23.976760741646114,""estimate"":25.548286539746226,""n_units"":3,""qualified"":true,""sampling_unit"":""epoch_id""}",24,,"[""do-epoch-486cbdc7a5a7d76bb8b6"",""do-epoch-d18b63fd21e6041537cd"",""do-epoch-f3d0bc48a5439f8db47b""]","[17.594795860990416,20.019384818995604]",3,0,"[28.0,2722.0]","[4.0,1024.0]",24,,"[1024.0,1024.0]",24,0,"[""streamed""]",24,0,confirmed_right_censored_lower_bound,96.0,1.6,healthy_realized_offered_arrival_rate_over_short_confirmation_epochs; not_drain_inclusive_completed_goodput_or_sustained_capacity,,,25.548286539746226,"{""bootstrap_replicates"":2000,""ci95_high"":27.28079392294698,""ci95_low"":23.976760741646114,""estimate"":25.548286539746226,""n_units"":3,""qualified"":true,""sampling_unit"":""epoch_id""}",96.0,1.6,,,19046.798287577694,"{""bootstrap_replicates"":2000,""ci95_high"":20351.472266518445,""ci95_low"":17862.686752526355,""estimate"":19046.798287577694,""n_units"":3,""qualified"":true,""sampling_unit"":""epoch_id""}",6969.431853462571,"{""bootstrap_replicates"":2000,""ci95_high"":7444.246641724156,""ci95_low"":6539.661492283977,""estimate"":6969.431853462571,""n_units"":3,""qualified"":true,""sampling_unit"":""epoch_id""}",deepseek-v4-flash-0731,12,11,192.0,3.2,14.218333454619762,"{""bootstrap_replicates"":2000,""ci95_high"":14.816526017345312,""ci95_low"":13.751856181645415,""estimate"":14.218333454619762,""n_units"":3,""qualified"":true,""sampling_unit"":""epoch_id""}",,,,,True,,mixed,do-direct-aimd-20260823-final,3.2,0.2933183431856503,0.4545878863330775,"{""bootstrap_replicates"":2000,""ci95_high"":0.5207698739977786,""ci95_low"":0.4191814314981457,""estimate"":0.4545878863330775,""n_units"":3,""qualified"":true,""sampling_unit"":""epoch_id""}",12,,
14.986128332638886,"{""bootstrap_replicates"":2000,""ci95_high"":15.160661030364466,""ci95_low"":14.695897551771273,""estimate"":14.986128332638886,""n_units"":3,""qualified"":true,""sampling_unit"":""epoch_id""}",24,,"[""do-epoch-0dd75c05a0e60f3a07fc"",""do-epoch-b2dacc15c4e5331e3db6"",""do-epoch-c6838892419f625f51d1""]","[31.660888601007173,32.662176523008384]",3,0,"[57.0,58.0]","[2048.0,2048.0]",24,,"[2048.0,2048.0]",24,0,"[""streamed""]",24,0,confirmed_right_censored_lower_bound,96.0,1.6,healthy_realized_offered_arrival_rate_over_short_confirmation_epochs; not_drain_inclusive_completed_goodput_or_sustained_capacity,,,14.986128332638886,"{""bootstrap_replicates"":2000,""ci95_high"":15.160661030364466,""ci95_low"":14.695897551771273,""estimate"":14.986128332638886,""n_units"":3,""qualified"":true,""sampling_unit"":""epoch_id""}",96.0,1.6,,,854.8216440250736,"{""bootstrap_replicates"":2000,""ci95_high"":864.1576787307746,""ci95_low"":839.5031476449338,""estimate"":854.8216440250736,""n_units"":3,""qualified"":true,""sampling_unit"":""epoch_id""}",30691.59082524444,"{""bootstrap_replicates"":2000,""ci95_high"":31049.033790186426,""ci95_low"":30097.198186027566,""estimate"":30691.59082524444,""n_units"":3,""qualified"":true,""sampling_unit"":""epoch_id""}",deepseek-v4-flash-0731,10,10,96.0,1.6,27.586506306671073,"{""bootstrap_replicates"":2000,""ci95_high"":28.079484293062706,""ci95_low"":27.1837212282524,""estimate"":27.586506306671073,""n_units"":3,""qualified"":true,""sampling_unit"":""epoch_id""}",,,,,True,,short_long,do-direct-aimd-20260823-final,1.6,0.03717475061706562,0.4374058286678822,"{""bootstrap_replicates"":2000,""ci95_high"":0.4695396585011622,""ci95_low"":0.40698938400601037,""estimate"":0.4374058286678822,""n_units"":3,""qualified"":true,""sampling_unit"":""epoch_id""}",10,,
,"{""bootstrap_replicates"":0,""ci95_high"":null,""ci95_low"":null,""estimate"":null,""n_units"":0,""qualified"":false,""sampling_unit"":""epoch_id""}",0,,[],,0,0,,,0,,,0,0,[],0,0,unconfirmed_healthy_observation_only,,,healthy_realized_offered_arrival_rate_over_short_confirmation_epochs; not_drain_inclusive_completed_goodput_or_sustained_capacity,,,,"{""bootstrap_replicates"":0,""ci95_high"":null,""ci95_low"":null,""estimate"":null,""n_units"":0,""qualified"":false,""sampling_unit"":""epoch_id""}",,,,,,"{""bootstrap_replicates"":0,""ci95_high"":null,""ci95_low"":null,""estimate"":null,""n_units"":0,""qualified"":false,""sampling_unit"":""epoch_id""}",,"{""bootstrap_replicates"":0,""ci95_high"":null,""ci95_low"":null,""estimate"":null,""n_units"":0,""qualified"":false,""sampling_unit"":""epoch_id""}",deepseek-v4-flash-0731,14,11,1920.0,32.0,,"{""bootstrap_replicates"":0,""ci95_high"":null,""ci95_low"":null,""estimate"":null,""n_units"":0,""qualified"":false,""sampling_unit"":""epoch_id""}",,,,,False,,short_short,do-direct-aimd-20260823-final,32.0,1.2504164511858404,,"{""bootstrap_replicates"":0,""ci95_high"":null,""ci95_low"":null,""estimate"":null,""n_units"":0,""qualified"":false,""sampling_unit"":""epoch_id""}",14,,
,"{""bootstrap_replicates"":0,""ci95_high"":null,""ci95_low"":null,""estimate"":null,""n_units"":0,""qualified"":false,""sampling_unit"":""epoch_id""}",0,,[],,0,0,,,0,,,0,0,[],0,0,unconfirmed_healthy_observation_only,,,healthy_realized_offered_arrival_rate_over_short_confirmation_epochs; not_drain_inclusive_completed_goodput_or_sustained_capacity,,,,"{""bootstrap_replicates"":0,""ci95_high"":null,""ci95_low"":null,""estimate"":null,""n_units"":0,""qualified"":false,""sampling_unit"":""epoch_id""}",,,,,,"{""bootstrap_replicates"":0,""ci95_high"":null,""ci95_low"":null,""estimate"":null,""n_units"":0,""qualified"":false,""sampling_unit"":""epoch_id""}",,"{""bootstrap_replicates"":0,""ci95_high"":null,""ci95_low"":null,""estimate"":null,""n_units"":0,""qualified"":false,""sampling_unit"":""epoch_id""}",gemma-4-31B-it,14,7,48.0,0.8,,"{""bootstrap_replicates"":0,""ci95_high"":null,""ci95_low"":null,""estimate"":null,""n_units"":0,""qualified"":false,""sampling_unit"":""epoch_id""}",,,,,False,1.6,input32k_short,do-direct-aimd-20260823-final,2.14449658286469,0.08005538026275597,,"{""bootstrap_replicates"":0,""ci95_high"":null,""ci95_low"":null,""estimate"":null,""n_units"":0,""qualified"":false,""sampling_unit"":""epoch_id""}",14,,
,"{""bootstrap_replicates"":0,""ci95_high"":null,""ci95_low"":null,""estimate"":null,""n_units"":0,""qualified"":false,""sampling_unit"":""epoch_id""}",0,,[],,0,0,,,0,,,0,0,[],0,0,unconfirmed_healthy_observation_only,,,healthy_realized_offered_arrival_rate_over_short_confirmation_epochs; not_drain_inclusive_completed_goodput_or_sustained_capacity,,,,"{""bootstrap_replicates"":0,""ci95_high"":null,""ci95_low"":null,""estimate"":null,""n_units"":0,""qualified"":false,""sampling_unit"":""epoch_id""}",,,,,,"{""bootstrap_replicates"":0,""ci95_high"":null,""ci95_low"":null,""estimate"":null,""n_units"":0,""qualified"":false,""sampling_unit"":""epoch_id""}",,"{""bootstrap_replicates"":0,""ci95_high"":null,""ci95_low"":null,""estimate"":null,""n_units"":0,""qualified"":false,""sampling_unit"":""epoch_id""}",gemma-4-31B-it,12,9,96.0,1.6,,"{""bootstrap_replicates"":0,""ci95_high"":null,""ci95_low"":null,""estimate"":null,""n_units"":0,""qualified"":false,""sampling_unit"":""epoch_id""}",,,,,False,0.8,mixed,do-direct-aimd-20260823-final,1.6,0.19184607178810123,,"{""bootstrap_replicates"":0,""ci95_high"":null,""ci95_low"":null,""estimate"":null,""n_units"":0,""qualified"":false,""sampling_unit"":""epoch_id""}",12,,
,"{""bootstrap_replicates"":0,""ci95_high"":null,""ci95_low"":null,""estimate"":null,""n_units"":0,""qualified"":false,""sampling_unit"":""epoch_id""}",0,,[],,0,0,,,0,,,0,0,[],0,0,unconfirmed_healthy_observation_only,,,healthy_realized_offered_arrival_rate_over_short_confirmation_epochs; not_drain_inclusive_completed_goodput_or_sustained_capacity,,,,"{""bootstrap_replicates"":0,""ci95_high"":null,""ci95_low"":null,""estimate"":null,""n_units"":0,""qualified"":false,""sampling_unit"":""epoch_id""}",,,,,,"{""bootstrap_replicates"":0,""ci95_high"":null,""ci95_low"":null,""estimate"":null,""n_units"":0,""qualified"":false,""sampling_unit"":""epoch_id""}",,"{""bootstrap_replicates"":0,""ci95_high"":null,""ci95_low"":null,""estimate"":null,""n_units"":0,""qualified"":false,""sampling_unit"":""epoch_id""}",gemma-4-31B-it,10,9,96.0,1.6,,"{""bootstrap_replicates"":0,""ci95_high"":null,""ci95_low"":null,""estimate"":null,""n_units"":0,""qualified"":false,""sampling_unit"":""epoch_id""}",,,,,False,,short_long,do-direct-aimd-20260823-final,1.6,0.2695418503927088,,"{""bootstrap_replicates"":0,""ci95_high"":null,""ci95_low"":null,""estimate"":null,""n_units"":0,""qualified"":false,""sampling_unit"":""epoch_id""}",10,,
,"{""bootstrap_replicates"":0,""ci95_high"":null,""ci95_low"":null,""estimate"":null,""n_units"":0,""qualified"":false,""sampling_unit"":""epoch_id""}",0,,[],,0,0,,,0,,,0,0,[],0,0,unconfirmed_healthy_observation_only,,,healthy_realized_offered_arrival_rate_over_short_confirmation_epochs; not_drain_inclusive_completed_goodput_or_sustained_capacity,,,,"{""bootstrap_replicates"":0,""ci95_high"":null,""ci95_low"":null,""estimate"":null,""n_units"":0,""qualified"":false,""sampling_unit"":""epoch_id""}",,,,,,"{""bootstrap_replicates"":0,""ci95_high"":null,""ci95_low"":null,""estimate"":null,""n_units"":0,""qualified"":false,""sampling_unit"":""epoch_id""}",,"{""bootstrap_replicates"":0,""ci95_high"":null,""ci95_low"":null,""estimate"":null,""n_units"":0,""qualified"":false,""sampling_unit"":""epoch_id""}",gemma-4-31B-it,9,2,118.24359031311924,1.970726505218654,,"{""bootstrap_replicates"":0,""ci95_high"":null,""ci95_low"":null,""estimate"":null,""n_units"":0,""qualified"":false,""sampling_unit"":""epoch_id""}",,,,,False,2.0,short_short,do-direct-aimd-20260823-final,2.0,0.333804496488556,,"{""bootstrap_replicates"":0,""ci95_high"":null,""ci95_low"":null,""estimate"":null,""n_units"":0,""qualified"":false,""sampling_unit"":""epoch_id""}",9,,
,"{""bootstrap_replicates"":0,""ci95_high"":null,""ci95_low"":null,""estimate"":null,""n_units"":0,""qualified"":false,""sampling_unit"":""epoch_id""}",0,,[],,0,0,,,0,,,0,0,[],0,0,unconfirmed_healthy_observation_only,,,healthy_realized_offered_arrival_rate_over_short_confirmation_epochs; not_drain_inclusive_completed_goodput_or_sustained_capacity,,,,"{""bootstrap_replicates"":0,""ci95_high"":null,""ci95_low"":null,""estimate"":null,""n_units"":0,""qualified"":false,""sampling_unit"":""epoch_id""}",,,,,,"{""bootstrap_replicates"":0,""ci95_high"":null,""ci95_low"":null,""estimate"":null,""n_units"":0,""qualified"":false,""sampling_unit"":""epoch_id""}",,"{""bootstrap_replicates"":0,""ci95_high"":null,""ci95_low"":null,""estimate"":null,""n_units"":0,""qualified"":false,""sampling_unit"":""epoch_id""}",glm-5.2,14,9,96.0,1.6,,"{""bootstrap_replicates"":0,""ci95_high"":null,""ci95_low"":null,""estimate"":null,""n_units"":0,""qualified"":false,""sampling_unit"":""epoch_id""}",,,,,False,2.4,input32k_short,do-direct-aimd-20260823-final,2.4,0.398601236987821,,"{""bootstrap_replicates"":0,""ci95_high"":null,""ci95_low"":null,""estimate"":null,""n_units"":0,""qualified"":false,""sampling_unit"":""epoch_id""}",14,,
,"{""bootstrap_replicates"":0,""ci95_high"":null,""ci95_low"":null,""estimate"":null,""n_units"":0,""qualified"":false,""sampling_unit"":""epoch_id""}",0,,[],,0,0,,,0,,,0,0,[],0,0,unconfirmed_healthy_observation_only,,,healthy_realized_offered_arrival_rate_over_short_confirmation_epochs; not_drain_inclusive_completed_goodput_or_sustained_capacity,,,,"{""bootstrap_replicates"":0,""ci95_high"":null,""ci95_low"":null,""estimate"":null,""n_units"":0,""qualified"":false,""sampling_unit"":""epoch_id""}",,,,,,"{""bootstrap_replicates"":0,""ci95_high"":null,""ci95_low"":null,""estimate"":null,""n_units"":0,""qualified"":false,""sampling_unit"":""epoch_id""}",,"{""bootstrap_replicates"":0,""ci95_high"":null,""ci95_low"":null,""estimate"":null,""n_units"":0,""qualified"":false,""sampling_unit"":""epoch_id""}",glm-5.2,11,7,84.23001235216674,1.403833539202779,,"{""bootstrap_replicates"":0,""ci95_high"":null,""ci95_low"":null,""estimate"":null,""n_units"":0,""qualified"":false,""sampling_unit"":""epoch_id""}",,,,,False,0.4,mixed,do-direct-aimd-20260823-final,1.403833539202779,0.2,,"{""bootstrap_replicates"":0,""ci95_high"":null,""ci95_low"":null,""estimate"":null,""n_units"":0,""qualified"":false,""sampling_unit"":""epoch_id""}",11,,
17.800798161929173,"{""bootstrap_replicates"":2000,""ci95_high"":22.791381430009125,""ci95_low"":12.921171658455497,""estimate"":17.800798161929173,""n_units"":3,""qualified"":true,""sampling_unit"":""epoch_id""}",24,,"[""do-epoch-6af8bd07a0c867464f1e"",""do-epoch-8c8635be078c91c62a17"",""do-epoch-fab0238224f223cb8d38""]","[21.06059263998759,37.148333965975326]",3,0,"[64.0,67.0]","[2048.0,2048.0]",24,,"[2048.0,2048.0]",24,0,"[""streamed""]",24,0,confirmed_right_censored_lower_bound,96.0,1.6,healthy_realized_offered_arrival_rate_over_short_confirmation_epochs; not_drain_inclusive_completed_goodput_or_sustained_capacity,,,17.800798161929173,"{""bootstrap_replicates"":2000,""ci95_high"":22.791381430009125,""ci95_low"":12.921171658455497,""estimate"":17.800798161929173,""n_units"":3,""qualified"":true,""sampling_unit"":""epoch_id""}",96.0,1.6,,,889.7422183725029,"{""bootstrap_replicates"":2000,""ci95_high"":942.9934066666275,""ci95_low"":852.7973294580628,""estimate"":889.7422183725029,""n_units"":3,""qualified"":true,""sampling_unit"":""epoch_id""}",27602.3747244055,"{""bootstrap_replicates"":2000,""ci95_high"":29172.968230411683,""ci95_low"":26462.55955651686,""estimate"":27602.3747244055,""n_units"":3,""qualified"":true,""sampling_unit"":""epoch_id""}",glm-5.2,10,9,96.0,1.6,25.160765708865558,"{""bootstrap_replicates"":2000,""ci95_high"":32.57224348289746,""ci95_low"":19.800221141001384,""estimate"":25.160765708865558,""n_units"":3,""qualified"":true,""sampling_unit"":""epoch_id""}",,,,,True,,short_long,do-direct-aimd-20260823-final,1.6,0.036459271409694634,0.5169614318341095,"{""bootstrap_replicates"":2000,""ci95_high"":0.5724314710096223,""ci95_low"":0.4786527539836243,""estimate"":0.5169614318341095,""n_units"":3,""qualified"":true,""sampling_unit"":""epoch_id""}",10,,
,"{""bootstrap_replicates"":0,""ci95_high"":null,""ci95_low"":null,""estimate"":null,""n_units"":0,""qualified"":false,""sampling_unit"":""epoch_id""}",0,,[],,0,0,,,0,,,0,0,[],0,0,unconfirmed_healthy_observation_only,,,healthy_realized_offered_arrival_rate_over_short_confirmation_epochs; not_drain_inclusive_completed_goodput_or_sustained_capacity,,,,"{""bootstrap_replicates"":0,""ci95_high"":null,""ci95_low"":null,""estimate"":null,""n_units"":0,""qualified"":false,""sampling_unit"":""epoch_id""}",,,,,,"{""bootstrap_replicates"":0,""ci95_high"":null,""ci95_low"":null,""estimate"":null,""n_units"":0,""qualified"":false,""sampling_unit"":""epoch_id""}",,"{""bootstrap_replicates"":0,""ci95_high"":null,""ci95_low"":null,""estimate"":null,""n_units"":0,""qualified"":false,""sampling_unit"":""epoch_id""}",glm-5.2,9,2,85.29739712043408,1.4216232853405681,,"{""bootstrap_replicates"":0,""ci95_high"":null,""ci95_low"":null,""estimate"":null,""n_units"":0,""qualified"":false,""sampling_unit"":""epoch_id""}",,,,,False,2.0,short_short,do-direct-aimd-20260823-final,2.0,0.6238627488965409,,"{""bootstrap_replicates"":0,""ci95_high"":null,""ci95_low"":null,""estimate"":null,""n_units"":0,""qualified"":false,""sampling_unit"":""epoch_id""}",9,,
83.67931922936019,"{""bootstrap_replicates"":2000,""ci95_high"":87.93080914370303,""ci95_low"":78.81058183712845,""estimate"":83.67931922936019,""n_units"":3,""qualified"":true,""sampling_unit"":""epoch_id""}",36,,"[""do-epoch-156f05f151e065394d73"",""do-epoch-2853d414420fe1cb60d4"",""do-epoch-5fa405de9a8bc7e8dc37""]","[8.188256277993787,9.135829011996975]",3,0,"[20339.0,20340.0]","[45.0,64.0]",36,,"[64.0,64.0]",36,0,"[""streamed""]",36,0,confirmed_right_censored_lower_bound,144.0,2.4,healthy_realized_offered_arrival_rate_over_short_confirmation_epochs; not_drain_inclusive_completed_goodput_or_sustained_capacity,,,83.67931922936019,"{""bootstrap_replicates"":2000,""ci95_high"":87.93080914370303,""ci95_low"":78.81058183712845,""estimate"":83.67931922936019,""n_units"":3,""qualified"":true,""sampling_unit"":""epoch_id""}",144.0,2.4,,,1701963.1905562144,"{""bootstrap_replicates"":2000,""ci95_high"":1788446.709876062,""ci95_low"":1602934.9915338422,""estimate"":1701963.1905562144,""n_units"":3,""qualified"":true,""sampling_unit"":""epoch_id""}",5310.9865760280045,"{""bootstrap_replicates"":2000,""ci95_high"":5627.571785196994,""ci95_low"":5043.877237576221,""estimate"":5310.9865760280045,""n_units"":3,""qualified"":true,""sampling_unit"":""epoch_id""}",kimi-k3,12,12,144.0,2.4,5.787843851795575,"{""bootstrap_replicates"":2000,""ci95_high"":6.0835445919030455,""ci95_low"":5.242995384433016,""estimate"":5.787843851795575,""n_units"":3,""qualified"":true,""sampling_unit"":""epoch_id""}",,,,,True,,input32k_short,do-direct-aimd-20260823-final,2.4,0.07245672160002425,1.7260250581603032,"{""bootstrap_replicates"":2000,""ci95_high"":1.7801881674968172,""ci95_low"":1.6379687134904088,""estimate"":1.7260250581603032,""n_units"":3,""qualified"":true,""sampling_unit"":""epoch_id""}",12,,
26.600716010628858,"{""bootstrap_replicates"":2000,""ci95_high"":27.988119746368188,""ci95_low"":24.97102700111778,""estimate"":26.600716010628858,""n_units"":3,""qualified"":true,""sampling_unit"":""epoch_id""}",48,,"[""do-epoch-1d4e8ace99b56620bbec"",""do-epoch-c2d03456338ec1b0026b"",""do-epoch-eaf35019cc6596300e35""]","[34.30026771000121,38.444554160989355]",3,0,"[111.0,2669.0]","[37.0,1024.0]",48,,"[1024.0,1024.0]",48,0,"[""streamed""]",48,0,confirmed_right_censored_lower_bound,192.0,3.2,healthy_realized_offered_arrival_rate_over_short_confirmation_epochs; not_drain_inclusive_completed_goodput_or_sustained_capacity,,,26.600716010628858,"{""bootstrap_replicates"":2000,""ci95_high"":27.988119746368188,""ci95_low"":24.97102700111778,""estimate"":26.600716010628858,""n_units"":3,""qualified"":true,""sampling_unit"":""epoch_id""}",192.0,3.2,,,16573.782907174726,"{""bootstrap_replicates"":2000,""ci95_high"":17434.849344503236,""ci95_low"":15561.631889259086,""estimate"":16573.782907174726,""n_units"":3,""qualified"":true,""sampling_unit"":""epoch_id""}",7501.67309318369,"{""bootstrap_replicates"":2000,""ci95_high"":8093.814379152852,""ci95_low"":6916.974479309625,""estimate"":7501.67309318369,""n_units"":3,""qualified"":true,""sampling_unit"":""epoch_id""}",kimi-k3,10,10,192.0,3.2,31.33527689266096,"{""bootstrap_replicates"":2000,""ci95_high"":32.01951397400262,""ci95_low"":30.35872769774869,""estimate"":31.33527689266096,""n_units"":3,""qualified"":true,""sampling_unit"":""epoch_id""}",,,,,True,,mixed,do-direct-aimd-20260823-final,3.2,0.09010069876070143,0.9563139878300717,"{""bootstrap_replicates"":2000,""ci95_high"":1.006760481497622,""ci95_low"":0.9135369470022852,""estimate"":0.9563139878300717,""n_units"":3,""qualified"":true,""sampling_unit"":""epoch_id""}",10,,
6.065245506930913,"{""bootstrap_replicates"":2000,""ci95_high"":6.494840105332062,""ci95_low"":5.595113211309549,""estimate"":6.065245506930913,""n_units"":3,""qualified"":true,""sampling_unit"":""epoch_id""}",24,,"[""do-epoch-30d3593eac46224cedf3"",""do-epoch-4f4208ac3ae9173b7c4e"",""do-epoch-6ba877e72b9b6999c7e1""]","[73.90482170699397,85.78914882897516]",3,0,"[139.0,140.0]","[2048.0,2048.0]",24,,"[2048.0,2048.0]",24,0,"[""streamed""]",24,0,confirmed_right_censored_lower_bound,96.0,1.6,healthy_realized_offered_arrival_rate_over_short_confirmation_epochs; not_drain_inclusive_completed_goodput_or_sustained_capacity,,,6.065245506930913,"{""bootstrap_replicates"":2000,""ci95_high"":6.494840105332062,""ci95_low"":5.595113211309549,""estimate"":6.065245506930913,""n_units"":3,""qualified"":true,""sampling_unit"":""epoch_id""}",96.0,1.6,,,805.6863062371534,"{""bootstrap_replicates"":2000,""ci95_high"":848.7038653770069,""ci95_low"":778.4201255234408,""estimate"":805.6863062371534,""n_units"":3,""qualified"":true,""sampling_unit"":""epoch_id""}",11867.396442539508,"{""bootstrap_replicates"":2000,""ci95_high"":12504.64400210151,""ci95_low"":11458.791856761954,""estimate"":11867.396442539508,""n_units"":3,""qualified"":true,""sampling_unit"":""epoch_id""}",kimi-k3,10,10,96.0,1.6,77.59461354311304,"{""bootstrap_replicates"":2000,""ci95_high"":85.31503113944636,""ci95_low"":72.17558670689905,""estimate"":77.59461354311304,""n_units"":3,""qualified"":true,""sampling_unit"":""epoch_id""}",,,,,True,,short_long,do-direct-aimd-20260823-final,1.6,0.014639708849953902,0.8800349823286524,"{""bootstrap_replicates"":2000,""ci95_high"":0.9348132639861433,""ci95_low"":0.7996101105090929,""estimate"":0.8800349823286524,""n_units"":3,""qualified"":true,""sampling_unit"":""epoch_id""}",10,,
,"{""bootstrap_replicates"":0,""ci95_high"":null,""ci95_low"":null,""estimate"":null,""n_units"":0,""qualified"":false,""sampling_unit"":""epoch_id""}",0,,[],,0,0,,,0,,,0,0,[],0,0,unconfirmed_healthy_observation_only,,,healthy_realized_offered_arrival_rate_over_short_confirmation_epochs; not_drain_inclusive_completed_goodput_or_sustained_capacity,,,,"{""bootstrap_replicates"":0,""ci95_high"":null,""ci95_low"":null,""estimate"":null,""n_units"":0,""qualified"":false,""sampling_unit"":""epoch_id""}",,,,,,"{""bootstrap_replicates"":0,""ci95_high"":null,""ci95_low"":null,""estimate"":null,""n_units"":0,""qualified"":false,""sampling_unit"":""epoch_id""}",,"{""bootstrap_replicates"":0,""ci95_high"":null,""ci95_low"":null,""estimate"":null,""n_units"":0,""qualified"":false,""sampling_unit"":""epoch_id""}",kimi-k3,13,8,240.0,4.0,,"{""bootstrap_replicates"":0,""ci95_high"":null,""ci95_low"":null,""estimate"":null,""n_units"":0,""qualified"":false,""sampling_unit"":""epoch_id""}",,,,,False,4.0,short_short,do-direct-aimd-20260823-final,4.0,0.3476684997694881,,"{""bootstrap_replicates"":0,""ci95_high"":null,""ci95_low"":null,""estimate"":null,""n_units"":0,""qualified"":false,""sampling_unit"":""epoch_id""}",13,,
,"{""bootstrap_replicates"":0,""ci95_high"":null,""ci95_low"":null,""estimate"":null,""n_units"":0,""qualified"":false,""sampling_unit"":""epoch_id""}",0,,[],,0,0,,,0,,,0,0,[],0,0,unconfirmed_healthy_observation_only,,,healthy_realized_offered_arrival_rate_over_short_confirmation_epochs; not_drain_inclusive_completed_goodput_or_sustained_capacity,,,,"{""bootstrap_replicates"":0,""ci95_high"":null,""ci95_low"":null,""estimate"":null,""n_units"":0,""qualified"":false,""sampling_unit"":""epoch_id""}",,,,,,"{""bootstrap_replicates"":0,""ci95_high"":null,""ci95_low"":null,""estimate"":null,""n_units"":0,""qualified"":false,""sampling_unit"":""epoch_id""}",,"{""bootstrap_replicates"":0,""ci95_high"":null,""ci95_low"":null,""estimate"":null,""n_units"":0,""qualified"":false,""sampling_unit"":""epoch_id""}",mimo-v2.5-pro,13,9,96.0,1.6,,"{""bootstrap_replicates"":0,""ci95_high"":null,""ci95_low"":null,""estimate"":null,""n_units"":0,""qualified"":false,""sampling_unit"":""epoch_id""}",,,,,False,1.6,input32k_short,do-direct-aimd-20260823-final,1.6,0.22765464183830905,,"{""bootstrap_replicates"":0,""ci95_high"":null,""ci95_low"":null,""estimate"":null,""n_units"":0,""qualified"":false,""sampling_unit"":""epoch_id""}",13,,
,"{""bootstrap_replicates"":0,""ci95_high"":null,""ci95_low"":null,""estimate"":null,""n_units"":0,""qualified"":false,""sampling_unit"":""epoch_id""}",0,,[],,0,0,,,0,,,0,0,[],0,0,unconfirmed_healthy_observation_only,,,healthy_realized_offered_arrival_rate_over_short_confirmation_epochs; not_drain_inclusive_completed_goodput_or_sustained_capacity,,,,"{""bootstrap_replicates"":0,""ci95_high"":null,""ci95_low"":null,""estimate"":null,""n_units"":0,""qualified"":false,""sampling_unit"":""epoch_id""}",,,,,,"{""bootstrap_replicates"":0,""ci95_high"":null,""ci95_low"":null,""estimate"":null,""n_units"":0,""qualified"":false,""sampling_unit"":""epoch_id""}",,"{""bootstrap_replicates"":0,""ci95_high"":null,""ci95_low"":null,""estimate"":null,""n_units"":0,""qualified"":false,""sampling_unit"":""epoch_id""}",mimo-v2.5-pro,11,4,14.135277987758576,0.23558796646264293,,"{""bootstrap_replicates"":0,""ci95_high"":null,""ci95_low"":null,""estimate"":null,""n_units"":0,""qualified"":false,""sampling_unit"":""epoch_id""}",,,,,False,0.4,mixed,do-direct-aimd-20260823-final,0.4,0.07973908992770289,,"{""bootstrap_replicates"":0,""ci95_high"":null,""ci95_low"":null,""estimate"":null,""n_units"":0,""qualified"":false,""sampling_unit"":""epoch_id""}",11,,
,"{""bootstrap_replicates"":0,""ci95_high"":null,""ci95_low"":null,""estimate"":null,""n_units"":0,""qualified"":false,""sampling_unit"":""epoch_id""}",0,,[],,0,0,,,0,,,0,0,[],0,0,unconfirmed_healthy_observation_only,,,healthy_realized_offered_arrival_rate_over_short_confirmation_epochs; not_drain_inclusive_completed_goodput_or_sustained_capacity,,,,"{""bootstrap_replicates"":0,""ci95_high"":null,""ci95_low"":null,""estimate"":null,""n_units"":0,""qualified"":false,""sampling_unit"":""epoch_id""}",,,,,,"{""bootstrap_replicates"":0,""ci95_high"":null,""ci95_low"":null,""estimate"":null,""n_units"":0,""qualified"":false,""sampling_unit"":""epoch_id""}",,"{""bootstrap_replicates"":0,""ci95_high"":null,""ci95_low"":null,""estimate"":null,""n_units"":0,""qualified"":false,""sampling_unit"":""epoch_id""}",mimo-v2.5-pro,9,3,24.0,0.4,,"{""bootstrap_replicates"":0,""ci95_high"":null,""ci95_low"":null,""estimate"":null,""n_units"":0,""qualified"":false,""sampling_unit"":""epoch_id""}",,,,,False,0.4,short_long,do-direct-aimd-20260823-final,0.4,0.06491695430626573,,"{""bootstrap_replicates"":0,""ci95_high"":null,""ci95_low"":null,""estimate"":null,""n_units"":0,""qualified"":false,""sampling_unit"":""epoch_id""}",9,,
,"{""bootstrap_replicates"":0,""ci95_high"":null,""ci95_low"":null,""estimate"":null,""n_units"":0,""qualified"":false,""sampling_unit"":""epoch_id""}",0,,[],,0,0,,,0,,,0,0,[],0,0,unconfirmed_healthy_observation_only,,,healthy_realized_offered_arrival_rate_over_short_confirmation_epochs; not_drain_inclusive_completed_goodput_or_sustained_capacity,,,,"{""bootstrap_replicates"":0,""ci95_high"":null,""ci95_low"":null,""estimate"":null,""n_units"":0,""qualified"":false,""sampling_unit"":""epoch_id""}",,,,,,"{""bootstrap_replicates"":0,""ci95_high"":null,""ci95_low"":null,""estimate"":null,""n_units"":0,""qualified"":false,""sampling_unit"":""epoch_id""}",,"{""bootstrap_replicates"":0,""ci95_high"":null,""ci95_low"":null,""estimate"":null,""n_units"":0,""qualified"":false,""sampling_unit"":""epoch_id""}",mimo-v2.5-pro,11,6,120.0,2.0,,"{""bootstrap_replicates"":0,""ci95_high"":null,""ci95_low"":null,""estimate"":null,""n_units"":0,""qualified"":false,""sampling_unit"":""epoch_id""}",,,,,False,2.0,short_short,do-direct-aimd-20260823-final,2.0,0.14098163311522172,,"{""bootstrap_replicates"":0,""ci95_high"":null,""ci95_low"":null,""estimate"":null,""n_units"":0,""qualified"":false,""sampling_unit"":""epoch_id""}",11,,
,"{""bootstrap_replicates"":0,""ci95_high"":null,""ci95_low"":null,""estimate"":null,""n_units"":0,""qualified"":false,""sampling_unit"":""epoch_id""}",0,,[],,0,0,,,0,,,0,0,[],0,0,unconfirmed_healthy_observation_only,,,healthy_realized_offered_arrival_rate_over_short_confirmation_epochs; not_drain_inclusive_completed_goodput_or_sustained_capacity,,,,"{""bootstrap_replicates"":0,""ci95_high"":null,""ci95_low"":null,""estimate"":null,""n_units"":0,""qualified"":false,""sampling_unit"":""epoch_id""}",,,,,,"{""bootstrap_replicates"":0,""ci95_high"":null,""ci95_low"":null,""estimate"":null,""n_units"":0,""qualified"":false,""sampling_unit"":""epoch_id""}",,"{""bootstrap_replicates"":0,""ci95_high"":null,""ci95_low"":null,""estimate"":null,""n_units"":0,""qualified"":false,""sampling_unit"":""epoch_id""}",minimax-m2.5,13,9,48.0,0.8,,"{""bootstrap_replicates"":0,""ci95_high"":null,""ci95_low"":null,""estimate"":null,""n_units"":0,""qualified"":false,""sampling_unit"":""epoch_id""}",,,,,False,1.6,input32k_short,do-direct-aimd-20260823-final,1.6,0.4,,"{""bootstrap_replicates"":0,""ci95_high"":null,""ci95_low"":null,""estimate"":null,""n_units"":0,""qualified"":false,""sampling_unit"":""epoch_id""}",13,,
,"{""bootstrap_replicates"":0,""ci95_high"":null,""ci95_low"":null,""estimate"":null,""n_units"":0,""qualified"":false,""sampling_unit"":""epoch_id""}",0,,[],,0,0,,,0,,,0,0,[],0,0,unconfirmed_healthy_observation_only,,,healthy_realized_offered_arrival_rate_over_short_confirmation_epochs; not_drain_inclusive_completed_goodput_or_sustained_capacity,,,,"{""bootstrap_replicates"":0,""ci95_high"":null,""ci95_low"":null,""estimate"":null,""n_units"":0,""qualified"":false,""sampling_unit"":""epoch_id""}",,,,,,"{""bootstrap_replicates"":0,""ci95_high"":null,""ci95_low"":null,""estimate"":null,""n_units"":0,""qualified"":false,""sampling_unit"":""epoch_id""}",,"{""bootstrap_replicates"":0,""ci95_high"":null,""ci95_low"":null,""estimate"":null,""n_units"":0,""qualified"":false,""sampling_unit"":""epoch_id""}",minimax-m2.5,12,7,48.0,0.8,,"{""bootstrap_replicates"":0,""ci95_high"":null,""ci95_low"":null,""estimate"":null,""n_units"":0,""qualified"":false,""sampling_unit"":""epoch_id""}",,,,,False,0.8,mixed,do-direct-aimd-20260823-final,0.8,0.16163931710734164,,"{""bootstrap_replicates"":0,""ci95_high"":null,""ci95_low"":null,""estimate"":null,""n_units"":0,""qualified"":false,""sampling_unit"":""epoch_id""}",12,,
,"{""bootstrap_replicates"":0,""ci95_high"":null,""ci95_low"":null,""estimate"":null,""n_units"":0,""qualified"":false,""sampling_unit"":""epoch_id""}",0,,[],,0,0,,,0,,,0,0,[],0,0,unconfirmed_healthy_observation_only,,,healthy_realized_offered_arrival_rate_over_short_confirmation_epochs; not_drain_inclusive_completed_goodput_or_sustained_capacity,,,,"{""bootstrap_replicates"":0,""ci95_high"":null,""ci95_low"":null,""estimate"":null,""n_units"":0,""qualified"":false,""sampling_unit"":""epoch_id""}",,,,,,"{""bootstrap_replicates"":0,""ci95_high"":null,""ci95_low"":null,""estimate"":null,""n_units"":0,""qualified"":false,""sampling_unit"":""epoch_id""}",,"{""bootstrap_replicates"":0,""ci95_high"":null,""ci95_low"":null,""estimate"":null,""n_units"":0,""qualified"":false,""sampling_unit"":""epoch_id""}",minimax-m2.5,10,7,96.0,1.6,,"{""bootstrap_replicates"":0,""ci95_high"":null,""ci95_low"":null,""estimate"":null,""n_units"":0,""qualified"":false,""sampling_unit"":""epoch_id""}",,,,,False,,short_long,do-direct-aimd-20260823-final,1.6,0.0351563529552101,,"{""bootstrap_replicates"":0,""ci95_high"":null,""ci95_low"":null,""estimate"":null,""n_units"":0,""qualified"":false,""sampling_unit"":""epoch_id""}",10,,
645.4410760047775,"{""bootstrap_replicates"":2000,""ci95_high"":739.5019532014652,""ci95_low"":569.618294987762,""estimate"":645.4410760047775,""n_units"":3,""qualified"":true,""sampling_unit"":""epoch_id""}",240,,"[""do-epoch-0042193707b17e16cab9"",""do-epoch-9a4d51b49f7d3657d09f"",""do-epoch-fddd8577e4e74f4394e3""]","[6.490855067007942,8.426695635018405]",3,0,"[59.0,69.0]","[64.0,64.0]",240,,"[64.0,64.0]",240,0,"[""streamed""]",240,0,confirmed_right_censored_lower_bound,960.0,16.0,healthy_realized_offered_arrival_rate_over_short_confirmation_epochs; not_drain_inclusive_completed_goodput_or_sustained_capacity,,,645.4410760047775,"{""bootstrap_replicates"":2000,""ci95_high"":739.5019532014652,""ci95_low"":569.618294987762,""estimate"":645.4410760047775,""n_units"":3,""qualified"":true,""sampling_unit"":""epoch_id""}",960.0,16.0,,,40897.27389834346,"{""bootstrap_replicates"":2000,""ci95_high"":46810.473637652736,""ci95_low"":36085.31898747472,""estimate"":40897.27389834346,""n_units"":3,""qualified"":true,""sampling_unit"":""epoch_id""}",41308.22886430576,"{""bootstrap_replicates"":2000,""ci95_high"":47328.12500489377,""ci95_low"":36455.570879216764,""estimate"":41308.22886430576,""n_units"":3,""qualified"":true,""sampling_unit"":""epoch_id""}",minimax-m2.5,14,10,960.0,16.0,1.7694335562501997,"{""bootstrap_replicates"":2000,""ci95_high"":1.9158722698077326,""ci95_low"":1.6620568577476658,""estimate"":1.7694335562501997,""n_units"":3,""qualified"":true,""sampling_unit"":""epoch_id""}",,,,,True,8.0,short_short,do-direct-aimd-20260823-final,32.0,0.7828036511944616,0.36506806483278825,"{""bootstrap_replicates"":2000,""ci95_high"":0.3674054630100727,""ci95_low"":0.3608258044841932,""estimate"":0.36506806483278825,""n_units"":3,""qualified"":true,""sampling_unit"":""epoch_id""}",14,,
37.68106402211085,"{""bootstrap_replicates"":2000,""ci95_high"":39.305165916775785,""ci95_low"":36.28581964758564,""estimate"":37.68106402211085,""n_units"":3,""qualified"":true,""sampling_unit"":""epoch_id""}",12,,"[""do-epoch-1ab96af00dea40c884b7"",""do-epoch-77f3362101fc19678b61"",""do-epoch-a901d5e172a60a51ca60""]","[6.106067597022047,6.614154023001902]",3,0,"[24534.0,24537.0]","[64.0,64.0]",12,,"[64.0,64.0]",12,0,"[""streamed""]",12,0,confirmed_bracketed_interval,48.0,0.8,healthy_realized_offered_arrival_rate_over_short_confirmation_epochs; not_drain_inclusive_completed_goodput_or_sustained_capacity,96.0,1.6,37.68106402211085,"{""bootstrap_replicates"":2000,""ci95_high"":39.305165916775785,""ci95_low"":36.28581964758564,""estimate"":37.68106402211085,""n_units"":3,""qualified"":true,""sampling_unit"":""epoch_id""}",48.0,0.8,96.0,1.6,924536.6364088085,"{""bootstrap_replicates"":2000,""ci95_high"":964391.5509340107,""ci95_low"":890281.6565084256,""estimate"":924536.6364088085,""n_units"":3,""qualified"":true,""sampling_unit"":""epoch_id""}",2411.5880974150946,"{""bootstrap_replicates"":2000,""ci95_high"":2515.53061867365,""ci95_low"":2322.292457445481,""estimate"":2411.5880974150946,""n_units"":3,""qualified"":true,""sampling_unit"":""epoch_id""}",nemotron-3-ultra-550b,13,10,48.0,0.8,4.8008470067725275,"{""bootstrap_replicates"":2000,""ci95_high"":4.943880489101866,""ci95_low"":4.601626196315919,""estimate"":4.8008470067725275,""n_units"":3,""qualified"":true,""sampling_unit"":""epoch_id""}",,,,,False,1.6,input32k_short,do-direct-aimd-20260823-final,1.6,0.2616324128720824,1.7912237921652074,"{""bootstrap_replicates"":2000,""ci95_high"":1.946649493998848,""ci95_low"":1.6541153315047268,""estimate"":1.7912237921652074,""n_units"":3,""qualified"":true,""sampling_unit"":""epoch_id""}",13,,
,"{""bootstrap_replicates"":0,""ci95_high"":null,""ci95_low"":null,""estimate"":null,""n_units"":0,""qualified"":false,""sampling_unit"":""epoch_id""}",0,,[],,0,0,,,0,,,0,0,[],0,0,unconfirmed_healthy_observation_only,,,healthy_realized_offered_arrival_rate_over_short_confirmation_epochs; not_drain_inclusive_completed_goodput_or_sustained_capacity,,,,"{""bootstrap_replicates"":0,""ci95_high"":null,""ci95_low"":null,""estimate"":null,""n_units"":0,""qualified"":false,""sampling_unit"":""epoch_id""}",,,,,,"{""bootstrap_replicates"":0,""ci95_high"":null,""ci95_low"":null,""estimate"":null,""n_units"":0,""qualified"":false,""sampling_unit"":""epoch_id""}",,"{""bootstrap_replicates"":0,""ci95_high"":null,""ci95_low"":null,""estimate"":null,""n_units"":0,""qualified"":false,""sampling_unit"":""epoch_id""}",nemotron-3-ultra-550b,9,5,68.05699230081157,1.134283205013526,,"{""bootstrap_replicates"":0,""ci95_high"":null,""ci95_low"":null,""estimate"":null,""n_units"":0,""qualified"":false,""sampling_unit"":""epoch_id""}",,,,,False,0.4,mixed,do-direct-aimd-20260823-final,1.134283205013526,0.2,,"{""bootstrap_replicates"":0,""ci95_high"":null,""ci95_low"":null,""estimate"":null,""n_units"":0,""qualified"":false,""sampling_unit"":""epoch_id""}",9,,
,"{""bootstrap_replicates"":0,""ci95_high"":null,""ci95_low"":null,""estimate"":null,""n_units"":0,""qualified"":false,""sampling_unit"":""epoch_id""}",0,,[],,0,0,,,0,,,0,0,[],0,0,unconfirmed_healthy_observation_only,,,healthy_realized_offered_arrival_rate_over_short_confirmation_epochs; not_drain_inclusive_completed_goodput_or_sustained_capacity,,,,"{""bootstrap_replicates"":0,""ci95_high"":null,""ci95_low"":null,""estimate"":null,""n_units"":0,""qualified"":false,""sampling_unit"":""epoch_id""}",,,,,,"{""bootstrap_replicates"":0,""ci95_high"":null,""ci95_low"":null,""estimate"":null,""n_units"":0,""qualified"":false,""sampling_unit"":""epoch_id""}",,"{""bootstrap_replicates"":0,""ci95_high"":null,""ci95_low"":null,""estimate"":null,""n_units"":0,""qualified"":false,""sampling_unit"":""epoch_id""}",nemotron-3-ultra-550b,9,1,12.263702364548958,0.2043950394091493,,"{""bootstrap_replicates"":0,""ci95_high"":null,""ci95_low"":null,""estimate"":null,""n_units"":0,""qualified"":false,""sampling_unit"":""epoch_id""}",,,,,False,0.4,short_long,do-direct-aimd-20260823-final,0.4,0.04715061630710737,,"{""bootstrap_replicates"":0,""ci95_high"":null,""ci95_low"":null,""estimate"":null,""n_units"":0,""qualified"":false,""sampling_unit"":""epoch_id""}",9,,
,"{""bootstrap_replicates"":0,""ci95_high"":null,""ci95_low"":null,""estimate"":null,""n_units"":0,""qualified"":false,""sampling_unit"":""epoch_id""}",0,,[],,0,0,,,0,,,0,0,[],0,0,unconfirmed_healthy_observation_only,,,healthy_realized_offered_arrival_rate_over_short_confirmation_epochs; not_drain_inclusive_completed_goodput_or_sustained_capacity,,,,"{""bootstrap_replicates"":0,""ci95_high"":null,""ci95_low"":null,""estimate"":null,""n_units"":0,""qualified"":false,""sampling_unit"":""epoch_id""}",,,,,,"{""bootstrap_replicates"":0,""ci95_high"":null,""ci95_low"":null,""estimate"":null,""n_units"":0,""qualified"":false,""sampling_unit"":""epoch_id""}",,"{""bootstrap_replicates"":0,""ci95_high"":null,""ci95_low"":null,""estimate"":null,""n_units"":0,""qualified"":false,""sampling_unit"":""epoch_id""}",nemotron-3-ultra-550b,9,1,33.355528509492196,0.5559254751582032,,"{""bootstrap_replicates"":0,""ci95_high"":null,""ci95_low"":null,""estimate"":null,""n_units"":0,""qualified"":false,""sampling_unit"":""epoch_id""}",,,,,False,2.0,short_short,do-direct-aimd-20260823-final,2.0,0.21050327268322164,,"{""bootstrap_replicates"":0,""ci95_high"":null,""ci95_low"":null,""estimate"":null,""n_units"":0,""qualified"":false,""sampling_unit"":""epoch_id""}",9,,
,"{""bootstrap_replicates"":0,""ci95_high"":null,""ci95_low"":null,""estimate"":null,""n_units"":0,""qualified"":false,""sampling_unit"":""epoch_id""}",0,,[],,0,0,,,0,,,0,0,[],0,0,unconfirmed_healthy_observation_only,,,healthy_realized_offered_arrival_rate_over_short_confirmation_epochs; not_drain_inclusive_completed_goodput_or_sustained_capacity,,,,"{""bootstrap_replicates"":0,""ci95_high"":null,""ci95_low"":null,""estimate"":null,""n_units"":0,""qualified"":false,""sampling_unit"":""epoch_id""}",,,,,,"{""bootstrap_replicates"":0,""ci95_high"":null,""ci95_low"":null,""estimate"":null,""n_units"":0,""qualified"":false,""sampling_unit"":""epoch_id""}",,"{""bootstrap_replicates"":0,""ci95_high"":null,""ci95_low"":null,""estimate"":null,""n_units"":0,""qualified"":false,""sampling_unit"":""epoch_id""}",nvidia-nemotron-3-super-120b,13,9,48.0,0.8,,"{""bootstrap_replicates"":0,""ci95_high"":null,""ci95_low"":null,""estimate"":null,""n_units"":0,""qualified"":false,""sampling_unit"":""epoch_id""}",,,,,False,1.6,input32k_short,do-direct-aimd-20260823-final,1.6,0.018772044032072888,,"{""bootstrap_replicates"":0,""ci95_high"":null,""ci95_low"":null,""estimate"":null,""n_units"":0,""qualified"":false,""sampling_unit"":""epoch_id""}",13,,
,"{""bootstrap_replicates"":0,""ci95_high"":null,""ci95_low"":null,""estimate"":null,""n_units"":0,""qualified"":false,""sampling_unit"":""epoch_id""}",0,,[],,0,0,,,0,,,0,0,[],0,0,unconfirmed_healthy_observation_only,,,healthy_realized_offered_arrival_rate_over_short_confirmation_epochs; not_drain_inclusive_completed_goodput_or_sustained_capacity,,,,"{""bootstrap_replicates"":0,""ci95_high"":null,""ci95_low"":null,""estimate"":null,""n_units"":0,""qualified"":false,""sampling_unit"":""epoch_id""}",,,,,,"{""bootstrap_replicates"":0,""ci95_high"":null,""ci95_low"":null,""estimate"":null,""n_units"":0,""qualified"":false,""sampling_unit"":""epoch_id""}",,"{""bootstrap_replicates"":0,""ci95_high"":null,""ci95_low"":null,""estimate"":null,""n_units"":0,""qualified"":false,""sampling_unit"":""epoch_id""}",nvidia-nemotron-3-super-120b,12,7,48.0,0.8,,"{""bootstrap_replicates"":0,""ci95_high"":null,""ci95_low"":null,""estimate"":null,""n_units"":0,""qualified"":false,""sampling_unit"":""epoch_id""}",,,,,False,0.8,mixed,do-direct-aimd-20260823-final,1.6,0.09422993490452784,,"{""bootstrap_replicates"":0,""ci95_high"":null,""ci95_low"":null,""estimate"":null,""n_units"":0,""qualified"":false,""sampling_unit"":""epoch_id""}",12,,
2.85647760717186,"{""bootstrap_replicates"":2000,""ci95_high"":4.86833532427715,""ci95_low"":0.9049426410007301,""estimate"":2.85647760717186,""n_units"":3,""qualified"":true,""sampling_unit"":""epoch_id""}",3,,"[""do-epoch-b3c6a46d410305d9b221"",""do-epoch-f47f4e84213cb21ab53d"",""do-epoch-f65ab78710721000fca0""]","[12.32454134800355,66.3025448039989]",3,0,"[83.0,83.0]","[2048.0,2048.0]",3,,"[2048.0,2048.0]",3,0,"[""streamed""]",3,0,confirmed_right_censored_lower_bound,12.0,0.2,healthy_realized_offered_arrival_rate_over_short_confirmation_epochs; not_drain_inclusive_completed_goodput_or_sustained_capacity,,,2.85647760717186,"{""bootstrap_replicates"":2000,""ci95_high"":4.86833532427715,""ci95_low"":0.9049426410007301,""estimate"":2.85647760717186,""n_units"":3,""qualified"":true,""sampling_unit"":""epoch_id""}",12.0,0.2,,,75.1102392030606,"{""bootstrap_replicates"":2000,""ci95_high"":75.1102392030606,""ci95_low"":75.1102392030606,""estimate"":75.1102392030606,""n_units"":1,""qualified"":true,""sampling_unit"":""epoch_id""}",1853.3225287694952,"{""bootstrap_replicates"":2000,""ci95_high"":1853.3225287694952,""ci95_low"":1853.3225287694952,""estimate"":1853.3225287694952,""n_units"":1,""qualified"":true,""sampling_unit"":""epoch_id""}",nvidia-nemotron-3-super-120b,11,8,24.0,0.4,33.35173753966228,"{""bootstrap_replicates"":2000,""ci95_high"":66.2924606059969,""ci95_low"":12.31575322599383,""estimate"":33.35173753966228,""n_units"":3,""qualified"":true,""sampling_unit"":""epoch_id""}",,,,,True,0.008332408422804234,short_long,do-direct-aimd-20260823-final,0.4,0.008332408422804234,0.9777430180013956,"{""bootstrap_replicates"":2000,""ci95_high"":1.7922129769867752,""ci95_low"":0.43013780200271867,""estimate"":0.9777430180013956,""n_units"":3,""qualified"":true,""sampling_unit"":""epoch_id""}",11,,
,"{""bootstrap_replicates"":0,""ci95_high"":null,""ci95_low"":null,""estimate"":null,""n_units"":0,""qualified"":false,""sampling_unit"":""epoch_id""}",0,,[],,0,0,,,0,,,0,0,[],0,0,unconfirmed_healthy_observation_only,,,healthy_realized_offered_arrival_rate_over_short_confirmation_epochs; not_drain_inclusive_completed_goodput_or_sustained_capacity,,,,"{""bootstrap_replicates"":0,""ci95_high"":null,""ci95_low"":null,""estimate"":null,""n_units"":0,""qualified"":false,""sampling_unit"":""epoch_id""}",,,,,,"{""bootstrap_replicates"":0,""ci95_high"":null,""ci95_low"":null,""estimate"":null,""n_units"":0,""qualified"":false,""sampling_unit"":""epoch_id""}",,"{""bootstrap_replicates"":0,""ci95_high"":null,""ci95_low"":null,""estimate"":null,""n_units"":0,""qualified"":false,""sampling_unit"":""epoch_id""}",nvidia-nemotron-3-super-120b,12,3,120.0,2.0,,"{""bootstrap_replicates"":0,""ci95_high"":null,""ci95_low"":null,""estimate"":null,""n_units"":0,""qualified"":false,""sampling_unit"":""epoch_id""}",,,,,False,4.0,short_short,do-direct-aimd-20260823-final,4.0,0.16119382582127187,,"{""bootstrap_replicates"":0,""ci95_high"":null,""ci95_low"":null,""estimate"":null,""n_units"":0,""qualified"":false,""sampling_unit"":""epoch_id""}",12,,
89.22460457235144,"{""bootstrap_replicates"":2000,""ci95_high"":91.81094201401105,""ci95_low"":86.66706081052887,""estimate"":89.22460457235144,""n_units"":3,""qualified"":true,""sampling_unit"":""epoch_id""}",36,,"[""do-epoch-2613e2f8283cc8203f21"",""do-epoch-b75f5c6f6eec7cc49062"",""do-epoch-fb4e537df5e5feb40747""]","[7.842202511004871,8.307654526026454]",3,0,"[21380.0,21381.0]","[64.0,64.0]",36,,"[64.0,64.0]",36,0,"[""streamed""]",36,0,confirmed_right_censored_lower_bound,144.0,2.4,healthy_realized_offered_arrival_rate_over_short_confirmation_epochs; not_drain_inclusive_completed_goodput_or_sustained_capacity,,,89.22460457235144,"{""bootstrap_replicates"":2000,""ci95_high"":91.81094201401105,""ci95_low"":86.66706081052887,""estimate"":89.22460457235144,""n_units"":3,""qualified"":true,""sampling_unit"":""epoch_id""}",144.0,2.4,,,1907631.9588020016,"{""bootstrap_replicates"":2000,""ci95_high"":1962925.5911713906,""ci95_low"":1852948.9823841744,""estimate"":1907631.9588020016,""n_units"":3,""qualified"":true,""sampling_unit"":""epoch_id""}",5710.374692630492,"{""bootstrap_replicates"":2000,""ci95_high"":5875.900288896707,""ci95_low"":5546.691891873847,""estimate"":5710.374692630492,""n_units"":3,""qualified"":true,""sampling_unit"":""epoch_id""}",openai-gpt-oss-120b,12,11,144.0,2.4,5.758736850650652,"{""bootstrap_replicates"":2000,""ci95_high"":5.818183637302719,""ci95_low"":5.690136394948058,""estimate"":5.758736850650652,""n_units"":3,""qualified"":true,""sampling_unit"":""epoch_id""}",,,,,True,,input32k_short,do-direct-aimd-20260823-final,2.4,0.225931107585768,1.4505302813292171,"{""bootstrap_replicates"":2000,""ci95_high"":1.5358973710099235,""ci95_low"":1.3054226399835898,""estimate"":1.4505302813292171,""n_units"":3,""qualified"":true,""sampling_unit"":""epoch_id""}",12,,
12.124080271612115,"{""bootstrap_replicates"":2000,""ci95_high"":12.742930554431888,""ci95_low"":11.777367917945663,""estimate"":12.124080271612115,""n_units"":3,""qualified"":true,""sampling_unit"":""epoch_id""}",24,,"[""do-epoch-3eae7ebb7cf720142b86"",""do-epoch-902c32bbff96f57c3f1c"",""do-epoch-da2fe8909a89da2d0499""]","[37.66794443002436,40.756135270989034]",3,0,"[92.0,2780.0]","[38.0,1024.0]",24,,"[1024.0,1024.0]",24,0,"[""streamed""]",24,0,confirmed_right_censored_lower_bound,96.0,1.6,healthy_realized_offered_arrival_rate_over_short_confirmation_epochs; not_drain_inclusive_completed_goodput_or_sustained_capacity,,,12.124080271612115,"{""bootstrap_replicates"":2000,""ci95_high"":12.742930554431888,""ci95_low"":11.777367917945663,""estimate"":12.124080271612115,""n_units"":3,""qualified"":true,""sampling_unit"":""epoch_id""}",96.0,1.6,,,9258.738413805362,"{""bootstrap_replicates"":2000,""ci95_high"":9730.820344628053,""ci95_low"":8996.436918320745,""estimate"":9258.738413805362,""n_units"":3,""qualified"":true,""sampling_unit"":""epoch_id""}",3316.161652945266,"{""bootstrap_replicates"":2000,""ci95_high"":3533.360310845527,""ci95_low"":2984.0905962094826,""estimate"":3316.161652945266,""n_units"":3,""qualified"":true,""sampling_unit"":""epoch_id""}",openai-gpt-oss-120b,12,10,192.0,3.2,35.35883404644506,"{""bootstrap_replicates"":2000,""ci95_high"":36.845276368600025,""ci95_low"":32.789831669947304,""estimate"":35.35883404644506,""n_units"":3,""qualified"":true,""sampling_unit"":""epoch_id""}",,,,,True,,mixed,do-direct-aimd-20260823-final,3.2,0.07223416883715962,0.5754641136639597,"{""bootstrap_replicates"":2000,""ci95_high"":0.6126102984999306,""ci95_low"":0.5178349494963186,""estimate"":0.5754641136639597,""n_units"":3,""qualified"":true,""sampling_unit"":""epoch_id""}",12,,
,"{""bootstrap_replicates"":0,""ci95_high"":null,""ci95_low"":null,""estimate"":null,""n_units"":0,""qualified"":false,""sampling_unit"":""epoch_id""}",0,,[],,0,0,,,0,,,0,0,[],0,0,unconfirmed_healthy_observation_only,,,healthy_realized_offered_arrival_rate_over_short_confirmation_epochs; not_drain_inclusive_completed_goodput_or_sustained_capacity,,,,"{""bootstrap_replicates"":0,""ci95_high"":null,""ci95_low"":null,""estimate"":null,""n_units"":0,""qualified"":false,""sampling_unit"":""epoch_id""}",,,,,,"{""bootstrap_replicates"":0,""ci95_high"":null,""ci95_low"":null,""estimate"":null,""n_units"":0,""qualified"":false,""sampling_unit"":""epoch_id""}",,"{""bootstrap_replicates"":0,""ci95_high"":null,""ci95_low"":null,""estimate"":null,""n_units"":0,""qualified"":false,""sampling_unit"":""epoch_id""}",openai-gpt-oss-120b,12,9,96.0,1.6,,"{""bootstrap_replicates"":0,""ci95_high"":null,""ci95_low"":null,""estimate"":null,""n_units"":0,""qualified"":false,""sampling_unit"":""epoch_id""}",,,,,False,,short_long,do-direct-aimd-20260823-final,1.6,0.01617756433423214,,"{""bootstrap_replicates"":0,""ci95_high"":null,""ci95_low"":null,""estimate"":null,""n_units"":0,""qualified"":false,""sampling_unit"":""epoch_id""}",12,,
689.5534004410114,"{""bootstrap_replicates"":2000,""ci95_high"":861.2764620106682,""ci95_low"":548.0240643278487,""estimate"":689.5534004410114,""n_units"":3,""qualified"":true,""sampling_unit"":""epoch_id""}",480,,"[""do-epoch-3f1c68dfb0ba703d2b4e"",""do-epoch-584122f69a8130f64745"",""do-epoch-7d6a8796365bbc557481""]","[11.14624679001281,17.5174789300072]",3,0,"[88.0,97.0]","[25.0,64.0]",480,,"[64.0,64.0]",480,0,"[""streamed""]",480,0,confirmed_right_censored_lower_bound,1920.0,32.0,healthy_realized_offered_arrival_rate_over_short_confirmation_epochs; not_drain_inclusive_completed_goodput_or_sustained_capacity,,,689.5534004410114,"{""bootstrap_replicates"":2000,""ci95_high"":861.2764620106682,""ci95_low"":548.0240643278487,""estimate"":689.5534004410114,""n_units"":3,""qualified"":true,""sampling_unit"":""epoch_id""}",1920.0,32.0,,,63679.31489561868,"{""bootstrap_replicates"":2000,""ci95_high"":79651.9238023241,""ci95_low"":50531.24388142969,""estimate"":63679.31489561868,""n_units"":3,""qualified"":true,""sampling_unit"":""epoch_id""}",40626.78053166102,"{""bootstrap_replicates"":2000,""ci95_high"":50244.71560254736,""ci95_low"":33021.87502615493,""estimate"":40626.78053166102,""n_units"":3,""qualified"":true,""sampling_unit"":""epoch_id""}",openai-gpt-oss-120b,12,12,1920.0,32.0,3.116586304987625,"{""bootstrap_replicates"":2000,""ci95_high"":3.1778387873651806,""ci95_low"":3.018941677307884,""estimate"":3.116586304987625,""n_units"":3,""qualified"":true,""sampling_unit"":""epoch_id""}",,,,,True,,short_short,do-direct-aimd-20260823-final,32.0,0.29172974948313296,0.5502292386663612,"{""bootstrap_replicates"":2000,""ci95_high"":0.5627897305093938,""ci95_low"":0.5417831689992454,""estimate"":0.5502292386663612,""n_units"":3,""qualified"":true,""sampling_unit"":""epoch_id""}",12,,
,"{""bootstrap_replicates"":0,""ci95_high"":null,""ci95_low"":null,""estimate"":null,""n_units"":0,""qualified"":false,""sampling_unit"":""epoch_id""}",0,,[],,0,0,,,0,,,0,0,[],0,0,unconfirmed_healthy_observation_only,,,healthy_realized_offered_arrival_rate_over_short_confirmation_epochs; not_drain_inclusive_completed_goodput_or_sustained_capacity,,,,"{""bootstrap_replicates"":0,""ci95_high"":null,""ci95_low"":null,""estimate"":null,""n_units"":0,""qualified"":false,""sampling_unit"":""epoch_id""}",,,,,,"{""bootstrap_replicates"":0,""ci95_high"":null,""ci95_low"":null,""estimate"":null,""n_units"":0,""qualified"":false,""sampling_unit"":""epoch_id""}",,"{""bootstrap_replicates"":0,""ci95_high"":null,""ci95_low"":null,""estimate"":null,""n_units"":0,""qualified"":false,""sampling_unit"":""epoch_id""}",qwen3.5-397b-a17b,13,9,48.0,0.8,,"{""bootstrap_replicates"":0,""ci95_high"":null,""ci95_low"":null,""estimate"":null,""n_units"":0,""qualified"":false,""sampling_unit"":""epoch_id""}",,,,,False,1.6,input32k_short,do-direct-aimd-20260823-final,1.6,0.10914861299780376,,"{""bootstrap_replicates"":0,""ci95_high"":null,""ci95_low"":null,""estimate"":null,""n_units"":0,""qualified"":false,""sampling_unit"":""epoch_id""}",13,,
,"{""bootstrap_replicates"":0,""ci95_high"":null,""ci95_low"":null,""estimate"":null,""n_units"":0,""qualified"":false,""sampling_unit"":""epoch_id""}",0,,[],,0,0,,,0,,,0,0,[],0,0,unconfirmed_healthy_observation_only,,,healthy_realized_offered_arrival_rate_over_short_confirmation_epochs; not_drain_inclusive_completed_goodput_or_sustained_capacity,,,,"{""bootstrap_replicates"":0,""ci95_high"":null,""ci95_low"":null,""estimate"":null,""n_units"":0,""qualified"":false,""sampling_unit"":""epoch_id""}",,,,,,"{""bootstrap_replicates"":0,""ci95_high"":null,""ci95_low"":null,""estimate"":null,""n_units"":0,""qualified"":false,""sampling_unit"":""epoch_id""}",,"{""bootstrap_replicates"":0,""ci95_high"":null,""ci95_low"":null,""estimate"":null,""n_units"":0,""qualified"":false,""sampling_unit"":""epoch_id""}",qwen3.5-397b-a17b,12,4,48.0,0.8,,"{""bootstrap_replicates"":0,""ci95_high"":null,""ci95_low"":null,""estimate"":null,""n_units"":0,""qualified"":false,""sampling_unit"":""epoch_id""}",,,,,False,0.8,mixed,do-direct-aimd-20260823-final,0.8,0.008913884844015013,,"{""bootstrap_replicates"":0,""ci95_high"":null,""ci95_low"":null,""estimate"":null,""n_units"":0,""qualified"":false,""sampling_unit"":""epoch_id""}",12,,
,"{""bootstrap_replicates"":0,""ci95_high"":null,""ci95_low"":null,""estimate"":null,""n_units"":0,""qualified"":false,""sampling_unit"":""epoch_id""}",0,,[],,0,0,,,0,,,0,0,[],0,0,unconfirmed_healthy_observation_only,,,healthy_realized_offered_arrival_rate_over_short_confirmation_epochs; not_drain_inclusive_completed_goodput_or_sustained_capacity,,,,"{""bootstrap_replicates"":0,""ci95_high"":null,""ci95_low"":null,""estimate"":null,""n_units"":0,""qualified"":false,""sampling_unit"":""epoch_id""}",,,,,,"{""bootstrap_replicates"":0,""ci95_high"":null,""ci95_low"":null,""estimate"":null,""n_units"":0,""qualified"":false,""sampling_unit"":""epoch_id""}",,"{""bootstrap_replicates"":0,""ci95_high"":null,""ci95_low"":null,""estimate"":null,""n_units"":0,""qualified"":false,""sampling_unit"":""epoch_id""}",qwen3.5-397b-a17b,11,4,12.0,0.2,,"{""bootstrap_replicates"":0,""ci95_high"":null,""ci95_low"":null,""estimate"":null,""n_units"":0,""qualified"":false,""sampling_unit"":""epoch_id""}",,,,,False,0.008332747491606292,short_long,do-direct-aimd-20260823-final,0.4,0.008332747491606292,,"{""bootstrap_replicates"":0,""ci95_high"":null,""ci95_low"":null,""estimate"":null,""n_units"":0,""qualified"":false,""sampling_unit"":""epoch_id""}",11,,
345.21076929755895,"{""bootstrap_replicates"":2000,""ci95_high"":364.6248395889126,""ci95_low"":320.6992363233937,""estimate"":345.21076929755895,""n_units"":3,""qualified"":true,""sampling_unit"":""epoch_id""}",240,,"[""do-epoch-36a916eaf2cf573fc902"",""do-epoch-b2d7006b8de15770c240"",""do-epoch-f4b31f8d08775fb5ca41""]","[13.164215595985297,14.967294761998346]",3,0,"[38.0,44.0]","[64.0,64.0]",240,,"[64.0,64.0]",240,0,"[""streamed""]",240,0,confirmed_bracketed_interval,960.0,16.0,healthy_realized_offered_arrival_rate_over_short_confirmation_epochs; not_drain_inclusive_completed_goodput_or_sustained_capacity,1920.0,32.0,345.21076929755895,"{""bootstrap_replicates"":2000,""ci95_high"":364.6248395889126,""ci95_low"":320.6992363233937,""estimate"":345.21076929755895,""n_units"":3,""qualified"":true,""sampling_unit"":""epoch_id""}",960.0,16.0,1920.0,32.0,14335.037661053304,"{""bootstrap_replicates"":2000,""ci95_high"":15104.583979970703,""ci95_low"":13248.887200610201,""estimate"":14335.037661053304,""n_units"":3,""qualified"":true,""sampling_unit"":""epoch_id""}",22093.489235043773,"{""bootstrap_replicates"":2000,""ci95_high"":23335.989733690407,""ci95_low"":20524.751124697195,""estimate"":22093.489235043773,""n_units"":3,""qualified"":true,""sampling_unit"":""epoch_id""}",qwen3.5-397b-a17b,14,11,960.0,16.0,8.261812323514702,"{""bootstrap_replicates"":2000,""ci95_high"":8.591761075805696,""ci95_low"":7.991087212036654,""estimate"":8.261812323514702,""n_units"":3,""qualified"":true,""sampling_unit"":""epoch_id""}",,,,,False,32.0,short_short,do-direct-aimd-20260823-final,32.0,0.04637731382210629,0.6453463600094741,"{""bootstrap_replicates"":2000,""ci95_high"":0.6795308590080822,""ci95_low"":0.6256787230086047,""estimate"":0.6453463600094741,""n_units"":3,""qualified"":true,""sampling_unit"":""epoch_id""}",14,,
,"{""bootstrap_replicates"":0,""ci95_high"":null,""ci95_low"":null,""estimate"":null,""n_units"":0,""qualified"":false,""sampling_unit"":""epoch_id""}",0,,[],,0,0,,,0,,,0,0,[],0,0,unconfirmed_healthy_observation_only,,,healthy_realized_offered_arrival_rate_over_short_confirmation_epochs; not_drain_inclusive_completed_goodput_or_sustained_capacity,,,,"{""bootstrap_replicates"":0,""ci95_high"":null,""ci95_low"":null,""estimate"":null,""n_units"":0,""qualified"":false,""sampling_unit"":""epoch_id""}",,,,,,"{""bootstrap_replicates"":0,""ci95_high"":null,""ci95_low"":null,""estimate"":null,""n_units"":0,""qualified"":false,""sampling_unit"":""epoch_id""}",,"{""bootstrap_replicates"":0,""ci95_high"":null,""ci95_low"":null,""estimate"":null,""n_units"":0,""qualified"":false,""sampling_unit"":""epoch_id""}",qwen3.8-max,12,6,43.82134251049018,0.7303557085081698,,"{""bootstrap_replicates"":0,""ci95_high"":null,""ci95_low"":null,""estimate"":null,""n_units"":0,""qualified"":false,""sampling_unit"":""epoch_id""}",,,,,False,0.8,input32k_short,do-direct-aimd-20260823-final,0.8,0.2,,"{""bootstrap_replicates"":0,""ci95_high"":null,""ci95_low"":null,""estimate"":null,""n_units"":0,""qualified"":false,""sampling_unit"":""epoch_id""}",12,,
12.0,"{""bootstrap_replicates"":2000,""ci95_high"":12.0,""ci95_low"":12.0,""estimate"":12.0,""n_units"":3,""qualified"":true,""sampling_unit"":""epoch_id""}",3,,"[""do-epoch-369352bbdbeb0e25784e"",""do-epoch-a92508e4c63f6d71cab5"",""do-epoch-db81868f05eda04abcc0""]","[5.0,5.0]",3,0,"[41.0,43.0]","[4.0,4.0]",3,,"[1024.0,1024.0]",3,0,"[""streamed""]",3,0,confirmed_bracketed_interval,12.0,0.2,healthy_realized_offered_arrival_rate_over_short_confirmation_epochs; not_drain_inclusive_completed_goodput_or_sustained_capacity,24.0,0.4,12.0,"{""bootstrap_replicates"":2000,""ci95_high"":12.0,""ci95_low"":12.0,""estimate"":12.0,""n_units"":3,""qualified"":true,""sampling_unit"":""epoch_id""}",12.0,0.2,24.0,0.4,504.0,"{""bootstrap_replicates"":2000,""ci95_high"":516.0,""ci95_low"":492.0,""estimate"":504.0,""n_units"":3,""qualified"":true,""sampling_unit"":""epoch_id""}",48.0,"{""bootstrap_replicates"":2000,""ci95_high"":48.0,""ci95_low"":47.99999999999999,""estimate"":48.0,""n_units"":3,""qualified"":true,""sampling_unit"":""epoch_id""}",qwen3.8-max,11,8,93.93199911713491,1.565533318618915,0.5497747063345741,"{""bootstrap_replicates"":2000,""ci95_high"":0.6185755020123906,""ci95_low"":0.4856116570008453,""estimate"":0.5497747063345741,""n_units"":3,""qualified"":true,""sampling_unit"":""epoch_id""}",,,,,False,0.4,mixed,do-direct-aimd-20260823-final,1.565533318618915,0.2,0.46962799834242713,"{""bootstrap_replicates"":2000,""ci95_high"":0.5259660110168625,""ci95_low"":0.41809093300253153,""estimate"":0.46962799834242713,""n_units"":3,""qualified"":true,""sampling_unit"":""epoch_id""}",11,,
,"{""bootstrap_replicates"":0,""ci95_high"":null,""ci95_low"":null,""estimate"":null,""n_units"":0,""qualified"":false,""sampling_unit"":""epoch_id""}",0,,[],,0,0,,,0,,,0,0,[],0,0,unconfirmed_healthy_observation_only,,,healthy_realized_offered_arrival_rate_over_short_confirmation_epochs; not_drain_inclusive_completed_goodput_or_sustained_capacity,,,,"{""bootstrap_replicates"":0,""ci95_high"":null,""ci95_low"":null,""estimate"":null,""n_units"":0,""qualified"":false,""sampling_unit"":""epoch_id""}",,,,,,"{""bootstrap_replicates"":0,""ci95_high"":null,""ci95_low"":null,""estimate"":null,""n_units"":0,""qualified"":false,""sampling_unit"":""epoch_id""}",,"{""bootstrap_replicates"":0,""ci95_high"":null,""ci95_low"":null,""estimate"":null,""n_units"":0,""qualified"":false,""sampling_unit"":""epoch_id""}",qwen3.8-max,12,8,96.0,1.6,,"{""bootstrap_replicates"":0,""ci95_high"":null,""ci95_low"":null,""estimate"":null,""n_units"":0,""qualified"":false,""sampling_unit"":""epoch_id""}",,,,,False,0.8,short_long,do-direct-aimd-20260823-final,1.6,0.4,,"{""bootstrap_replicates"":0,""ci95_high"":null,""ci95_low"":null,""estimate"":null,""n_units"":0,""qualified"":false,""sampling_unit"":""epoch_id""}",12,,
,"{""bootstrap_replicates"":0,""ci95_high"":null,""ci95_low"":null,""estimate"":null,""n_units"":0,""qualified"":false,""sampling_unit"":""epoch_id""}",0,,[],,0,0,,,0,,,0,0,[],0,0,unconfirmed_healthy_observation_only,,,healthy_realized_offered_arrival_rate_over_short_confirmation_epochs; not_drain_inclusive_completed_goodput_or_sustained_capacity,,,,"{""bootstrap_replicates"":0,""ci95_high"":null,""ci95_low"":null,""estimate"":null,""n_units"":0,""qualified"":false,""sampling_unit"":""epoch_id""}",,,,,,"{""bootstrap_replicates"":0,""ci95_high"":null,""ci95_low"":null,""estimate"":null,""n_units"":0,""qualified"":false,""sampling_unit"":""epoch_id""}",,"{""bootstrap_replicates"":0,""ci95_high"":null,""ci95_low"":null,""estimate"":null,""n_units"":0,""qualified"":false,""sampling_unit"":""epoch_id""}",qwen3.8-max,14,10,480.0,8.0,,"{""bootstrap_replicates"":0,""ci95_high"":null,""ci95_low"":null,""estimate"":null,""n_units"":0,""qualified"":false,""sampling_unit"":""epoch_id""}",,,,,False,16.0,short_short,do-direct-aimd-20260823-final,16.0,1.1562431254422763,,"{""bootstrap_replicates"":0,""ci95_high"":null,""ci95_low"":null,""estimate"":null,""n_units"":0,""qualified"":false,""sampling_unit"":""epoch_id""}",14,,
46.05608727941592,"{""bootstrap_replicates"":2000,""ci95_high"":48.0,""ci95_low"":43.863917101237746,""estimate"":46.05608727941592,""n_units"":3,""qualified"":true,""sampling_unit"":""epoch_id""}",36,,"[""do-epoch-ad8a65bb22b921700ba4"",""do-epoch-edc82aea83512d05df7c"",""do-epoch-fcf5207a5064261e4743""]","[15.0,16.414402715978213]",3,0,"[21854.0,21861.0]","[5.0,64.0]",36,,"[64.0,64.0]",36,0,"[""streamed""]",36,0,confirmed_right_censored_lower_bound,48.0,0.8,healthy_realized_offered_arrival_rate_over_short_confirmation_epochs; not_drain_inclusive_completed_goodput_or_sustained_capacity,,,46.05608727941592,"{""bootstrap_replicates"":2000,""ci95_high"":48.0,""ci95_low"":43.863917101237746,""estimate"":46.05608727941592,""n_units"":3,""qualified"":true,""sampling_unit"":""epoch_id""}",48.0,0.8,,,1006631.4704995641,"{""bootstrap_replicates"":2000,""ci95_high"":1049132.0,""ci95_low"":958715.3594496279,""estimate"":1006631.4704995641,""n_units"":3,""qualified"":true,""sampling_unit"":""epoch_id""}",1808.7228642567118,"{""bootstrap_replicates"":2000,""ci95_high"":2375.9621763170444,""ci95_low"":1472.0,""estimate"":1808.7228642567118,""n_units"":3,""qualified"":true,""sampling_unit"":""epoch_id""}",deepseek-v4-flash-0731,11,11,48.0,0.8,2.254245278705882,"{""bootstrap_replicates"":2000,""ci95_high"":2.7057967770510003,""ci95_low"":1.7919247369136428,""estimate"":2.254245278705882,""n_units"":3,""qualified"":true,""sampling_unit"":""epoch_id""}",,,,,True,,input32k_short,do-sixhour-aimd-20260824-r1,0.8,0.06666666666666667,0.9939317211683374,"{""bootstrap_replicates"":2000,""ci95_high"":1.0180094810057199,""ci95_low"":0.9784212134982226,""estimate"":0.9939317211683374,""n_units"":3,""qualified"":true,""sampling_unit"":""epoch_id""}",11,,
4.0,"{""bootstrap_replicates"":2000,""ci95_high"":4.0,""ci95_low"":4.0,""estimate"":4.0,""n_units"":3,""qualified"":true,""sampling_unit"":""epoch_id""}",3,,"[""do-epoch-31ba4317d19cc31fb9d8"",""do-epoch-41593985ec2e7c04276a"",""do-epoch-aa7c861e6da7cb610185""]","[15.0,15.0]",3,0,"[46.0,51.0]","[4.0,4.0]",3,,"[1024.0,1024.0]",3,0,"[""streamed""]",3,0,confirmed_bracketed_interval,4.0,0.06666666666666667,healthy_realized_offered_arrival_rate_over_short_confirmation_epochs; not_drain_inclusive_completed_goodput_or_sustained_capacity,12.0,0.2,4.0,"{""bootstrap_replicates"":2000,""ci95_high"":4.0,""ci95_low"":4.0,""estimate"":4.0,""n_units"":3,""qualified"":true,""sampling_unit"":""epoch_id""}",4.0,0.06666666666666667,12.0,0.2,193.33333333333334,"{""bootstrap_replicates"":2000,""ci95_high"":204.0,""ci95_low"":184.00000000000003,""estimate"":193.33333333333334,""n_units"":3,""qualified"":true,""sampling_unit"":""epoch_id""}",16.0,"{""bootstrap_replicates"":2000,""ci95_high"":16.0,""ci95_low"":16.0,""estimate"":16.0,""n_units"":3,""qualified"":true,""sampling_unit"":""epoch_id""}",deepseek-v4-flash-0731,12,9,129.0512174971011,2.150853624951685,0.5531866379994123,"{""bootstrap_replicates"":2000,""ci95_high"":0.6228933570091613,""ci95_low"":0.43502467300277203,""estimate"":0.5531866379994123,""n_units"":3,""qualified"":true,""sampling_unit"":""epoch_id""}",,,,,False,0.2,mixed,do-sixhour-aimd-20260824-r1,2.150853624951685,0.06666666666666667,0.49683042699083063,"{""bootstrap_replicates"":2000,""ci95_high"":0.583501177985454,""ci95_low"":0.3634383509925101,""estimate"":0.49683042699083063,""n_units"":3,""qualified"":true,""sampling_unit"":""epoch_id""}",12,,
11.061397308527129,"{""bootstrap_replicates"":2000,""ci95_high"":11.134251036521784,""ci95_low"":10.985268717542944,""estimate"":11.061397308527129,""n_units"":3,""qualified"":true,""sampling_unit"":""epoch_id""}",21,,"[""do-epoch-a4149747017093da7a42"",""do-epoch-bde08e956f34685827a7"",""do-epoch-c0c16dba55225ac98600""]","[37.72144157899311,38.233020128973294]",3,0,"[70.0,76.0]","[2048.0,2048.0]",21,,"[2048.0,2048.0]",21,0,"[""streamed""]",21,0,confirmed_right_censored_lower_bound,28.0,0.4666666666666667,healthy_realized_offered_arrival_rate_over_short_confirmation_epochs; not_drain_inclusive_completed_goodput_or_sustained_capacity,,,11.061397308527129,"{""bootstrap_replicates"":2000,""ci95_high"":11.134251036521784,""ci95_low"":10.985268717542944,""estimate"":11.061397308527129,""n_units"":3,""qualified"":true,""sampling_unit"":""epoch_id""}",28.0,0.4666666666666667,,,804.3357930837564,"{""bootstrap_replicates"":2000,""ci95_high"":812.8003256660904,""ci95_low"":795.6473199706103,""estimate"":804.3357930837564,""n_units"":3,""qualified"":true,""sampling_unit"":""epoch_id""}",22653.74168786356,"{""bootstrap_replicates"":2000,""ci95_high"":22802.946122796613,""ci95_low"":22497.83033352795,""estimate"":22653.74168786356,""n_units"":3,""qualified"":true,""sampling_unit"":""epoch_id""}",deepseek-v4-flash-0731,12,9,28.0,0.4666666666666667,27.334464976271068,"{""bootstrap_replicates"":2000,""ci95_high"":27.678609656717168,""ci95_low"":26.91155425299949,""estimate"":27.334464976271068,""n_units"":3,""qualified"":true,""sampling_unit"":""epoch_id""}",,,,,True,,short_long,do-sixhour-aimd-20260824-r1,0.4666666666666667,0.03719015599054479,0.5046896876689667,"{""bootstrap_replicates"":2000,""ci95_high"":0.5734977620013524,""ci95_low"":0.42310588899999857,""estimate"":0.5046896876689667,""n_units"":3,""qualified"":true,""sampling_unit"":""epoch_id""}",12,,
1821.4333502608704,"{""bootstrap_replicates"":2000,""ci95_high"":1858.363101844329,""ci95_low"":1790.3357935705815,""estimate"":1821.4333502608704,""n_units"":3,""qualified"":true,""sampling_unit"":""epoch_id""}",1440,,"[""do-epoch-40b1bf2de7537f060de1"",""do-epoch-741c5e103619b65868e2"",""do-epoch-883e6062feb1e131105a""]","[15.497509594017174,16.08636776599451]",3,0,"[40.0,54.0]","[4.0,4.0]",1440,,"[64.0,64.0]",1440,0,"[""streamed""]",1440,0,confirmed_right_censored_lower_bound,1920.0,32.0,healthy_realized_offered_arrival_rate_over_short_confirmation_epochs; not_drain_inclusive_completed_goodput_or_sustained_capacity,,,1821.4333502608704,"{""bootstrap_replicates"":2000,""ci95_high"":1858.363101844329,""ci95_low"":1790.3357935705815,""estimate"":1821.4333502608704,""n_units"":3,""qualified"":true,""sampling_unit"":""epoch_id""}",1920.0,32.0,,,85752.08134163164,"{""bootstrap_replicates"":2000,""ci95_high"":87660.5361499152,""ci95_low"":84455.36119545558,""estimate"":85752.08134163164,""n_units"":3,""qualified"":true,""sampling_unit"":""epoch_id""}",7285.7334010434815,"{""bootstrap_replicates"":2000,""ci95_high"":7433.452407377316,""ci95_low"":7161.343174282326,""estimate"":7285.7334010434815,""n_units"":3,""qualified"":true,""sampling_unit"":""epoch_id""}",deepseek-v4-flash-0731,11,11,1920.0,32.0,0.7217236195763684,"{""bootstrap_replicates"":2000,""ci95_high"":0.7541720801862538,""ci95_low"":0.6884437455853912,""estimate"":0.7217236195763684,""n_units"":3,""qualified"":true,""sampling_unit"":""epoch_id""}",,,,,True,,short_short,do-sixhour-aimd-20260824-r1,32.0,1.9104998270909148,0.40638519983137183,"{""bootstrap_replicates"":2000,""ci95_high"":0.4114060235006036,""ci95_low"":0.3963769779948052,""estimate"":0.40638519983137183,""n_units"":3,""qualified"":true,""sampling_unit"":""epoch_id""}",11,,
4.0,"{""bootstrap_replicates"":2000,""ci95_high"":4.0,""ci95_low"":4.0,""estimate"":4.0,""n_units"":3,""qualified"":true,""sampling_unit"":""epoch_id""}",3,,"[""do-epoch-4831f4b1f133be038436"",""do-epoch-85823c7a3a5af7b4900e"",""do-epoch-cce04d6cd4e8a52204ee""]","[15.0,15.0]",3,0,"[25146.0,25149.0]","[28.0,28.0]",3,,"[64.0,64.0]",3,0,"[""streamed""]",3,0,confirmed_bracketed_interval,4.0,0.06666666666666667,healthy_realized_offered_arrival_rate_over_short_confirmation_epochs; not_drain_inclusive_completed_goodput_or_sustained_capacity,12.0,0.2,4.0,"{""bootstrap_replicates"":2000,""ci95_high"":4.0,""ci95_low"":4.0,""estimate"":4.0,""n_units"":3,""qualified"":true,""sampling_unit"":""epoch_id""}",4.0,0.06666666666666667,12.0,0.2,100590.66666666667,"{""bootstrap_replicates"":2000,""ci95_high"":100596.0,""ci95_low"":100584.0,""estimate"":100590.66666666667,""n_units"":3,""qualified"":true,""sampling_unit"":""epoch_id""}",112.0,"{""bootstrap_replicates"":2000,""ci95_high"":112.0,""ci95_low"":112.0,""estimate"":112.0,""n_units"":3,""qualified"":true,""sampling_unit"":""epoch_id""}",gemma-4-31B-it,12,8,8.811499224791685,0.14685832041319474,8.756581950661106,"{""bootstrap_replicates"":2000,""ci95_high"":9.434916052996414,""ci95_low"":8.30457789299544,""estimate"":8.756581950661106,""n_units"":3,""qualified"":true,""sampling_unit"":""epoch_id""}",,,,,False,0.2,input32k_short,do-sixhour-aimd-20260824-r1,0.2,0.06224778193940755,6.837477142650944,"{""bootstrap_replicates"":2000,""ci95_high"":6.986294226982864,""ci95_low"":6.666428633994656,""estimate"":6.837477142650944,""n_units"":3,""qualified"":true,""sampling_unit"":""epoch_id""}",12,,
4.0,"{""bootstrap_replicates"":2000,""ci95_high"":4.0,""ci95_low"":4.0,""estimate"":4.0,""n_units"":3,""qualified"":true,""sampling_unit"":""epoch_id""}",3,,"[""do-epoch-1032f88897d05d39acab"",""do-epoch-aeb5737fba366a156132"",""do-epoch-d17f38b0fc5a1cac225c""]","[15.0,15.0]",3,0,"[65.0,67.0]","[4.0,4.0]",3,,"[1024.0,1024.0]",3,0,"[""streamed""]",3,0,confirmed_bracketed_interval,4.0,0.06666666666666667,healthy_realized_offered_arrival_rate_over_short_confirmation_epochs; not_drain_inclusive_completed_goodput_or_sustained_capacity,12.0,0.2,4.0,"{""bootstrap_replicates"":2000,""ci95_high"":4.0,""ci95_low"":4.0,""estimate"":4.0,""n_units"":3,""qualified"":true,""sampling_unit"":""epoch_id""}",4.0,0.06666666666666667,12.0,0.2,262.6666666666667,"{""bootstrap_replicates"":2000,""ci95_high"":268.0,""ci95_low"":260.0,""estimate"":262.6666666666667,""n_units"":3,""qualified"":true,""sampling_unit"":""epoch_id""}",16.0,"{""bootstrap_replicates"":2000,""ci95_high"":16.0,""ci95_low"":15.999999999999998,""estimate"":16.0,""n_units"":3,""qualified"":true,""sampling_unit"":""epoch_id""}",gemma-4-31B-it,12,9,98.13013678636278,1.635502279772713,0.642867889003052,"{""bootstrap_replicates"":2000,""ci95_high"":0.8608444489946123,""ci95_low"":0.39413187000900507,""estimate"":0.642867889003052,""n_units"":3,""qualified"":true,""sampling_unit"":""epoch_id""}",,,,,False,0.2,mixed,do-sixhour-aimd-20260824-r1,1.635502279772713,0.06666666666666667,0.590779711996826,"{""bootstrap_replicates"":2000,""ci95_high"":0.8340454749995843,""ci95_low"":0.33059578700340353,""estimate"":0.590779711996826,""n_units"":3,""qualified"":true,""sampling_unit"":""epoch_id""}",12,,
,"{""bootstrap_replicates"":0,""ci95_high"":null,""ci95_low"":null,""estimate"":null,""n_units"":0,""qualified"":false,""sampling_unit"":""epoch_id""}",0,,[],,0,0,,,0,,,0,0,[],0,0,unconfirmed_healthy_observation_only,,,healthy_realized_offered_arrival_rate_over_short_confirmation_epochs; not_drain_inclusive_completed_goodput_or_sustained_capacity,,,,"{""bootstrap_replicates"":0,""ci95_high"":null,""ci95_low"":null,""estimate"":null,""n_units"":0,""qualified"":false,""sampling_unit"":""epoch_id""}",,,,,,"{""bootstrap_replicates"":0,""ci95_high"":null,""ci95_low"":null,""estimate"":null,""n_units"":0,""qualified"":false,""sampling_unit"":""epoch_id""}",,"{""bootstrap_replicates"":0,""ci95_high"":null,""ci95_low"":null,""estimate"":null,""n_units"":0,""qualified"":false,""sampling_unit"":""epoch_id""}",gemma-4-31B-it,10,9,28.0,0.4666666666666667,,"{""bootstrap_replicates"":0,""ci95_high"":null,""ci95_low"":null,""estimate"":null,""n_units"":0,""qualified"":false,""sampling_unit"":""epoch_id""}",,,,,False,,short_long,do-sixhour-aimd-20260824-r1,0.4666666666666667,0.06666666666666667,,"{""bootstrap_replicates"":0,""ci95_high"":null,""ci95_low"":null,""estimate"":null,""n_units"":0,""qualified"":false,""sampling_unit"":""epoch_id""}",10,,
,"{""bootstrap_replicates"":0,""ci95_high"":null,""ci95_low"":null,""estimate"":null,""n_units"":0,""qualified"":false,""sampling_unit"":""epoch_id""}",0,,[],,0,0,,,0,,,0,0,[],0,0,unconfirmed_healthy_observation_only,,,healthy_realized_offered_arrival_rate_over_short_confirmation_epochs; not_drain_inclusive_completed_goodput_or_sustained_capacity,,,,"{""bootstrap_replicates"":0,""ci95_high"":null,""ci95_low"":null,""estimate"":null,""n_units"":0,""qualified"":false,""sampling_unit"":""epoch_id""}",,,,,,"{""bootstrap_replicates"":0,""ci95_high"":null,""ci95_low"":null,""estimate"":null,""n_units"":0,""qualified"":false,""sampling_unit"":""epoch_id""}",,"{""bootstrap_replicates"":0,""ci95_high"":null,""ci95_low"":null,""estimate"":null,""n_units"":0,""qualified"":false,""sampling_unit"":""epoch_id""}",gemma-4-31B-it,9,3,89.01400605403113,1.4835667675671855,,"{""bootstrap_replicates"":0,""ci95_high"":null,""ci95_low"":null,""estimate"":null,""n_units"":0,""qualified"":false,""sampling_unit"":""epoch_id""}",,,,,False,2.0,short_short,do-sixhour-aimd-20260824-r1,2.0,0.9561360556071266,,"{""bootstrap_replicates"":0,""ci95_high"":null,""ci95_low"":null,""estimate"":null,""n_units"":0,""qualified"":false,""sampling_unit"":""epoch_id""}",9,,
,"{""bootstrap_replicates"":0,""ci95_high"":null,""ci95_low"":null,""estimate"":null,""n_units"":0,""qualified"":false,""sampling_unit"":""epoch_id""}",0,,[],,0,0,,,0,,,0,0,[],0,0,unconfirmed_healthy_observation_only,,,healthy_realized_offered_arrival_rate_over_short_confirmation_epochs; not_drain_inclusive_completed_goodput_or_sustained_capacity,,,,"{""bootstrap_replicates"":0,""ci95_high"":null,""ci95_low"":null,""estimate"":null,""n_units"":0,""qualified"":false,""sampling_unit"":""epoch_id""}",,,,,,"{""bootstrap_replicates"":0,""ci95_high"":null,""ci95_low"":null,""estimate"":null,""n_units"":0,""qualified"":false,""sampling_unit"":""epoch_id""}",,"{""bootstrap_replicates"":0,""ci95_high"":null,""ci95_low"":null,""estimate"":null,""n_units"":0,""qualified"":false,""sampling_unit"":""epoch_id""}",glm-5.2,13,6,12.0,0.2,,"{""bootstrap_replicates"":0,""ci95_high"":null,""ci95_low"":null,""estimate"":null,""n_units"":0,""qualified"":false,""sampling_unit"":""epoch_id""}",,,,,False,0.2,input32k_short,do-sixhour-aimd-20260824-r1,0.20154322489683305,0.06666666666666667,,"{""bootstrap_replicates"":0,""ci95_high"":null,""ci95_low"":null,""estimate"":null,""n_units"":0,""qualified"":false,""sampling_unit"":""epoch_id""}",13,,
4.0,"{""bootstrap_replicates"":2000,""ci95_high"":4.0,""ci95_low"":4.0,""estimate"":4.0,""n_units"":3,""qualified"":true,""sampling_unit"":""epoch_id""}",3,,"[""do-epoch-12a71053a0f659e458ca"",""do-epoch-73799389d8d848cbb60a"",""do-epoch-cd077b045a0e411a202d""]","[15.0,15.0]",3,0,"[55.0,56.0]","[25.0,196.0]",3,,"[1024.0,1024.0]",3,0,"[""streamed""]",3,0,confirmed_bracketed_interval,4.0,0.06666666666666667,healthy_realized_offered_arrival_rate_over_short_confirmation_epochs; not_drain_inclusive_completed_goodput_or_sustained_capacity,12.0,0.2,4.0,"{""bootstrap_replicates"":2000,""ci95_high"":4.0,""ci95_low"":4.0,""estimate"":4.0,""n_units"":3,""qualified"":true,""sampling_unit"":""epoch_id""}",4.0,0.06666666666666667,12.0,0.2,221.33333333333334,"{""bootstrap_replicates"":2000,""ci95_high"":224.0,""ci95_low"":220.0,""estimate"":221.33333333333334,""n_units"":3,""qualified"":true,""sampling_unit"":""epoch_id""}",526.6666666666666,"{""bootstrap_replicates"":2000,""ci95_high"":784.0000000000001,""ci95_low"":100.0,""estimate"":526.6666666666666,""n_units"":3,""qualified"":true,""sampling_unit"":""epoch_id""}",glm-5.2,12,9,30.71686978492822,0.5119478297488037,2.4374301616723337,"{""bootstrap_replicates"":2000,""ci95_high"":4.273844736017054,""ci95_low"":0.6746091700042598,""estimate"":2.4374301616723337,""n_units"":3,""qualified"":true,""sampling_unit"":""epoch_id""}",,,,,False,0.2,mixed,do-sixhour-aimd-20260824-r1,0.5119478297488037,0.06666666666666667,0.5757723553397227,"{""bootstrap_replicates"":2000,""ci95_high"":0.774398141016718,""ci95_low"":0.450778797006933,""estimate"":0.5757723553397227,""n_units"":3,""qualified"":true,""sampling_unit"":""epoch_id""}",12,,
,"{""bootstrap_replicates"":0,""ci95_high"":null,""ci95_low"":null,""estimate"":null,""n_units"":0,""qualified"":false,""sampling_unit"":""epoch_id""}",0,,[],,0,0,,,0,,,0,0,[],0,0,unconfirmed_healthy_observation_only,,,healthy_realized_offered_arrival_rate_over_short_confirmation_epochs; not_drain_inclusive_completed_goodput_or_sustained_capacity,,,,"{""bootstrap_replicates"":0,""ci95_high"":null,""ci95_low"":null,""estimate"":null,""n_units"":0,""qualified"":false,""sampling_unit"":""epoch_id""}",,,,,,"{""bootstrap_replicates"":0,""ci95_high"":null,""ci95_low"":null,""estimate"":null,""n_units"":0,""qualified"":false,""sampling_unit"":""epoch_id""}",,"{""bootstrap_replicates"":0,""ci95_high"":null,""ci95_low"":null,""estimate"":null,""n_units"":0,""qualified"":false,""sampling_unit"":""epoch_id""}",glm-5.2,12,6,12.0,0.2,,"{""bootstrap_replicates"":0,""ci95_high"":null,""ci95_low"":null,""estimate"":null,""n_units"":0,""qualified"":false,""sampling_unit"":""epoch_id""}",,,,,False,0.4666666666666667,short_long,do-sixhour-aimd-20260824-r1,0.4666666666666667,0.013538687493025402,,"{""bootstrap_replicates"":0,""ci95_high"":null,""ci95_low"":null,""estimate"":null,""n_units"":0,""qualified"":false,""sampling_unit"":""epoch_id""}",12,,
,"{""bootstrap_replicates"":0,""ci95_high"":null,""ci95_low"":null,""estimate"":null,""n_units"":0,""qualified"":false,""sampling_unit"":""epoch_id""}",0,,[],,0,0,,,0,,,0,0,[],0,0,unconfirmed_healthy_observation_only,,,healthy_realized_offered_arrival_rate_over_short_confirmation_epochs; not_drain_inclusive_completed_goodput_or_sustained_capacity,,,,"{""bootstrap_replicates"":0,""ci95_high"":null,""ci95_low"":null,""estimate"":null,""n_units"":0,""qualified"":false,""sampling_unit"":""epoch_id""}",,,,,,"{""bootstrap_replicates"":0,""ci95_high"":null,""ci95_low"":null,""estimate"":null,""n_units"":0,""qualified"":false,""sampling_unit"":""epoch_id""}",,"{""bootstrap_replicates"":0,""ci95_high"":null,""ci95_low"":null,""estimate"":null,""n_units"":0,""qualified"":false,""sampling_unit"":""epoch_id""}",glm-5.2,9,3,36.87358408662765,0.6145597347771276,,"{""bootstrap_replicates"":0,""ci95_high"":null,""ci95_low"":null,""estimate"":null,""n_units"":0,""qualified"":false,""sampling_unit"":""epoch_id""}",,,,,False,2.0,short_short,do-sixhour-aimd-20260824-r1,2.0,0.34305442612585757,,"{""bootstrap_replicates"":0,""ci95_high"":null,""ci95_low"":null,""estimate"":null,""n_units"":0,""qualified"":false,""sampling_unit"":""epoch_id""}",9,,
41.55329379567497,"{""bootstrap_replicates"":2000,""ci95_high"":41.95382619994334,""ci95_low"":41.236388255680815,""estimate"":41.55329379567497,""n_units"":3,""qualified"":true,""sampling_unit"":""epoch_id""}",36,,"[""do-epoch-083a43fd3fe49f076d92"",""do-epoch-c8d0d691a40228d4992e"",""do-epoch-f5c579856d3bc00ee81a""]","[17.16172433400061,17.460307036002632]",3,0,"[20844.0,20851.0]","[45.0,64.0]",36,,"[64.0,64.0]",36,0,"[""streamed""]",36,0,confirmed_right_censored_lower_bound,48.0,0.8,healthy_realized_offered_arrival_rate_over_short_confirmation_epochs; not_drain_inclusive_completed_goodput_or_sustained_capacity,,,41.55329379567497,"{""bootstrap_replicates"":2000,""ci95_high"":41.95382619994334,""ci95_low"":41.236388255680815,""estimate"":41.55329379567497,""n_units"":3,""qualified"":true,""sampling_unit"":""epoch_id""}",48.0,0.8,,,866252.3122589379,"{""bootstrap_replicates"":2000,""ci95_high"":874604.4224858521,""ci95_low"":859634.3677720501,""estimate"":866252.3122589379,""n_units"":3,""qualified"":true,""sampling_unit"":""epoch_id""}",2637.2685057621165,"{""bootstrap_replicates"":2000,""ci95_high"":2654.0586836096477,""ci95_low"":2618.6179853131302,""estimate"":2637.2685057621165,""n_units"":3,""qualified"":true,""sampling_unit"":""epoch_id""}",kimi-k3,11,11,48.0,0.8,4.819711359407423,"{""bootstrap_replicates"":2000,""ci95_high"":5.034051840745088,""ci95_low"":4.6234077950954084,""estimate"":4.819711359407423,""n_units"":3,""qualified"":true,""sampling_unit"":""epoch_id""}",,,,,True,,input32k_short,do-sixhour-aimd-20260824-r1,0.8,0.06666666666666667,2.023592996837882,"{""bootstrap_replicates"":2000,""ci95_high"":2.163327163012582,""ci95_low"":1.9074609539966332,""estimate"":2.023592996837882,""n_units"":3,""qualified"":true,""sampling_unit"":""epoch_id""}",11,,
3.93274020591576,"{""bootstrap_replicates"":2000,""ci95_high"":4.0,""ci95_low"":3.798220617747281,""estimate"":3.93274020591576,""n_units"":3,""qualified"":true,""sampling_unit"":""epoch_id""}",3,,"[""do-epoch-4dd54561b13adba64328"",""do-epoch-6c997e28044098da81e5"",""do-epoch-8faeca0c7955d1db4f97""]","[15.0,15.796870702994056]",3,0,"[125.0,132.0]","[61.0,568.0]",3,,"[1024.0,1024.0]",3,0,"[""streamed""]",3,0,confirmed_bracketed_interval,4.0,0.06666666666666667,healthy_realized_offered_arrival_rate_over_short_confirmation_epochs; not_drain_inclusive_completed_goodput_or_sustained_capacity,12.0,0.2,3.93274020591576,"{""bootstrap_replicates"":2000,""ci95_high"":4.0,""ci95_low"":3.798220617747281,""estimate"":3.93274020591576,""n_units"":3,""qualified"":true,""sampling_unit"":""epoch_id""}",4.0,0.06666666666666667,12.0,0.2,505.9901532297997,"{""bootstrap_replicates"":2000,""ci95_high"":528.0,""ci95_low"":489.97045968939915,""estimate"":505.9901532297997,""n_units"":3,""qualified"":true,""sampling_unit"":""epoch_id""}",924.4631036268183,"{""bootstrap_replicates"":2000,""ci95_high"":2157.389310880455,""ci95_low"":244.0,""estimate"":924.4631036268183,""n_units"":3,""qualified"":true,""sampling_unit"":""epoch_id""}",kimi-k3,12,9,23.85513685687229,0.3975856142812048,7.183399104338605,"{""bootstrap_replicates"":2000,""ci95_high"":15.776502718013944,""ci95_low"":2.480291298008524,""estimate"":7.183399104338605,""n_units"":3,""qualified"":true,""sampling_unit"":""epoch_id""}",,,,,False,0.2,mixed,do-sixhour-aimd-20260824-r1,0.3975856142812048,0.06666666666666667,0.8664726629989067,"{""bootstrap_replicates"":2000,""ci95_high"":0.8694088619959075,""ci95_low"":0.8629463530087378,""estimate"":0.8664726629989067,""n_units"":3,""qualified"":true,""sampling_unit"":""epoch_id""}",12,,
,"{""bootstrap_replicates"":0,""ci95_high"":null,""ci95_low"":null,""estimate"":null,""n_units"":0,""qualified"":false,""sampling_unit"":""epoch_id""}",0,,[],,0,0,,,0,,,0,0,[],0,0,unconfirmed_healthy_observation_only,,,healthy_realized_offered_arrival_rate_over_short_confirmation_epochs; not_drain_inclusive_completed_goodput_or_sustained_capacity,,,,"{""bootstrap_replicates"":0,""ci95_high"":null,""ci95_low"":null,""estimate"":null,""n_units"":0,""qualified"":false,""sampling_unit"":""epoch_id""}",,,,,,"{""bootstrap_replicates"":0,""ci95_high"":null,""ci95_low"":null,""estimate"":null,""n_units"":0,""qualified"":false,""sampling_unit"":""epoch_id""}",,"{""bootstrap_replicates"":0,""ci95_high"":null,""ci95_low"":null,""estimate"":null,""n_units"":0,""qualified"":false,""sampling_unit"":""epoch_id""}",kimi-k3,10,9,28.0,0.4666666666666667,,"{""bootstrap_replicates"":0,""ci95_high"":null,""ci95_low"":null,""estimate"":null,""n_units"":0,""qualified"":false,""sampling_unit"":""epoch_id""}",,,,,False,,short_long,do-sixhour-aimd-20260824-r1,0.4666666666666667,0.01664977776673661,,"{""bootstrap_replicates"":0,""ci95_high"":null,""ci95_low"":null,""estimate"":null,""n_units"":0,""qualified"":false,""sampling_unit"":""epoch_id""}",10,,
,"{""bootstrap_replicates"":0,""ci95_high"":null,""ci95_low"":null,""estimate"":null,""n_units"":0,""qualified"":false,""sampling_unit"":""epoch_id""}",0,,[],,0,0,,,0,,,0,0,[],0,0,unconfirmed_healthy_observation_only,,,healthy_realized_offered_arrival_rate_over_short_confirmation_epochs; not_drain_inclusive_completed_goodput_or_sustained_capacity,,,,"{""bootstrap_replicates"":0,""ci95_high"":null,""ci95_low"":null,""estimate"":null,""n_units"":0,""qualified"":false,""sampling_unit"":""epoch_id""}",,,,,,"{""bootstrap_replicates"":0,""ci95_high"":null,""ci95_low"":null,""estimate"":null,""n_units"":0,""qualified"":false,""sampling_unit"":""epoch_id""}",,"{""bootstrap_replicates"":0,""ci95_high"":null,""ci95_low"":null,""estimate"":null,""n_units"":0,""qualified"":false,""sampling_unit"":""epoch_id""}",kimi-k3,9,1,27.0695678284005,0.45115946380667504,,"{""bootstrap_replicates"":0,""ci95_high"":null,""ci95_low"":null,""estimate"":null,""n_units"":0,""qualified"":false,""sampling_unit"":""epoch_id""}",,,,,False,2.0,short_short,do-sixhour-aimd-20260824-r1,2.0,0.4505244101195349,,"{""bootstrap_replicates"":0,""ci95_high"":null,""ci95_low"":null,""estimate"":null,""n_units"":0,""qualified"":false,""sampling_unit"":""epoch_id""}",9,,
,"{""bootstrap_replicates"":0,""ci95_high"":null,""ci95_low"":null,""estimate"":null,""n_units"":0,""qualified"":false,""sampling_unit"":""epoch_id""}",0,,[],,0,0,,,0,,,0,0,[],0,0,unconfirmed_healthy_observation_only,,,healthy_realized_offered_arrival_rate_over_short_confirmation_epochs; not_drain_inclusive_completed_goodput_or_sustained_capacity,,,,"{""bootstrap_replicates"":0,""ci95_high"":null,""ci95_low"":null,""estimate"":null,""n_units"":0,""qualified"":false,""sampling_unit"":""epoch_id""}",,,,,,"{""bootstrap_replicates"":0,""ci95_high"":null,""ci95_low"":null,""estimate"":null,""n_units"":0,""qualified"":false,""sampling_unit"":""epoch_id""}",,"{""bootstrap_replicates"":0,""ci95_high"":null,""ci95_low"":null,""estimate"":null,""n_units"":0,""qualified"":false,""sampling_unit"":""epoch_id""}",mimo-v2.5-pro,11,8,48.0,0.8,,"{""bootstrap_replicates"":0,""ci95_high"":null,""ci95_low"":null,""estimate"":null,""n_units"":0,""qualified"":false,""sampling_unit"":""epoch_id""}",,,,,False,,input32k_short,do-sixhour-aimd-20260824-r1,0.8,0.06666666666666667,,"{""bootstrap_replicates"":0,""ci95_high"":null,""ci95_low"":null,""estimate"":null,""n_units"":0,""qualified"":false,""sampling_unit"":""epoch_id""}",11,,
,"{""bootstrap_replicates"":0,""ci95_high"":null,""ci95_low"":null,""estimate"":null,""n_units"":0,""qualified"":false,""sampling_unit"":""epoch_id""}",0,,[],,0,0,,,0,,,0,0,[],0,0,unconfirmed_healthy_observation_only,,,healthy_realized_offered_arrival_rate_over_short_confirmation_epochs; not_drain_inclusive_completed_goodput_or_sustained_capacity,,,,"{""bootstrap_replicates"":0,""ci95_high"":null,""ci95_low"":null,""estimate"":null,""n_units"":0,""qualified"":false,""sampling_unit"":""epoch_id""}",,,,,,"{""bootstrap_replicates"":0,""ci95_high"":null,""ci95_low"":null,""estimate"":null,""n_units"":0,""qualified"":false,""sampling_unit"":""epoch_id""}",,"{""bootstrap_replicates"":0,""ci95_high"":null,""ci95_low"":null,""estimate"":null,""n_units"":0,""qualified"":false,""sampling_unit"":""epoch_id""}",mimo-v2.5-pro,9,3,18.129777998970063,0.30216296664950104,,"{""bootstrap_replicates"":0,""ci95_high"":null,""ci95_low"":null,""estimate"":null,""n_units"":0,""qualified"":false,""sampling_unit"":""epoch_id""}",,,,,False,0.06666666666666667,mixed,do-sixhour-aimd-20260824-r1,0.30216296664950104,0.06666666666666667,,"{""bootstrap_replicates"":0,""ci95_high"":null,""ci95_low"":null,""estimate"":null,""n_units"":0,""qualified"":false,""sampling_unit"":""epoch_id""}",9,,
,"{""bootstrap_replicates"":0,""ci95_high"":null,""ci95_low"":null,""estimate"":null,""n_units"":0,""qualified"":false,""sampling_unit"":""epoch_id""}",0,,[],,0,0,,,0,,,0,0,[],0,0,unconfirmed_healthy_observation_only,,,healthy_realized_offered_arrival_rate_over_short_confirmation_epochs; not_drain_inclusive_completed_goodput_or_sustained_capacity,,,,"{""bootstrap_replicates"":0,""ci95_high"":null,""ci95_low"":null,""estimate"":null,""n_units"":0,""qualified"":false,""sampling_unit"":""epoch_id""}",,,,,,"{""bootstrap_replicates"":0,""ci95_high"":null,""ci95_low"":null,""estimate"":null,""n_units"":0,""qualified"":false,""sampling_unit"":""epoch_id""}",,"{""bootstrap_replicates"":0,""ci95_high"":null,""ci95_low"":null,""estimate"":null,""n_units"":0,""qualified"":false,""sampling_unit"":""epoch_id""}",mimo-v2.5-pro,12,7,13.759345081669856,0.22932241802783093,,"{""bootstrap_replicates"":0,""ci95_high"":null,""ci95_low"":null,""estimate"":null,""n_units"":0,""qualified"":false,""sampling_unit"":""epoch_id""}",,,,,False,0.06666666666666667,short_long,do-sixhour-aimd-20260824-r1,0.4666666666666667,0.06666666666666667,,"{""bootstrap_replicates"":0,""ci95_high"":null,""ci95_low"":null,""estimate"":null,""n_units"":0,""qualified"":false,""sampling_unit"":""epoch_id""}",12,,
416.0010160381498,"{""bootstrap_replicates"":2000,""ci95_high"":431.1202494919792,""ci95_low"":388.9480943520592,""estimate"":416.0010160381498,""n_units"":3,""qualified"":true,""sampling_unit"":""epoch_id""}",360,,"[""do-epoch-3af60433f4d56fde55ec"",""do-epoch-ce5fe060828ecf19cec0"",""do-epoch-f2366121a656dfcde0d1""]","[16.70067691899021,18.511467479984276]",3,0,"[296.0,308.0]","[57.0,64.0]",360,,"[64.0,64.0]",360,0,"[""streamed""]",360,0,confirmed_right_censored_lower_bound,480.0,8.0,healthy_realized_offered_arrival_rate_over_short_confirmation_epochs; not_drain_inclusive_completed_goodput_or_sustained_capacity,,,416.0010160381498,"{""bootstrap_replicates"":2000,""ci95_high"":431.1202494919792,""ci95_low"":388.9480943520592,""estimate"":416.0010160381498,""n_units"":3,""qualified"":true,""sampling_unit"":""epoch_id""}",480.0,8.0,,,126000.19288349838,"{""bootstrap_replicates"":2000,""ci95_high"":130615.06492108667,""ci95_low"":117724.86445800953,""estimate"":126000.19288349838,""n_units"":3,""qualified"":true,""sampling_unit"":""epoch_id""}",26611.74731678174,"{""bootstrap_replicates"":2000,""ci95_high"":27591.695967486678,""ci95_low"":24869.989399694587,""estimate"":26611.74731678174,""n_units"":3,""qualified"":true,""sampling_unit"":""epoch_id""}",mimo-v2.5-pro,13,10,480.0,8.0,2.964661539896527,"{""bootstrap_replicates"":2000,""ci95_high"":3.0648232677849587,""ci95_low"":2.881444108849974,""estimate"":2.964661539896527,""n_units"":3,""qualified"":true,""sampling_unit"":""epoch_id""}",,,,,True,,short_short,do-sixhour-aimd-20260824-r1,16.0,0.5162787136498969,0.4260655425071794,"{""bootstrap_replicates"":2000,""ci95_high"":0.4460759140056325,""ci95_low"":0.4079258355050115,""estimate"":0.4260655425071794,""n_units"":3,""qualified"":true,""sampling_unit"":""epoch_id""}",13,,
27.543508685610572,"{""bootstrap_replicates"":2000,""ci95_high"":28.0,""ci95_low"":26.63052605683171,""estimate"":27.543508685610572,""n_units"":3,""qualified"":true,""sampling_unit"":""epoch_id""}",21,,"[""do-epoch-5e7735136484aef71100"",""do-epoch-dd3cb926db81e931f205"",""do-epoch-f41294118ec273add2da""]","[15.0,15.771374515985372]",3,0,"[21884.0,21888.0]","[64.0,64.0]",21,,"[64.0,64.0]",21,0,"[""streamed""]",21,0,confirmed_bracketed_interval,28.0,0.4666666666666667,healthy_realized_offered_arrival_rate_over_short_confirmation_epochs; not_drain_inclusive_completed_goodput_or_sustained_capacity,48.0,0.8,27.543508685610572,"{""bootstrap_replicates"":2000,""ci95_high"":28.0,""ci95_low"":26.63052605683171,""estimate"":27.543508685610572,""n_units"":3,""qualified"":true,""sampling_unit"":""epoch_id""}",28.0,0.4666666666666667,48.0,0.8,602816.1586121192,"{""bootstrap_replicates"":2000,""ci95_high"":612836.0,""ci95_low"":582820.4758363577,""estimate"":602816.1586121192,""n_units"":3,""qualified"":true,""sampling_unit"":""epoch_id""}",1762.7845558790766,"{""bootstrap_replicates"":2000,""ci95_high"":1792.0,""ci95_low"":1704.353667637229,""estimate"":1762.7845558790766,""n_units"":3,""qualified"":true,""sampling_unit"":""epoch_id""}",minimax-m2.5,13,10,28.0,0.4666666666666667,3.7105249148327855,"{""bootstrap_replicates"":2000,""ci95_high"":4.314686845193501,""ci95_low"":3.244541066992678,""estimate"":3.7105249148327855,""n_units"":3,""qualified"":true,""sampling_unit"":""epoch_id""}",,,,,False,0.8,input32k_short,do-sixhour-aimd-20260824-r1,0.8,0.06666666666666667,1.6620437143331703,"{""bootstrap_replicates"":2000,""ci95_high"":1.7425168430199847,""ci95_low"":1.6008155389863532,""estimate"":1.6620437143331703,""n_units"":3,""qualified"":true,""sampling_unit"":""epoch_id""}",13,,
35.332598404177816,"{""bootstrap_replicates"":2000,""ci95_high"":35.61139727376048,""ci95_low"":35.150575101679784,""estimate"":35.332598404177816,""n_units"":3,""qualified"":true,""sampling_unit"":""epoch_id""}",45,,"[""do-epoch-34ffabd14fd3ecc78902"",""do-epoch-883aba7c0e661a385d91"",""do-epoch-f8eba759e4c2925c8f22""]","[25.27280783400056,25.60413300199434]",3,0,"[76.0,2767.0]","[61.0,1024.0]",45,,"[1024.0,1024.0]",45,0,"[""streamed""]",45,0,confirmed_right_censored_lower_bound,60.0,1.0,healthy_realized_offered_arrival_rate_over_short_confirmation_epochs; not_drain_inclusive_completed_goodput_or_sustained_capacity,,,35.332598404177816,"{""bootstrap_replicates"":2000,""ci95_high"":35.61139727376048,""ci95_low"":35.150575101679784,""estimate"":35.332598404177816,""n_units"":3,""qualified"":true,""sampling_unit"":""epoch_id""}",60.0,1.0,,,23122.42973079687,"{""bootstrap_replicates"":2000,""ci95_high"":23304.09837594886,""ci95_low"":23009.566461559585,""estimate"":23122.42973079687,""n_units"":3,""qualified"":true,""sampling_unit"":""epoch_id""}",14671.308226099107,"{""bootstrap_replicates"":2000,""ci95_high"":14857.074942612873,""ci95_low"":14371.898473240139,""estimate"":14671.308226099107,""n_units"":3,""qualified"":true,""sampling_unit"":""epoch_id""}",minimax-m2.5,12,12,64.0,1.0666666666666667,14.957188764613237,"{""bootstrap_replicates"":2000,""ci95_high"":15.081705643521852,""ci95_low"":14.74348957799957,""estimate"":14.957188764613237,""n_units"":3,""qualified"":true,""sampling_unit"":""epoch_id""}",,,,,True,,mixed,do-sixhour-aimd-20260824-r1,1.0666666666666667,0.06666666666666667,0.491533209666765,"{""bootstrap_replicates"":2000,""ci95_high"":0.5280393459834158,""ci95_low"":0.46300755100673996,""estimate"":0.491533209666765,""n_units"":3,""qualified"":true,""sampling_unit"":""epoch_id""}",12,,
11.347966925802295,"{""bootstrap_replicates"":2000,""ci95_high"":11.503119708993415,""ci95_low"":11.109724437926575,""estimate"":11.347966925802295,""n_units"":3,""qualified"":true,""sampling_unit"":""epoch_id""}",21,,"[""do-epoch-2124d288972bbe032709"",""do-epoch-97bcc74f2da9121e84f9"",""do-epoch-a58eb867e5064cae87a8""]","[36.51183423498878,37.80471805098932]",3,0,"[100.0,110.0]","[2048.0,2048.0]",21,,"[2048.0,2048.0]",21,0,"[""streamed""]",21,0,confirmed_right_censored_lower_bound,28.0,0.4666666666666667,healthy_realized_offered_arrival_rate_over_short_confirmation_epochs; not_drain_inclusive_completed_goodput_or_sustained_capacity,,,11.347966925802295,"{""bootstrap_replicates"":2000,""ci95_high"":11.503119708993415,""ci95_low"":11.109724437926575,""estimate"":11.347966925802295,""n_units"":3,""qualified"":true,""sampling_unit"":""epoch_id""}",28.0,0.4666666666666667,,,1173.797673295139,"{""bootstrap_replicates"":2000,""ci95_high"":1197.9677525508857,""ci95_low"":1141.1274101241725,""estimate"":1173.797673295139,""n_units"":3,""qualified"":true,""sampling_unit"":""epoch_id""}",23240.6362640431,"{""bootstrap_replicates"":2000,""ci95_high"":23558.389164018514,""ci95_low"":22752.715648873625,""estimate"":23240.6362640431,""n_units"":3,""qualified"":true,""sampling_unit"":""epoch_id""}",minimax-m2.5,12,11,28.0,0.4666666666666667,26.249636589123597,"{""bootstrap_replicates"":2000,""ci95_high"":26.80032861608488,""ci95_low"":25.964644025400048,""estimate"":26.249636589123597,""n_units"":3,""qualified"":true,""sampling_unit"":""epoch_id""}",,,,,True,,short_long,do-sixhour-aimd-20260824-r1,0.4666666666666667,0.0418705465053142,0.495209568325663,"{""bootstrap_replicates"":2000,""ci95_high"":0.52440118798404,""ci95_low"":0.43895828298991546,""estimate"":0.495209568325663,""n_units"":3,""qualified"":true,""sampling_unit"":""epoch_id""}",12,,
422.0694578345231,"{""bootstrap_replicates"":2000,""ci95_high"":446.66291486565365,""ci95_low"":379.187869844556,""estimate"":422.0694578345231,""n_units"":3,""qualified"":true,""sampling_unit"":""epoch_id""}",360,,"[""do-epoch-548642b4e0d4917bf371"",""do-epoch-bc04db8fcc24433f5095"",""do-epoch-eaa5658cbbddd443a425""]","[16.11953838201589,18.987949173984816]",3,0,"[72.0,84.0]","[64.0,64.0]",360,,"[64.0,64.0]",360,0,"[""streamed""]",360,0,confirmed_bracketed_interval,480.0,8.0,healthy_realized_offered_arrival_rate_over_short_confirmation_epochs; not_drain_inclusive_completed_goodput_or_sustained_capacity,960.0,16.0,422.0694578345231,"{""bootstrap_replicates"":2000,""ci95_high"":446.66291486565365,""ci95_low"":379.187869844556,""estimate"":422.0694578345231,""n_units"":3,""qualified"":true,""sampling_unit"":""epoch_id""}",480.0,8.0,960.0,16.0,32918.07928935724,"{""bootstrap_replicates"":2000,""ci95_high"":34895.540223879194,""ci95_low"":29507.1360717372,""estimate"":32918.07928935724,""n_units"":3,""qualified"":true,""sampling_unit"":""epoch_id""}",27012.44530140948,"{""bootstrap_replicates"":2000,""ci95_high"":28586.426551401837,""ci95_low"":24268.023670051585,""estimate"":27012.44530140948,""n_units"":3,""qualified"":true,""sampling_unit"":""epoch_id""}",minimax-m2.5,13,9,480.0,8.0,2.1089442383386388,"{""bootstrap_replicates"":2000,""ci95_high"":2.2639062362082765,""ci95_low"":1.8026700075599364,""estimate"":2.1089442383386388,""n_units"":3,""qualified"":true,""sampling_unit"":""epoch_id""}",,,,,False,16.0,short_short,do-sixhour-aimd-20260824-r1,16.0,0.7453986435475871,0.38161823867024697,"{""bootstrap_replicates"":2000,""ci95_high"":0.3821015130088199,""ci95_low"":0.3812895530136302,""estimate"":0.38161823867024697,""n_units"":3,""qualified"":true,""sampling_unit"":""epoch_id""}",13,,
12.0,"{""bootstrap_replicates"":2000,""ci95_high"":12.0,""ci95_low"":12.0,""estimate"":12.0,""n_units"":3,""qualified"":true,""sampling_unit"":""epoch_id""}",9,,"[""do-epoch-11a65a75c4a109b16ba1"",""do-epoch-56d4eddca3af0f98210a"",""do-epoch-9e500592fee76673ab30""]","[15.0,15.0]",3,0,"[25154.0,25158.0]","[64.0,64.0]",9,,"[64.0,64.0]",9,0,"[""streamed""]",9,0,confirmed_bracketed_interval,12.0,0.2,healthy_realized_offered_arrival_rate_over_short_confirmation_epochs; not_drain_inclusive_completed_goodput_or_sustained_capacity,28.0,0.4666666666666667,12.0,"{""bootstrap_replicates"":2000,""ci95_high"":12.0,""ci95_low"":12.0,""estimate"":12.0,""n_units"":3,""qualified"":true,""sampling_unit"":""epoch_id""}",12.0,0.2,28.0,0.4666666666666667,301870.6666666667,"{""bootstrap_replicates"":2000,""ci95_high"":301880.0,""ci95_low"":301864.0,""estimate"":301870.6666666667,""n_units"":3,""qualified"":true,""sampling_unit"":""epoch_id""}",768.0,"{""bootstrap_replicates"":2000,""ci95_high"":768.0,""ci95_low"":768.0,""estimate"":768.0,""n_units"":3,""qualified"":true,""sampling_unit"":""epoch_id""}",nemotron-3-ultra-550b,13,10,20.651943065218646,0.34419905108697746,2.9790605770744154,"{""bootstrap_replicates"":2000,""ci95_high"":3.0523043388151567,""ci95_low"":2.9248698580224306,""estimate"":2.9790605770744154,""n_units"":3,""qualified"":true,""sampling_unit"":""epoch_id""}",,,,,False,0.4666666666666667,input32k_short,do-sixhour-aimd-20260824-r1,0.4666666666666667,0.06666666666666667,2.2286005316709634,"{""bootstrap_replicates"":2000,""ci95_high"":2.254073206015164,""ci95_low"":2.2026763659960125,""estimate"":2.2286005316709634,""n_units"":3,""qualified"":true,""sampling_unit"":""epoch_id""}",13,,
12.0,"{""bootstrap_replicates"":2000,""ci95_high"":12.0,""ci95_low"":12.0,""estimate"":12.0,""n_units"":3,""qualified"":true,""sampling_unit"":""epoch_id""}",9,,"[""do-epoch-3c7fe0ca5725d4ebb083"",""do-epoch-83d883c78ca6155c32ee"",""do-epoch-b0da79ac7ccd864c263f""]","[15.0,15.0]",3,0,"[70.0,3167.0]","[52.0,600.0]",9,,"[1024.0,1024.0]",9,0,"[""streamed""]",9,0,confirmed_right_censored_lower_bound,12.0,0.2,healthy_realized_offered_arrival_rate_over_short_confirmation_epochs; not_drain_inclusive_completed_goodput_or_sustained_capacity,,,12.0,"{""bootstrap_replicates"":2000,""ci95_high"":12.0,""ci95_low"":12.0,""estimate"":12.0,""n_units"":3,""qualified"":true,""sampling_unit"":""epoch_id""}",12.0,0.2,,,12950.666666666666,"{""bootstrap_replicates"":2000,""ci95_high"":12956.0,""ci95_low"":12944.0,""estimate"":12950.666666666666,""n_units"":3,""qualified"":true,""sampling_unit"":""epoch_id""}",1812.0,"{""bootstrap_replicates"":2000,""ci95_high"":2616.0,""ci95_low"":1012.0,""estimate"":1812.0,""n_units"":3,""qualified"":true,""sampling_unit"":""epoch_id""}",nemotron-3-ultra-550b,12,8,47.82713082547107,0.7971188470911845,5.596595149040028,"{""bootstrap_replicates"":2000,""ci95_high"":7.244169113819953,""ci95_low"":3.357444901691633,""estimate"":5.596595149040028,""n_units"":3,""qualified"":true,""sampling_unit"":""epoch_id""}",,,,,True,,mixed,do-sixhour-aimd-20260824-r1,0.7971188470911845,0.06666666666666667,0.5973229573282879,"{""bootstrap_replicates"":2000,""ci95_high"":0.6702677569992375,""ci95_low"":0.5062616749783047,""estimate"":0.5973229573282879,""n_units"":3,""qualified"":true,""sampling_unit"":""epoch_id""}",12,,
,"{""bootstrap_replicates"":0,""ci95_high"":null,""ci95_low"":null,""estimate"":null,""n_units"":0,""qualified"":false,""sampling_unit"":""epoch_id""}",0,,[],,0,0,,,0,,,0,0,[],0,0,unconfirmed_healthy_observation_only,,,healthy_realized_offered_arrival_rate_over_short_confirmation_epochs; not_drain_inclusive_completed_goodput_or_sustained_capacity,,,,"{""bootstrap_replicates"":0,""ci95_high"":null,""ci95_low"":null,""estimate"":null,""n_units"":0,""qualified"":false,""sampling_unit"":""epoch_id""}",,,,,,"{""bootstrap_replicates"":0,""ci95_high"":null,""ci95_low"":null,""estimate"":null,""n_units"":0,""qualified"":false,""sampling_unit"":""epoch_id""}",,"{""bootstrap_replicates"":0,""ci95_high"":null,""ci95_low"":null,""estimate"":null,""n_units"":0,""qualified"":false,""sampling_unit"":""epoch_id""}",nemotron-3-ultra-550b,12,7,14.697286219949913,0.24495477033249854,,"{""bootstrap_replicates"":0,""ci95_high"":null,""ci95_low"":null,""estimate"":null,""n_units"":0,""qualified"":false,""sampling_unit"":""epoch_id""}",,,,,False,0.2,short_long,do-sixhour-aimd-20260824-r1,0.24495477033249854,0.06666666666666667,,"{""bootstrap_replicates"":0,""ci95_high"":null,""ci95_low"":null,""estimate"":null,""n_units"":0,""qualified"":false,""sampling_unit"":""epoch_id""}",12,,
,"{""bootstrap_replicates"":0,""ci95_high"":null,""ci95_low"":null,""estimate"":null,""n_units"":0,""qualified"":false,""sampling_unit"":""epoch_id""}",0,,[],,0,0,,,0,,,0,0,[],0,0,unconfirmed_healthy_observation_only,,,healthy_realized_offered_arrival_rate_over_short_confirmation_epochs; not_drain_inclusive_completed_goodput_or_sustained_capacity,,,,"{""bootstrap_replicates"":0,""ci95_high"":null,""ci95_low"":null,""estimate"":null,""n_units"":0,""qualified"":false,""sampling_unit"":""epoch_id""}",,,,,,"{""bootstrap_replicates"":0,""ci95_high"":null,""ci95_low"":null,""estimate"":null,""n_units"":0,""qualified"":false,""sampling_unit"":""epoch_id""}",,"{""bootstrap_replicates"":0,""ci95_high"":null,""ci95_low"":null,""estimate"":null,""n_units"":0,""qualified"":false,""sampling_unit"":""epoch_id""}",nemotron-3-ultra-550b,9,2,59.635806751079045,0.9939301125179841,,"{""bootstrap_replicates"":0,""ci95_high"":null,""ci95_low"":null,""estimate"":null,""n_units"":0,""qualified"":false,""sampling_unit"":""epoch_id""}",,,,,False,2.0,short_short,do-sixhour-aimd-20260824-r1,2.0,0.7933127152433066,,"{""bootstrap_replicates"":0,""ci95_high"":null,""ci95_low"":null,""estimate"":null,""n_units"":0,""qualified"":false,""sampling_unit"":""epoch_id""}",9,,
,"{""bootstrap_replicates"":0,""ci95_high"":null,""ci95_low"":null,""estimate"":null,""n_units"":0,""qualified"":false,""sampling_unit"":""epoch_id""}",0,,[],,0,0,,,0,,,0,0,[],0,0,censored_no_valid_healthy_epoch,,,healthy_realized_offered_arrival_rate_over_short_confirmation_epochs; not_drain_inclusive_completed_goodput_or_sustained_capacity,,,,"{""bootstrap_replicates"":0,""ci95_high"":null,""ci95_low"":null,""estimate"":null,""n_units"":0,""qualified"":false,""sampling_unit"":""epoch_id""}",,,,,,"{""bootstrap_replicates"":0,""ci95_high"":null,""ci95_low"":null,""estimate"":null,""n_units"":0,""qualified"":false,""sampling_unit"":""epoch_id""}",,"{""bootstrap_replicates"":0,""ci95_high"":null,""ci95_low"":null,""estimate"":null,""n_units"":0,""qualified"":false,""sampling_unit"":""epoch_id""}",nvidia-nemotron-3-super-120b,9,0,,,,"{""bootstrap_replicates"":0,""ci95_high"":null,""ci95_low"":null,""estimate"":null,""n_units"":0,""qualified"":false,""sampling_unit"":""epoch_id""}",,,,,False,0.06666666666666667,input32k_short,do-sixhour-aimd-20260824-r1,2.356602610429453,0.06666666666666667,,"{""bootstrap_replicates"":0,""ci95_high"":null,""ci95_low"":null,""estimate"":null,""n_units"":0,""qualified"":false,""sampling_unit"":""epoch_id""}",9,,
,"{""bootstrap_replicates"":0,""ci95_high"":null,""ci95_low"":null,""estimate"":null,""n_units"":0,""qualified"":false,""sampling_unit"":""epoch_id""}",0,,[],,0,0,,,0,,,0,0,[],0,0,censored_no_valid_healthy_epoch,,,healthy_realized_offered_arrival_rate_over_short_confirmation_epochs; not_drain_inclusive_completed_goodput_or_sustained_capacity,,,,"{""bootstrap_replicates"":0,""ci95_high"":null,""ci95_low"":null,""estimate"":null,""n_units"":0,""qualified"":false,""sampling_unit"":""epoch_id""}",,,,,,"{""bootstrap_replicates"":0,""ci95_high"":null,""ci95_low"":null,""estimate"":null,""n_units"":0,""qualified"":false,""sampling_unit"":""epoch_id""}",,"{""bootstrap_replicates"":0,""ci95_high"":null,""ci95_low"":null,""estimate"":null,""n_units"":0,""qualified"":false,""sampling_unit"":""epoch_id""}",nvidia-nemotron-3-super-120b,9,0,,,,"{""bootstrap_replicates"":0,""ci95_high"":null,""ci95_low"":null,""estimate"":null,""n_units"":0,""qualified"":false,""sampling_unit"":""epoch_id""}",,,,,False,0.06666666666666667,mixed,do-sixhour-aimd-20260824-r1,3.0369931488847897,0.06666666666666667,,"{""bootstrap_replicates"":0,""ci95_high"":null,""ci95_low"":null,""estimate"":null,""n_units"":0,""qualified"":false,""sampling_unit"":""epoch_id""}",9,,
,"{""bootstrap_replicates"":0,""ci95_high"":null,""ci95_low"":null,""estimate"":null,""n_units"":0,""qualified"":false,""sampling_unit"":""epoch_id""}",0,,[],,0,0,,,0,,,0,0,[],0,0,unconfirmed_healthy_observation_only,,,healthy_realized_offered_arrival_rate_over_short_confirmation_epochs; not_drain_inclusive_completed_goodput_or_sustained_capacity,,,,"{""bootstrap_replicates"":0,""ci95_high"":null,""ci95_low"":null,""estimate"":null,""n_units"":0,""qualified"":false,""sampling_unit"":""epoch_id""}",,,,,,"{""bootstrap_replicates"":0,""ci95_high"":null,""ci95_low"":null,""estimate"":null,""n_units"":0,""qualified"":false,""sampling_unit"":""epoch_id""}",,"{""bootstrap_replicates"":0,""ci95_high"":null,""ci95_low"":null,""estimate"":null,""n_units"":0,""qualified"":false,""sampling_unit"":""epoch_id""}",nvidia-nemotron-3-super-120b,9,1,1.4749180304027019,0.024581967173378363,,"{""bootstrap_replicates"":0,""ci95_high"":null,""ci95_low"":null,""estimate"":null,""n_units"":0,""qualified"":false,""sampling_unit"":""epoch_id""}",,,,,False,0.06666666666666667,short_long,do-sixhour-aimd-20260824-r1,2.9927771508444514,0.024581967173378363,,"{""bootstrap_replicates"":0,""ci95_high"":null,""ci95_low"":null,""estimate"":null,""n_units"":0,""qualified"":false,""sampling_unit"":""epoch_id""}",9,,
42.47146232059256,"{""bootstrap_replicates"":2000,""ci95_high"":45.754956296135816,""ci95_low"":36.06766866818886,""estimate"":42.47146232059256,""n_units"":3,""qualified"":true,""sampling_unit"":""epoch_id""}",45,,"[""do-epoch-996986237b4ac0a491fb"",""do-epoch-dd5fe433eb178ed5257b"",""do-epoch-f608a8e9bddff72fc06f""]","[19.670000211015576,24.953096034005284]",3,0,"[68.0,75.0]","[64.0,64.0]",45,,"[64.0,64.0]",45,0,"[""streamed""]",45,0,confirmed_bracketed_interval,60.0,1.0,healthy_realized_offered_arrival_rate_over_short_confirmation_epochs; not_drain_inclusive_completed_goodput_or_sustained_capacity,120.0,2.0,42.47146232059256,"{""bootstrap_replicates"":2000,""ci95_high"":45.754956296135816,""ci95_low"":36.06766866818886,""estimate"":42.47146232059256,""n_units"":3,""qualified"":true,""sampling_unit"":""epoch_id""}",60.0,1.0,120.0,2.0,3030.8594021939443,"{""bootstrap_replicates"":2000,""ci95_high"":3266.9038795440974,""ci95_low"":2570.4225204195923,""estimate"":3030.8594021939443,""n_units"":3,""qualified"":true,""sampling_unit"":""epoch_id""}",2718.1735885179232,"{""bootstrap_replicates"":2000,""ci95_high"":2928.3172029526922,""ci95_low"":2308.330794764087,""estimate"":2718.1735885179232,""n_units"":3,""qualified"":true,""sampling_unit"":""epoch_id""}",nvidia-nemotron-3-super-120b,11,7,60.0,1.0,6.934081002508171,"{""bootstrap_replicates"":2000,""ci95_high"":7.827441413019546,""ci95_low"":5.987023671995847,""estimate"":6.934081002508171,""n_units"":3,""qualified"":true,""sampling_unit"":""epoch_id""}",,,,,False,2.0,short_short,do-sixhour-aimd-20260824-r1,2.920052800188291,0.17403102268028345,0.5652516566624399,"{""bootstrap_replicates"":2000,""ci95_high"":0.5765118289855309,""ci95_low"":0.5553393959999084,""estimate"":0.5652516566624399,""n_units"":3,""qualified"":true,""sampling_unit"":""epoch_id""}",11,,
41.19019277610531,"{""bootstrap_replicates"":2000,""ci95_high"":42.006528120381816,""ci95_low"":40.14704627637434,""estimate"":41.19019277610531,""n_units"":3,""qualified"":true,""sampling_unit"":""epoch_id""}",36,,"[""do-epoch-56699b83833ecceddd6f"",""do-epoch-6b8f34077f89c4d03184"",""do-epoch-f8b808fac0550c882b34""]","[17.140193018014543,17.934071538998978]",3,0,"[21911.0,21917.0]","[64.0,64.0]",36,,"[64.0,64.0]",36,0,"[""streamed""]",36,0,confirmed_right_censored_lower_bound,48.0,0.8,healthy_realized_offered_arrival_rate_over_short_confirmation_epochs; not_drain_inclusive_completed_goodput_or_sustained_capacity,,,41.19019277610531,"{""bootstrap_replicates"":2000,""ci95_high"":42.006528120381816,""ci95_low"":40.14704627637434,""estimate"":41.19019277610531,""n_units"":3,""qualified"":true,""sampling_unit"":""epoch_id""}",48.0,0.8,,,902652.015761789,"{""bootstrap_replicates"":2000,""ci95_high"":920513.554509997,""ci95_low"":879795.7544492263,""estimate"":902652.015761789,""n_units"":3,""qualified"":true,""sampling_unit"":""epoch_id""}",2636.17233767074,"{""bootstrap_replicates"":2000,""ci95_high"":2688.4177997044367,""ci95_low"":2569.4109616879578,""estimate"":2636.17233767074,""n_units"":3,""qualified"":true,""sampling_unit"":""epoch_id""}",openai-gpt-oss-120b,11,11,48.0,0.8,4.655059376485586,"{""bootstrap_replicates"":2000,""ci95_high"":4.9430740070514725,""ci95_low"":4.4136337832591375,""estimate"":4.655059376485586,""n_units"":3,""qualified"":true,""sampling_unit"":""epoch_id""}",,,,,True,,input32k_short,do-sixhour-aimd-20260824-r1,0.8,0.06666666666666667,1.6872222803309949,"{""bootstrap_replicates"":2000,""ci95_high"":1.8927402650006115,""ci95_low"":1.5741452619986376,""estimate"":1.6872222803309949,""n_units"":3,""qualified"":true,""sampling_unit"":""epoch_id""}",11,,
4.0,"{""bootstrap_replicates"":2000,""ci95_high"":4.0,""ci95_low"":4.0,""estimate"":4.0,""n_units"":3,""qualified"":true,""sampling_unit"":""epoch_id""}",3,,"[""do-epoch-10a7e9a250ee355a3a64"",""do-epoch-1f346250bf0ba781b118"",""do-epoch-84749f65661ad63a825e""]","[15.0,15.0]",3,0,"[107.0,110.0]","[31.0,85.0]",3,,"[1024.0,1024.0]",3,0,"[""streamed""]",3,0,confirmed_bracketed_interval,4.0,0.06666666666666667,healthy_realized_offered_arrival_rate_over_short_confirmation_epochs; not_drain_inclusive_completed_goodput_or_sustained_capacity,12.0,0.2,4.0,"{""bootstrap_replicates"":2000,""ci95_high"":4.0,""ci95_low"":4.0,""estimate"":4.0,""n_units"":3,""qualified"":true,""sampling_unit"":""epoch_id""}",4.0,0.06666666666666667,12.0,0.2,433.3333333333333,"{""bootstrap_replicates"":2000,""ci95_high"":440.0,""ci95_low"":428.0,""estimate"":433.3333333333333,""n_units"":3,""qualified"":true,""sampling_unit"":""epoch_id""}",228.0,"{""bootstrap_replicates"":2000,""ci95_high"":340.0,""ci95_low"":123.99999999999999,""estimate"":228.0,""n_units"":3,""qualified"":true,""sampling_unit"":""epoch_id""}",openai-gpt-oss-120b,12,10,26.46970782932758,0.44116179715545967,2.1289622469921596,"{""bootstrap_replicates"":2000,""ci95_high"":2.5418835019809194,""ci95_low"":1.4833480690140277,""estimate"":2.1289622469921596,""n_units"":3,""qualified"":true,""sampling_unit"":""epoch_id""}",,,,,False,0.2,mixed,do-sixhour-aimd-20260824-r1,0.44116179715545967,0.06666666666666667,0.5731278776559824,"{""bootstrap_replicates"":2000,""ci95_high"":0.7001742499996908,""ci95_low"":0.4496990669867955,""estimate"":0.5731278776559824,""n_units"":3,""qualified"":true,""sampling_unit"":""epoch_id""}",12,,
,"{""bootstrap_replicates"":0,""ci95_high"":null,""ci95_low"":null,""estimate"":null,""n_units"":0,""qualified"":false,""sampling_unit"":""epoch_id""}",0,,[],,0,0,,,0,,,0,0,[],0,0,unconfirmed_healthy_observation_only,,,healthy_realized_offered_arrival_rate_over_short_confirmation_epochs; not_drain_inclusive_completed_goodput_or_sustained_capacity,,,,"{""bootstrap_replicates"":0,""ci95_high"":null,""ci95_low"":null,""estimate"":null,""n_units"":0,""qualified"":false,""sampling_unit"":""epoch_id""}",,,,,,"{""bootstrap_replicates"":0,""ci95_high"":null,""ci95_low"":null,""estimate"":null,""n_units"":0,""qualified"":false,""sampling_unit"":""epoch_id""}",,"{""bootstrap_replicates"":0,""ci95_high"":null,""ci95_low"":null,""estimate"":null,""n_units"":0,""qualified"":false,""sampling_unit"":""epoch_id""}",openai-gpt-oss-120b,12,5,12.0,0.2,,"{""bootstrap_replicates"":0,""ci95_high"":null,""ci95_low"":null,""estimate"":null,""n_units"":0,""qualified"":false,""sampling_unit"":""epoch_id""}",,,,,False,0.4666666666666667,short_long,do-sixhour-aimd-20260824-r1,0.4666666666666667,0.015356819480166416,,"{""bootstrap_replicates"":0,""ci95_high"":null,""ci95_low"":null,""estimate"":null,""n_units"":0,""qualified"":false,""sampling_unit"":""epoch_id""}",12,,
411.6430872578707,"{""bootstrap_replicates"":2000,""ci95_high"":419.006402930911,""ci95_low"":397.1765437074594,""estimate"":411.6430872578707,""n_units"":3,""qualified"":true,""sampling_unit"":""epoch_id""}",360,,"[""do-epoch-40d61352b207bb5f00a1"",""do-epoch-50cf10d95047ef20461e"",""do-epoch-899c3a64107d466a96ee""]","[17.183508293994237,18.127958747994853]",3,0,"[100.0,114.0]","[23.0,64.0]",360,,"[64.0,64.0]",360,0,"[""streamed""]",360,0,confirmed_right_censored_lower_bound,480.0,8.0,healthy_realized_offered_arrival_rate_over_short_confirmation_epochs; not_drain_inclusive_completed_goodput_or_sustained_capacity,,,411.6430872578707,"{""bootstrap_replicates"":2000,""ci95_high"":419.006402930911,""ci95_low"":397.1765437074594,""estimate"":411.6430872578707,""n_units"":3,""qualified"":true,""sampling_unit"":""epoch_id""}",480.0,8.0,,,43937.15078442689,"{""bootstrap_replicates"":2000,""ci95_high"":44763.85071311899,""ci95_low"":42395.286236240405,""estimate"":43937.15078442689,""n_units"":3,""qualified"":true,""sampling_unit"":""epoch_id""}",23611.53391829913,"{""bootstrap_replicates"":2000,""ci95_high"":24514.10719854227,""ci95_low"":22374.278628853546,""estimate"":23611.53391829913,""n_units"":3,""qualified"":true,""sampling_unit"":""epoch_id""}",openai-gpt-oss-120b,13,10,480.0,8.0,2.666380706289298,"{""bootstrap_replicates"":2000,""ci95_high"":2.779925274201377,""ci95_low"":2.5889620875022956,""estimate"":2.666380706289298,""n_units"":3,""qualified"":true,""sampling_unit"":""epoch_id""}",,,,,True,,short_short,do-sixhour-aimd-20260824-r1,16.0,0.43242076801142404,0.47078220399756293,"{""bootstrap_replicates"":2000,""ci95_high"":0.5049889920046553,""ci95_low"":0.453468300998793,""estimate"":0.47078220399756293,""n_units"":3,""qualified"":true,""sampling_unit"":""epoch_id""}",13,,
,"{""bootstrap_replicates"":0,""ci95_high"":null,""ci95_low"":null,""estimate"":null,""n_units"":0,""qualified"":false,""sampling_unit"":""epoch_id""}",0,,[],,0,0,,,0,,,0,0,[],0,0,censored_no_valid_healthy_epoch,,,healthy_realized_offered_arrival_rate_over_short_confirmation_epochs; not_drain_inclusive_completed_goodput_or_sustained_capacity,,,,"{""bootstrap_replicates"":0,""ci95_high"":null,""ci95_low"":null,""estimate"":null,""n_units"":0,""qualified"":false,""sampling_unit"":""epoch_id""}",,,,,,"{""bootstrap_replicates"":0,""ci95_high"":null,""ci95_low"":null,""estimate"":null,""n_units"":0,""qualified"":false,""sampling_unit"":""epoch_id""}",,"{""bootstrap_replicates"":0,""ci95_high"":null,""ci95_low"":null,""estimate"":null,""n_units"":0,""qualified"":false,""sampling_unit"":""epoch_id""}",qwen3.5-397b-a17b,9,0,,,,"{""bootstrap_replicates"":0,""ci95_high"":null,""ci95_low"":null,""estimate"":null,""n_units"":0,""qualified"":false,""sampling_unit"":""epoch_id""}",,,,,False,0.06666666666666667,input32k_short,do-sixhour-aimd-20260824-r1,1.7834257651501915,0.06666666666666667,,"{""bootstrap_replicates"":0,""ci95_high"":null,""ci95_low"":null,""estimate"":null,""n_units"":0,""qualified"":false,""sampling_unit"":""epoch_id""}",9,,
,"{""bootstrap_replicates"":0,""ci95_high"":null,""ci95_low"":null,""estimate"":null,""n_units"":0,""qualified"":false,""sampling_unit"":""epoch_id""}",0,,[],,0,0,,,0,,,0,0,[],0,0,censored_no_valid_healthy_epoch,,,healthy_realized_offered_arrival_rate_over_short_confirmation_epochs; not_drain_inclusive_completed_goodput_or_sustained_capacity,,,,"{""bootstrap_replicates"":0,""ci95_high"":null,""ci95_low"":null,""estimate"":null,""n_units"":0,""qualified"":false,""sampling_unit"":""epoch_id""}",,,,,,"{""bootstrap_replicates"":0,""ci95_high"":null,""ci95_low"":null,""estimate"":null,""n_units"":0,""qualified"":false,""sampling_unit"":""epoch_id""}",,"{""bootstrap_replicates"":0,""ci95_high"":null,""ci95_low"":null,""estimate"":null,""n_units"":0,""qualified"":false,""sampling_unit"":""epoch_id""}",qwen3.5-397b-a17b,9,0,,,,"{""bootstrap_replicates"":0,""ci95_high"":null,""ci95_low"":null,""estimate"":null,""n_units"":0,""qualified"":false,""sampling_unit"":""epoch_id""}",,,,,False,0.06666666666666667,mixed,do-sixhour-aimd-20260824-r1,3.5240293198501758,0.06666666666666667,,"{""bootstrap_replicates"":0,""ci95_high"":null,""ci95_low"":null,""estimate"":null,""n_units"":0,""qualified"":false,""sampling_unit"":""epoch_id""}",9,,
,"{""bootstrap_replicates"":0,""ci95_high"":null,""ci95_low"":null,""estimate"":null,""n_units"":0,""qualified"":false,""sampling_unit"":""epoch_id""}",0,,[],,0,0,,,0,,,0,0,[],0,0,censored_no_valid_healthy_epoch,,,healthy_realized_offered_arrival_rate_over_short_confirmation_epochs; not_drain_inclusive_completed_goodput_or_sustained_capacity,,,,"{""bootstrap_replicates"":0,""ci95_high"":null,""ci95_low"":null,""estimate"":null,""n_units"":0,""qualified"":false,""sampling_unit"":""epoch_id""}",,,,,,"{""bootstrap_replicates"":0,""ci95_high"":null,""ci95_low"":null,""estimate"":null,""n_units"":0,""qualified"":false,""sampling_unit"":""epoch_id""}",,"{""bootstrap_replicates"":0,""ci95_high"":null,""ci95_low"":null,""estimate"":null,""n_units"":0,""qualified"":false,""sampling_unit"":""epoch_id""}",qwen3.5-397b-a17b,9,0,,,,"{""bootstrap_replicates"":0,""ci95_high"":null,""ci95_low"":null,""estimate"":null,""n_units"":0,""qualified"":false,""sampling_unit"":""epoch_id""}",,,,,False,0.06666666666666667,short_long,do-sixhour-aimd-20260824-r1,3.1854883218749186,0.06666666666666667,,"{""bootstrap_replicates"":0,""ci95_high"":null,""ci95_low"":null,""estimate"":null,""n_units"":0,""qualified"":false,""sampling_unit"":""epoch_id""}",9,,
,"{""bootstrap_replicates"":0,""ci95_high"":null,""ci95_low"":null,""estimate"":null,""n_units"":0,""qualified"":false,""sampling_unit"":""epoch_id""}",0,,[],,0,0,,,0,,,0,0,[],0,0,censored_no_valid_healthy_epoch,,,healthy_realized_offered_arrival_rate_over_short_confirmation_epochs; not_drain_inclusive_completed_goodput_or_sustained_capacity,,,,"{""bootstrap_replicates"":0,""ci95_high"":null,""ci95_low"":null,""estimate"":null,""n_units"":0,""qualified"":false,""sampling_unit"":""epoch_id""}",,,,,,"{""bootstrap_replicates"":0,""ci95_high"":null,""ci95_low"":null,""estimate"":null,""n_units"":0,""qualified"":false,""sampling_unit"":""epoch_id""}",,"{""bootstrap_replicates"":0,""ci95_high"":null,""ci95_low"":null,""estimate"":null,""n_units"":0,""qualified"":false,""sampling_unit"":""epoch_id""}",qwen3.5-397b-a17b,9,0,,,,"{""bootstrap_replicates"":0,""ci95_high"":null,""ci95_low"":null,""estimate"":null,""n_units"":0,""qualified"":false,""sampling_unit"":""epoch_id""}",,,,,False,1.3779769288244612,short_short,do-sixhour-aimd-20260824-r1,3.0228421702926727,1.0,,"{""bootstrap_replicates"":0,""ci95_high"":null,""ci95_low"":null,""estimate"":null,""n_units"":0,""qualified"":false,""sampling_unit"":""epoch_id""}",9,,
,"{""bootstrap_replicates"":0,""ci95_high"":null,""ci95_low"":null,""estimate"":null,""n_units"":0,""qualified"":false,""sampling_unit"":""epoch_id""}",0,,[],,0,0,,,0,,,0,0,[],0,0,unconfirmed_healthy_observation_only,,,healthy_realized_offered_arrival_rate_over_short_confirmation_epochs; not_drain_inclusive_completed_goodput_or_sustained_capacity,,,,"{""bootstrap_replicates"":0,""ci95_high"":null,""ci95_low"":null,""estimate"":null,""n_units"":0,""qualified"":false,""sampling_unit"":""epoch_id""}",,,,,,"{""bootstrap_replicates"":0,""ci95_high"":null,""ci95_low"":null,""estimate"":null,""n_units"":0,""qualified"":false,""sampling_unit"":""epoch_id""}",,"{""bootstrap_replicates"":0,""ci95_high"":null,""ci95_low"":null,""estimate"":null,""n_units"":0,""qualified"":false,""sampling_unit"":""epoch_id""}",qwen3.8-max,11,8,48.0,0.8,,"{""bootstrap_replicates"":0,""ci95_high"":null,""ci95_low"":null,""estimate"":null,""n_units"":0,""qualified"":false,""sampling_unit"":""epoch_id""}",,,,,False,,input32k_short,do-sixhour-aimd-20260824-r1,0.8,0.06666666666666667,,"{""bootstrap_replicates"":0,""ci95_high"":null,""ci95_low"":null,""estimate"":null,""n_units"":0,""qualified"":false,""sampling_unit"":""epoch_id""}",11,,
,"{""bootstrap_replicates"":0,""ci95_high"":null,""ci95_low"":null,""estimate"":null,""n_units"":0,""qualified"":false,""sampling_unit"":""epoch_id""}",0,,[],,0,0,,,0,,,0,0,[],0,0,unconfirmed_healthy_observation_only,,,healthy_realized_offered_arrival_rate_over_short_confirmation_epochs; not_drain_inclusive_completed_goodput_or_sustained_capacity,,,,"{""bootstrap_replicates"":0,""ci95_high"":null,""ci95_low"":null,""estimate"":null,""n_units"":0,""qualified"":false,""sampling_unit"":""epoch_id""}",,,,,,"{""bootstrap_replicates"":0,""ci95_high"":null,""ci95_low"":null,""estimate"":null,""n_units"":0,""qualified"":false,""sampling_unit"":""epoch_id""}",,"{""bootstrap_replicates"":0,""ci95_high"":null,""ci95_low"":null,""estimate"":null,""n_units"":0,""qualified"":false,""sampling_unit"":""epoch_id""}",qwen3.8-max,12,8,120.35698846061177,2.005949807676863,,"{""bootstrap_replicates"":0,""ci95_high"":null,""ci95_low"":null,""estimate"":null,""n_units"":0,""qualified"":false,""sampling_unit"":""epoch_id""}",,,,,False,0.4666666666666667,mixed,do-sixhour-aimd-20260824-r1,2.005949807676863,0.06666666666666667,,"{""bootstrap_replicates"":0,""ci95_high"":null,""ci95_low"":null,""estimate"":null,""n_units"":0,""qualified"":false,""sampling_unit"":""epoch_id""}",12,,
,"{""bootstrap_replicates"":0,""ci95_high"":null,""ci95_low"":null,""estimate"":null,""n_units"":0,""qualified"":false,""sampling_unit"":""epoch_id""}",0,,[],,0,0,,,0,,,0,0,[],0,0,unconfirmed_healthy_observation_only,,,healthy_realized_offered_arrival_rate_over_short_confirmation_epochs; not_drain_inclusive_completed_goodput_or_sustained_capacity,,,,"{""bootstrap_replicates"":0,""ci95_high"":null,""ci95_low"":null,""estimate"":null,""n_units"":0,""qualified"":false,""sampling_unit"":""epoch_id""}",,,,,,"{""bootstrap_replicates"":0,""ci95_high"":null,""ci95_low"":null,""estimate"":null,""n_units"":0,""qualified"":false,""sampling_unit"":""epoch_id""}",,"{""bootstrap_replicates"":0,""ci95_high"":null,""ci95_low"":null,""estimate"":null,""n_units"":0,""qualified"":false,""sampling_unit"":""epoch_id""}",qwen3.8-max,12,7,54.783806937091526,0.9130634489515255,,"{""bootstrap_replicates"":0,""ci95_high"":null,""ci95_low"":null,""estimate"":null,""n_units"":0,""qualified"":false,""sampling_unit"":""epoch_id""}",,,,,False,0.2,short_long,do-sixhour-aimd-20260824-r1,0.9130634489515255,0.06666666666666667,,"{""bootstrap_replicates"":0,""ci95_high"":null,""ci95_low"":null,""estimate"":null,""n_units"":0,""qualified"":false,""sampling_unit"":""epoch_id""}",12,,
,"{""bootstrap_replicates"":0,""ci95_high"":null,""ci95_low"":null,""estimate"":null,""n_units"":0,""qualified"":false,""sampling_unit"":""epoch_id""}",0,,[],,0,0,,,0,,,0,0,[],0,0,unconfirmed_healthy_observation_only,,,healthy_realized_offered_arrival_rate_over_short_confirmation_epochs; not_drain_inclusive_completed_goodput_or_sustained_capacity,,,,"{""bootstrap_replicates"":0,""ci95_high"":null,""ci95_low"":null,""estimate"":null,""n_units"":0,""qualified"":false,""sampling_unit"":""epoch_id""}",,,,,,"{""bootstrap_replicates"":0,""ci95_high"":null,""ci95_low"":null,""estimate"":null,""n_units"":0,""qualified"":false,""sampling_unit"":""epoch_id""}",,"{""bootstrap_replicates"":0,""ci95_high"":null,""ci95_low"":null,""estimate"":null,""n_units"":0,""qualified"":false,""sampling_unit"":""epoch_id""}",qwen3.8-max,9,5,148.02771682625465,2.4671286137709107,,"{""bootstrap_replicates"":0,""ci95_high"":null,""ci95_low"":null,""estimate"":null,""n_units"":0,""qualified"":false,""sampling_unit"":""epoch_id""}",,,,,False,2.0,short_short,do-sixhour-aimd-20260824-r1,2.4671286137709107,1.0,,"{""bootstrap_replicates"":0,""ci95_high"":null,""ci95_low"":null,""estimate"":null,""n_units"":0,""qualified"":false,""sampling_unit"":""epoch_id""}",9,,
32.0,"{""bootstrap_replicates"":0,""ci95_high"":48.0,""ci95_low"":24.0,""estimate"":32.0,""method"":""epoch/block-bootstrap-ratio-of-sums"",""n_units"":3,""qualified"":true,""sampling_unit"":""capacity-eligible load epoch/block; launch-guarded and scientifically censored blocks are retained as audit counts but excluded from provider-capacity estimands; bootstrap assumes block-level exchangeability and does not remove temporal autocorrelation""}",8,,,,3,0,,,8,,,8,0,,8,0,confirmed_right_censored_lower_bound,30.0,0.5,registered open-loop AIMD bound with three separated confirmations when a numeric healthy lower bound is present,,,11.67279645369652,"{""bootstrap_replicates"":0,""ci95_high"":16.122324415419666,""ci95_low"":8.646607330794469,""estimate"":11.67279645369652,""method"":""epoch/block-bootstrap-ratio-of-sums"",""n_units"":3,""qualified"":true,""sampling_unit"":""capacity-eligible load epoch/block; launch-guarded and scientifically censored blocks are retained as audit counts but excluded from provider-capacity estimands; bootstrap assumes block-level exchangeability and does not remove temporal autocorrelation""}",30.0,0.5,,,1167289.859066549,"{""bootstrap_replicates"":0,""ci95_high"":1612236.4721230704,""ci95_low"":864639.1165611199,""estimate"":1167289.859066549,""method"":""epoch/block-bootstrap-ratio-of-sums"",""n_units"":3,""qualified"":true,""sampling_unit"":""capacity-eligible load epoch/block; launch-guarded and scientifically censored blocks are retained as audit counts but excluded from provider-capacity estimands; bootstrap assumes block-level exchangeability and does not remove temporal autocorrelation""}",402.71147765252994,"{""bootstrap_replicates"":0,""ci95_high"":574.9993874978322,""ci95_low"":155.38022230821883,""estimate"":402.71147765252994,""method"":""epoch/block-bootstrap-ratio-of-sums"",""n_units"":3,""qualified"":true,""sampling_unit"":""capacity-eligible load epoch/block; launch-guarded and scientifically censored blocks are retained as audit counts but excluded from provider-capacity estimands; bootstrap assumes block-level exchangeability and does not remove temporal autocorrelation""}",deepseek-v4-flash-0731,16,14,30.0,0.5,11.95334909306257,"{""bootstrap_replicates"":0,""ci95_high"":13.019294099201216,""ci95_low"":10.645581600064178,""estimate"":11.95334909306257,""method"":""epoch/block-bootstrap-percentile"",""n_units"":3,""qualified"":true,""sampling_unit"":""capacity-eligible load epoch/block; launch-guarded and scientifically censored blocks are retained as audit counts but excluded from provider-capacity estimands; bootstrap assumes block-level exchangeability and does not remove temporal autocorrelation""}",do-capacity-20260828-r2:32d27ca2642c71f787a1c87d449f5a308e7aebdd2bf15a9b054d6ad5415230c1,right_censored_highest_tested_confirmed_healthy_no_overload,completed_confirmations_healthy,do-capacity-20260828-r2,True,,input32k_short,do-combined-capacity-20260828,1.0,0.25,,,15,,
4.0,"{""bootstrap_replicates"":2000,""ci95_high"":4.0,""ci95_low"":4.0,""estimate"":4.0,""n_units"":3,""qualified"":true,""sampling_unit"":""epoch_id""}",3,,"[""do-epoch-31ba4317d19cc31fb9d8"",""do-epoch-41593985ec2e7c04276a"",""do-epoch-aa7c861e6da7cb610185""]","[15.0,15.0]",3,0,"[46.0,51.0]","[4.0,4.0]",3,,"[1024.0,1024.0]",3,0,"[""streamed""]",3,0,confirmed_bracketed_interval,4.0,0.06666666666666667,healthy_realized_offered_arrival_rate_over_short_confirmation_epochs; not_drain_inclusive_completed_goodput_or_sustained_capacity,12.0,0.2,4.0,"{""bootstrap_replicates"":2000,""ci95_high"":4.0,""ci95_low"":4.0,""estimate"":4.0,""n_units"":3,""qualified"":true,""sampling_unit"":""epoch_id""}",4.0,0.06666666666666667,12.0,0.2,193.33333333333334,"{""bootstrap_replicates"":2000,""ci95_high"":204.0,""ci95_low"":184.00000000000003,""estimate"":193.33333333333334,""n_units"":3,""qualified"":true,""sampling_unit"":""epoch_id""}",16.0,"{""bootstrap_replicates"":2000,""ci95_high"":16.0,""ci95_low"":16.0,""estimate"":16.0,""n_units"":3,""qualified"":true,""sampling_unit"":""epoch_id""}",deepseek-v4-flash-0731,12,9,129.0512174971011,2.150853624951685,0.5531866379994123,"{""bootstrap_replicates"":2000,""ci95_high"":0.6228933570091613,""ci95_low"":0.43502467300277203,""estimate"":0.5531866379994123,""n_units"":3,""qualified"":true,""sampling_unit"":""epoch_id""}",do-capacity-20260828-r2:32d27ca2642c71f787a1c87d449f5a308e7aebdd2bf15a9b054d6ad5415230c1,,campaign_censored_before_start,do-sixhour-aimd-20260824-r1,False,0.2,mixed,do-combined-capacity-20260828,2.150853624951685,0.06666666666666667,0.49683042699083063,"{""bootstrap_replicates"":2000,""ci95_high"":0.583501177985454,""ci95_low"":0.3634383509925101,""estimate"":0.49683042699083063,""n_units"":3,""qualified"":true,""sampling_unit"":""epoch_id""}",12,,
44.0,"{""bootstrap_replicates"":0,""ci95_high"":48.0,""ci95_low"":36.0,""estimate"":44.0,""method"":""epoch/block-bootstrap-ratio-of-sums"",""n_units"":3,""qualified"":true,""sampling_unit"":""capacity-eligible load epoch/block; launch-guarded and scientifically censored blocks are retained as audit counts but excluded from provider-capacity estimands; bootstrap assumes block-level exchangeability and does not remove temporal autocorrelation""}",11,,,,3,0,,,11,,,11,0,,11,0,confirmed_right_censored_lower_bound,60.0,1.0,registered open-loop AIMD bound with three separated confirmations when a numeric healthy lower bound is present,,,2.45591159487582,"{""bootstrap_replicates"":0,""ci95_high"":2.9388591970741302,""ci95_low"":1.7787919505522007,""estimate"":2.45591159487582,""method"":""epoch/block-bootstrap-ratio-of-sums"",""n_units"":3,""qualified"":true,""sampling_unit"":""capacity-eligible load epoch/block; launch-guarded and scientifically censored blocks are retained as audit counts but excluded from provider-capacity estimands; bootstrap assumes block-level exchangeability and does not remove temporal autocorrelation""}",60.0,1.0,,,707.972333395566,"{""bootstrap_replicates"":0,""ci95_high"":844.9220191588124,""ci95_low"":512.2920817590337,""estimate"":707.972333395566,""method"":""epoch/block-bootstrap-ratio-of-sums"",""n_units"":3,""qualified"":true,""sampling_unit"":""capacity-eligible load epoch/block; launch-guarded and scientifically censored blocks are retained as audit counts but excluded from provider-capacity estimands; bootstrap assumes block-level exchangeability and does not remove temporal autocorrelation""}",9864.503817854396,"{""bootstrap_replicates"":0,""ci95_high"":12037.567271215637,""ci95_low"":6768.303371851123,""estimate"":9864.503817854396,""method"":""epoch/block-bootstrap-ratio-of-sums"",""n_units"":3,""qualified"":true,""sampling_unit"":""capacity-eligible load epoch/block; launch-guarded and scientifically censored blocks are retained as audit counts but excluded from provider-capacity estimands; bootstrap assumes block-level exchangeability and does not remove temporal autocorrelation""}",deepseek-v4-flash-0731,15,15,60.0,1.0,82.23320499503751,"{""bootstrap_replicates"":0,""ci95_high"":99.70470991202164,""ci95_low"":78.57411486423807,""estimate"":82.23320499503751,""method"":""epoch/block-bootstrap-percentile"",""n_units"":3,""qualified"":true,""sampling_unit"":""capacity-eligible load epoch/block; launch-guarded and scientifically censored blocks are retained as audit counts but excluded from provider-capacity estimands; bootstrap assumes block-level exchangeability and does not remove temporal autocorrelation""}",do-capacity-20260828-r2:32d27ca2642c71f787a1c87d449f5a308e7aebdd2bf15a9b054d6ad5415230c1,right_censored_highest_tested_confirmed_healthy_no_overload,completed_confirmations_healthy,do-capacity-20260828-r2,True,,short_long,do-combined-capacity-20260828,1.0,0.25,,,15,,
1821.4333502608704,"{""bootstrap_replicates"":2000,""ci95_high"":1858.363101844329,""ci95_low"":1790.3357935705815,""estimate"":1821.4333502608704,""n_units"":3,""qualified"":true,""sampling_unit"":""epoch_id""}",1440,,"[""do-epoch-40b1bf2de7537f060de1"",""do-epoch-741c5e103619b65868e2"",""do-epoch-883e6062feb1e131105a""]","[15.497509594017174,16.08636776599451]",3,0,"[40.0,54.0]","[4.0,4.0]",1440,,"[64.0,64.0]",1440,0,"[""streamed""]",1440,0,confirmed_right_censored_lower_bound,1920.0,32.0,healthy_realized_offered_arrival_rate_over_short_confirmation_epochs; not_drain_inclusive_completed_goodput_or_sustained_capacity,,,1821.4333502608704,"{""bootstrap_replicates"":2000,""ci95_high"":1858.363101844329,""ci95_low"":1790.3357935705815,""estimate"":1821.4333502608704,""n_units"":3,""qualified"":true,""sampling_unit"":""epoch_id""}",1920.0,32.0,,,85752.08134163164,"{""bootstrap_replicates"":2000,""ci95_high"":87660.5361499152,""ci95_low"":84455.36119545558,""estimate"":85752.08134163164,""n_units"":3,""qualified"":true,""sampling_unit"":""epoch_id""}",7285.7334010434815,"{""bootstrap_replicates"":2000,""ci95_high"":7433.452407377316,""ci95_low"":7161.343174282326,""estimate"":7285.7334010434815,""n_units"":3,""qualified"":true,""sampling_unit"":""epoch_id""}",deepseek-v4-flash-0731,11,11,1920.0,32.0,0.7217236195763684,"{""bootstrap_replicates"":2000,""ci95_high"":0.7541720801862538,""ci95_low"":0.6884437455853912,""estimate"":0.7217236195763684,""n_units"":3,""qualified"":true,""sampling_unit"":""epoch_id""}",do-capacity-20260828-r2:32d27ca2642c71f787a1c87d449f5a308e7aebdd2bf15a9b054d6ad5415230c1,,campaign_censored_before_start,do-sixhour-aimd-20260824-r1,True,,short_short,do-combined-capacity-20260828,32.0,1.9104998270909148,0.40638519983137183,"{""bootstrap_replicates"":2000,""ci95_high"":0.4114060235006036,""ci95_low"":0.3963769779948052,""estimate"":0.40638519983137183,""n_units"":3,""qualified"":true,""sampling_unit"":""epoch_id""}",11,,
,,,,,,,,,,,,,,,,,,censored_no_valid_healthy_epoch,,,registered open-loop AIMD bound with three separated confirmations when a numeric healthy lower bound is present,15.0,0.25,,,,,15.0,0.25,,,,,gemma-4-31B-it,3,0,,,,,do-capacity-20260828-r2:32d27ca2642c71f787a1c87d449f5a308e7aebdd2bf15a9b054d6ad5415230c1,left_censored_no_healthy_at_lowest_tested_rate,completed_no_healthy_at_lowest_tested_rate,do-capacity-20260828-r2,False,,input32k_short,do-combined-capacity-20260828,1.0,0.25,,,3,,
124.0,"{""bootstrap_replicates"":0,""ci95_high"":192.0,""ci95_low"":84.0,""estimate"":124.0,""method"":""epoch/block-bootstrap-ratio-of-sums"",""n_units"":3,""qualified"":true,""sampling_unit"":""capacity-eligible load epoch/block; launch-guarded and scientifically censored blocks are retained as audit counts but excluded from provider-capacity estimands; bootstrap assumes block-level exchangeability and does not remove temporal autocorrelation""}",31,,,,3,0,,,31,,,31,0,,31,0,confirmed_right_censored_lower_bound,120.0,2.0,registered open-loop AIMD bound with three separated confirmations when a numeric healthy lower bound is present,,,4.725116287510351,"{""bootstrap_replicates"":0,""ci95_high"":8.305450100199652,""ci95_low"":2.8171616176171344,""estimate"":4.725116287510351,""method"":""epoch/block-bootstrap-ratio-of-sums"",""n_units"":3,""qualified"":true,""sampling_unit"":""capacity-eligible load epoch/block; launch-guarded and scientifically censored blocks are retained as audit counts but excluded from provider-capacity estimands; bootstrap assumes block-level exchangeability and does not remove temporal autocorrelation""}",120.0,2.0,,,138809.89360129763,"{""bootstrap_replicates"":0,""ci95_high"":168751.0385060618,""ci95_low"":106473.91904743519,""estimate"":138809.89360129763,""method"":""epoch/block-bootstrap-ratio-of-sums"",""n_units"":3,""qualified"":true,""sampling_unit"":""capacity-eligible load epoch/block; launch-guarded and scientifically censored blocks are retained as audit counts but excluded from provider-capacity estimands; bootstrap assumes block-level exchangeability and does not remove temporal autocorrelation""}",3835.5750406100155,"{""bootstrap_replicates"":0,""ci95_high"":9385.677703856869,""ci95_low"":1434.2874085693236,""estimate"":3835.5750406100155,""method"":""epoch/block-bootstrap-ratio-of-sums"",""n_units"":3,""qualified"":true,""sampling_unit"":""capacity-eligible load epoch/block; launch-guarded and scientifically censored blocks are retained as audit counts but excluded from provider-capacity estimands; bootstrap assumes block-level exchangeability and does not remove temporal autocorrelation""}",gemma-4-31B-it,15,14,120.0,2.0,111.54077418154338,"{""bootstrap_replicates"":0,""ci95_high"":166.29681919454015,""ci95_low"":104.93539901729673,""estimate"":111.54077418154338,""method"":""epoch/block-bootstrap-percentile"",""n_units"":3,""qualified"":true,""sampling_unit"":""capacity-eligible load epoch/block; launch-guarded and scientifically censored blocks are retained as audit counts but excluded from provider-capacity estimands; bootstrap assumes block-level exchangeability and does not remove temporal autocorrelation""}",do-capacity-20260828-r2:32d27ca2642c71f787a1c87d449f5a308e7aebdd2bf15a9b054d6ad5415230c1,right_censored_highest_tested_confirmed_healthy_no_overload,completed_confirmations_healthy,do-capacity-20260828-r2,True,,mixed,do-combined-capacity-20260828,2.0,0.25,,,15,,
80.0,"{""bootstrap_replicates"":0,""ci95_high"":132.0,""ci95_low"":24.0,""estimate"":80.0,""method"":""epoch/block-bootstrap-ratio-of-sums"",""n_units"":3,""qualified"":true,""sampling_unit"":""capacity-eligible load epoch/block; launch-guarded and scientifically censored blocks are retained as audit counts but excluded from provider-capacity estimands; bootstrap assumes block-level exchangeability and does not remove temporal autocorrelation""}",20,,,,3,0,,,20,,,20,0,,20,0,confirmed_right_censored_lower_bound,60.0,1.0,registered open-loop AIMD bound with three separated confirmations when a numeric healthy lower bound is present,,,2.998190828542467,"{""bootstrap_replicates"":0,""ci95_high"":5.107659565975497,""ci95_low"":1.0286811368215507,""estimate"":2.998190828542467,""method"":""epoch/block-bootstrap-ratio-of-sums"",""n_units"":3,""qualified"":true,""sampling_unit"":""capacity-eligible load epoch/block; launch-guarded and scientifically censored blocks are retained as audit counts but excluded from provider-capacity estimands; bootstrap assumes block-level exchangeability and does not remove temporal autocorrelation""}",60.0,1.0,,,905.0039015955438,"{""bootstrap_replicates"":0,""ci95_high"":1538.1351950109067,""ci95_low"":310.66170332010836,""estimate"":905.0039015955438,""method"":""epoch/block-bootstrap-ratio-of-sums"",""n_units"":3,""qualified"":true,""sampling_unit"":""capacity-eligible load epoch/block; launch-guarded and scientifically censored blocks are retained as audit counts but excluded from provider-capacity estimands; bootstrap assumes block-level exchangeability and does not remove temporal autocorrelation""}",6564.688728635159,"{""bootstrap_replicates"":0,""ci95_high"":11324.410923419959,""ci95_low"":2263.098501007412,""estimate"":6564.688728635159,""method"":""epoch/block-bootstrap-ratio-of-sums"",""n_units"":3,""qualified"":true,""sampling_unit"":""capacity-eligible load epoch/block; launch-guarded and scientifically censored blocks are retained as audit counts but excluded from provider-capacity estimands; bootstrap assumes block-level exchangeability and does not remove temporal autocorrelation""}",gemma-4-31B-it,15,14,60.0,1.0,108.65705996790784,"{""bootstrap_replicates"":0,""ci95_high"":145.2361411380116,""ci95_low"":76.39676857349696,""estimate"":108.65705996790784,""method"":""epoch/block-bootstrap-percentile"",""n_units"":3,""qualified"":true,""sampling_unit"":""capacity-eligible load epoch/block; launch-guarded and scientifically censored blocks are retained as audit counts but excluded from provider-capacity estimands; bootstrap assumes block-level exchangeability and does not remove temporal autocorrelation""}",do-capacity-20260828-r2:32d27ca2642c71f787a1c87d449f5a308e7aebdd2bf15a9b054d6ad5415230c1,right_censored_highest_tested_confirmed_healthy_no_overload,completed_confirmations_healthy,do-capacity-20260828-r2,True,,short_long,do-combined-capacity-20260828,1.0,0.25,,,14,,
24.0,"{""bootstrap_replicates"":0,""ci95_high"":36.0,""ci95_low"":12.0,""estimate"":24.0,""method"":""epoch/block-bootstrap-ratio-of-sums"",""n_units"":3,""qualified"":true,""sampling_unit"":""capacity-eligible load epoch/block; launch-guarded and scientifically censored blocks are retained as audit counts but excluded from provider-capacity estimands; bootstrap assumes block-level exchangeability and does not remove temporal autocorrelation""}",6,,,,3,0,,,6,,,6,0,,6,0,confirmed_bracketed_interval,15.0,0.25,registered open-loop AIMD bound with three separated confirmations when a numeric healthy lower bound is present,150.0,2.5,23.45223644337196,"{""bootstrap_replicates"":0,""ci95_high"":35.99284136907699,""ci95_low"":11.221131554757738,""estimate"":23.45223644337196,""method"":""epoch/block-bootstrap-ratio-of-sums"",""n_units"":3,""qualified"":true,""sampling_unit"":""capacity-eligible load epoch/block; launch-guarded and scientifically censored blocks are retained as audit counts but excluded from provider-capacity estimands; bootstrap assumes block-level exchangeability and does not remove temporal autocorrelation""}",15.0,0.25,150.0,2.5,6785.513744282286,"{""bootstrap_replicates"":0,""ci95_high"":10389.933541873559,""ci95_low"":3254.1281508797438,""estimate"":6785.513744282286,""method"":""epoch/block-bootstrap-ratio-of-sums"",""n_units"":3,""qualified"":true,""sampling_unit"":""capacity-eligible load epoch/block; launch-guarded and scientifically censored blocks are retained as audit counts but excluded from provider-capacity estimands; bootstrap assumes block-level exchangeability and does not remove temporal autocorrelation""}",140.71341866023175,"{""bootstrap_replicates"":0,""ci95_high"":215.95704821446196,""ci95_low"":67.32678932854643,""estimate"":140.71341866023175,""method"":""epoch/block-bootstrap-ratio-of-sums"",""n_units"":3,""qualified"":true,""sampling_unit"":""capacity-eligible load epoch/block; launch-guarded and scientifically censored blocks are retained as audit counts but excluded from provider-capacity estimands; bootstrap assumes block-level exchangeability and does not remove temporal autocorrelation""}",gemma-4-31B-it,21,16,150.0,2.5,0.6012254936271347,"{""bootstrap_replicates"":0,""ci95_high"":0.8329410264792386,""ci95_low"":0.5242253469768912,""estimate"":0.6012254936271347,""method"":""epoch/block-bootstrap-percentile"",""n_units"":3,""qualified"":true,""sampling_unit"":""capacity-eligible load epoch/block; launch-guarded and scientifically censored blocks are retained as audit counts but excluded from provider-capacity estimands; bootstrap assumes block-level exchangeability and does not remove temporal autocorrelation""}",do-capacity-20260828-r2:32d27ca2642c71f787a1c87d449f5a308e7aebdd2bf15a9b054d6ad5415230c1,bracketed_confirmed_healthy_lower_unhealthy_upper,completed_confirmations_healthy,do-capacity-20260828-r2,False,,short_short,do-combined-capacity-20260828,2.5,0.25,,,21,,
,,,,,,,,,,,,,,,,,,censored_no_valid_healthy_epoch,,,registered open-loop AIMD bound with three separated confirmations when a numeric healthy lower bound is present,15.0,0.25,,,,,15.0,0.25,,,,,glm-5.2,3,0,,,,,do-capacity-20260828-r2:32d27ca2642c71f787a1c87d449f5a308e7aebdd2bf15a9b054d6ad5415230c1,left_censored_no_healthy_at_lowest_tested_rate,completed_no_healthy_at_lowest_tested_rate,do-capacity-20260828-r2,False,,input32k_short,do-combined-capacity-20260828,1.0,0.25,,,3,,
4.0,"{""bootstrap_replicates"":2000,""ci95_high"":4.0,""ci95_low"":4.0,""estimate"":4.0,""n_units"":3,""qualified"":true,""sampling_unit"":""epoch_id""}",3,,"[""do-epoch-12a71053a0f659e458ca"",""do-epoch-73799389d8d848cbb60a"",""do-epoch-cd077b045a0e411a202d""]","[15.0,15.0]",3,0,"[55.0,56.0]","[25.0,196.0]",3,,"[1024.0,1024.0]",3,0,"[""streamed""]",3,0,confirmed_bracketed_interval,4.0,0.06666666666666667,healthy_realized_offered_arrival_rate_over_short_confirmation_epochs; not_drain_inclusive_completed_goodput_or_sustained_capacity,12.0,0.2,4.0,"{""bootstrap_replicates"":2000,""ci95_high"":4.0,""ci95_low"":4.0,""estimate"":4.0,""n_units"":3,""qualified"":true,""sampling_unit"":""epoch_id""}",4.0,0.06666666666666667,12.0,0.2,221.33333333333334,"{""bootstrap_replicates"":2000,""ci95_high"":224.0,""ci95_low"":220.0,""estimate"":221.33333333333334,""n_units"":3,""qualified"":true,""sampling_unit"":""epoch_id""}",526.6666666666666,"{""bootstrap_replicates"":2000,""ci95_high"":784.0000000000001,""ci95_low"":100.0,""estimate"":526.6666666666666,""n_units"":3,""qualified"":true,""sampling_unit"":""epoch_id""}",glm-5.2,12,9,30.71686978492822,0.5119478297488037,2.4374301616723337,"{""bootstrap_replicates"":2000,""ci95_high"":4.273844736017054,""ci95_low"":0.6746091700042598,""estimate"":2.4374301616723337,""n_units"":3,""qualified"":true,""sampling_unit"":""epoch_id""}",do-capacity-20260828-r2:32d27ca2642c71f787a1c87d449f5a308e7aebdd2bf15a9b054d6ad5415230c1,,campaign_censored_before_start,do-sixhour-aimd-20260824-r1,False,0.2,mixed,do-combined-capacity-20260828,0.5119478297488037,0.06666666666666667,0.5757723553397227,"{""bootstrap_replicates"":2000,""ci95_high"":0.774398141016718,""ci95_low"":0.450778797006933,""estimate"":0.5757723553397227,""n_units"":3,""qualified"":true,""sampling_unit"":""epoch_id""}",12,,
,"{""bootstrap_replicates"":0,""ci95_high"":null,""ci95_low"":null,""estimate"":null,""n_units"":0,""qualified"":false,""sampling_unit"":""epoch_id""}",0,,[],,0,0,,,0,,,0,0,[],0,0,unconfirmed_healthy_observation_only,,,healthy_realized_offered_arrival_rate_over_short_confirmation_epochs; not_drain_inclusive_completed_goodput_or_sustained_capacity,,,,"{""bootstrap_replicates"":0,""ci95_high"":null,""ci95_low"":null,""estimate"":null,""n_units"":0,""qualified"":false,""sampling_unit"":""epoch_id""}",,,,,,"{""bootstrap_replicates"":0,""ci95_high"":null,""ci95_low"":null,""estimate"":null,""n_units"":0,""qualified"":false,""sampling_unit"":""epoch_id""}",,"{""bootstrap_replicates"":0,""ci95_high"":null,""ci95_low"":null,""estimate"":null,""n_units"":0,""qualified"":false,""sampling_unit"":""epoch_id""}",glm-5.2,12,6,12.0,0.2,,"{""bootstrap_replicates"":0,""ci95_high"":null,""ci95_low"":null,""estimate"":null,""n_units"":0,""qualified"":false,""sampling_unit"":""epoch_id""}",do-capacity-20260828-r2:32d27ca2642c71f787a1c87d449f5a308e7aebdd2bf15a9b054d6ad5415230c1,,campaign_censored_before_start,do-sixhour-aimd-20260824-r1,False,0.4666666666666667,short_long,do-combined-capacity-20260828,0.4666666666666667,0.013538687493025402,,"{""bootstrap_replicates"":0,""ci95_high"":null,""ci95_low"":null,""estimate"":null,""n_units"":0,""qualified"":false,""sampling_unit"":""epoch_id""}",12,,
,,,,,,,,,,,,,,,,,,censored_no_valid_healthy_epoch,,,registered open-loop AIMD bound with three separated confirmations when a numeric healthy lower bound is present,15.0,0.25,,,,,15.0,0.25,,,,,glm-5.2,3,0,,,,,do-capacity-20260828-r2:32d27ca2642c71f787a1c87d449f5a308e7aebdd2bf15a9b054d6ad5415230c1,left_censored_no_healthy_at_lowest_tested_rate,completed_no_healthy_at_lowest_tested_rate,do-capacity-20260828-r2,False,,short_short,do-combined-capacity-20260828,1.0,0.25,,,3,,
41.55329379567497,"{""bootstrap_replicates"":2000,""ci95_high"":41.95382619994334,""ci95_low"":41.236388255680815,""estimate"":41.55329379567497,""n_units"":3,""qualified"":true,""sampling_unit"":""epoch_id""}",36,,"[""do-epoch-083a43fd3fe49f076d92"",""do-epoch-c8d0d691a40228d4992e"",""do-epoch-f5c579856d3bc00ee81a""]","[17.16172433400061,17.460307036002632]",3,0,"[20844.0,20851.0]","[45.0,64.0]",36,,"[64.0,64.0]",36,0,"[""streamed""]",36,0,confirmed_right_censored_lower_bound,48.0,0.8,healthy_realized_offered_arrival_rate_over_short_confirmation_epochs; not_drain_inclusive_completed_goodput_or_sustained_capacity,,,41.55329379567497,"{""bootstrap_replicates"":2000,""ci95_high"":41.95382619994334,""ci95_low"":41.236388255680815,""estimate"":41.55329379567497,""n_units"":3,""qualified"":true,""sampling_unit"":""epoch_id""}",48.0,0.8,,,866252.3122589379,"{""bootstrap_replicates"":2000,""ci95_high"":874604.4224858521,""ci95_low"":859634.3677720501,""estimate"":866252.3122589379,""n_units"":3,""qualified"":true,""sampling_unit"":""epoch_id""}",2637.2685057621165,"{""bootstrap_replicates"":2000,""ci95_high"":2654.0586836096477,""ci95_low"":2618.6179853131302,""estimate"":2637.2685057621165,""n_units"":3,""qualified"":true,""sampling_unit"":""epoch_id""}",kimi-k3,11,11,48.0,0.8,4.819711359407423,"{""bootstrap_replicates"":2000,""ci95_high"":5.034051840745088,""ci95_low"":4.6234077950954084,""estimate"":4.819711359407423,""n_units"":3,""qualified"":true,""sampling_unit"":""epoch_id""}",do-capacity-20260828-r2:32d27ca2642c71f787a1c87d449f5a308e7aebdd2bf15a9b054d6ad5415230c1,,campaign_censored_before_start,do-sixhour-aimd-20260824-r1,True,,input32k_short,do-combined-capacity-20260828,0.8,0.06666666666666667,2.023592996837882,"{""bootstrap_replicates"":2000,""ci95_high"":2.163327163012582,""ci95_low"":1.9074609539966332,""estimate"":2.023592996837882,""n_units"":3,""qualified"":true,""sampling_unit"":""epoch_id""}",11,,
,,,,,,,,,,,,,,,,,,censored_no_valid_healthy_epoch,,,registered open-loop AIMD bound with three separated confirmations when a numeric healthy lower bound is present,15.0,0.25,,,,,15.0,0.25,,,,,kimi-k3,3,0,,,,,do-capacity-20260828-r2:32d27ca2642c71f787a1c87d449f5a308e7aebdd2bf15a9b054d6ad5415230c1,left_censored_no_healthy_at_lowest_tested_rate,completed_no_healthy_at_lowest_tested_rate,do-capacity-20260828-r2,False,,mixed,do-combined-capacity-20260828,1.0,0.25,,,3,,
,"{""bootstrap_replicates"":0,""ci95_high"":null,""ci95_low"":null,""estimate"":null,""n_units"":0,""qualified"":false,""sampling_unit"":""epoch_id""}",0,,[],,0,0,,,0,,,0,0,[],0,0,unconfirmed_healthy_observation_only,,,healthy_realized_offered_arrival_rate_over_short_confirmation_epochs; not_drain_inclusive_completed_goodput_or_sustained_capacity,,,,"{""bootstrap_replicates"":0,""ci95_high"":null,""ci95_low"":null,""estimate"":null,""n_units"":0,""qualified"":false,""sampling_unit"":""epoch_id""}",,,,,,"{""bootstrap_replicates"":0,""ci95_high"":null,""ci95_low"":null,""estimate"":null,""n_units"":0,""qualified"":false,""sampling_unit"":""epoch_id""}",,"{""bootstrap_replicates"":0,""ci95_high"":null,""ci95_low"":null,""estimate"":null,""n_units"":0,""qualified"":false,""sampling_unit"":""epoch_id""}",kimi-k3,10,9,28.0,0.4666666666666667,,"{""bootstrap_replicates"":0,""ci95_high"":null,""ci95_low"":null,""estimate"":null,""n_units"":0,""qualified"":false,""sampling_unit"":""epoch_id""}",do-capacity-20260828-r2:32d27ca2642c71f787a1c87d449f5a308e7aebdd2bf15a9b054d6ad5415230c1,,campaign_censored_before_start,do-sixhour-aimd-20260824-r1,False,,short_long,do-combined-capacity-20260828,0.4666666666666667,0.01664977776673661,,"{""bootstrap_replicates"":0,""ci95_high"":null,""ci95_low"":null,""estimate"":null,""n_units"":0,""qualified"":false,""sampling_unit"":""epoch_id""}",10,,
,,,,,,,,,,,,,,,,,,censored_no_valid_healthy_epoch,,,registered open-loop AIMD bound with three separated confirmations when a numeric healthy lower bound is present,15.0,0.25,,,,,15.0,0.25,,,,,kimi-k3,3,0,,,,,do-capacity-20260828-r2:32d27ca2642c71f787a1c87d449f5a308e7aebdd2bf15a9b054d6ad5415230c1,left_censored_no_healthy_at_lowest_tested_rate,completed_no_healthy_at_lowest_tested_rate,do-capacity-20260828-r2,False,,short_short,do-combined-capacity-20260828,1.0,0.25,,,3,,
,"{""bootstrap_replicates"":0,""ci95_high"":null,""ci95_low"":null,""estimate"":null,""n_units"":0,""qualified"":false,""sampling_unit"":""epoch_id""}",0,,[],,0,0,,,0,,,0,0,[],0,0,unconfirmed_healthy_observation_only,,,healthy_realized_offered_arrival_rate_over_short_confirmation_epochs; not_drain_inclusive_completed_goodput_or_sustained_capacity,,,,"{""bootstrap_replicates"":0,""ci95_high"":null,""ci95_low"":null,""estimate"":null,""n_units"":0,""qualified"":false,""sampling_unit"":""epoch_id""}",,,,,,"{""bootstrap_replicates"":0,""ci95_high"":null,""ci95_low"":null,""estimate"":null,""n_units"":0,""qualified"":false,""sampling_unit"":""epoch_id""}",,"{""bootstrap_replicates"":0,""ci95_high"":null,""ci95_low"":null,""estimate"":null,""n_units"":0,""qualified"":false,""sampling_unit"":""epoch_id""}",mimo-v2.5-pro,11,8,48.0,0.8,,"{""bootstrap_replicates"":0,""ci95_high"":null,""ci95_low"":null,""estimate"":null,""n_units"":0,""qualified"":false,""sampling_unit"":""epoch_id""}",do-capacity-20260828-r2:32d27ca2642c71f787a1c87d449f5a308e7aebdd2bf15a9b054d6ad5415230c1,,campaign_censored_before_start,do-sixhour-aimd-20260824-r1,False,,input32k_short,do-combined-capacity-20260828,0.8,0.06666666666666667,,"{""bootstrap_replicates"":0,""ci95_high"":null,""ci95_low"":null,""estimate"":null,""n_units"":0,""qualified"":false,""sampling_unit"":""epoch_id""}",11,,
,"{""bootstrap_replicates"":0,""ci95_high"":null,""ci95_low"":null,""estimate"":null,""n_units"":0,""qualified"":false,""sampling_unit"":""epoch_id""}",0,,[],,0,0,,,0,,,0,0,[],0,0,unconfirmed_healthy_observation_only,,,healthy_realized_offered_arrival_rate_over_short_confirmation_epochs; not_drain_inclusive_completed_goodput_or_sustained_capacity,,,,"{""bootstrap_replicates"":0,""ci95_high"":null,""ci95_low"":null,""estimate"":null,""n_units"":0,""qualified"":false,""sampling_unit"":""epoch_id""}",,,,,,"{""bootstrap_replicates"":0,""ci95_high"":null,""ci95_low"":null,""estimate"":null,""n_units"":0,""qualified"":false,""sampling_unit"":""epoch_id""}",,"{""bootstrap_replicates"":0,""ci95_high"":null,""ci95_low"":null,""estimate"":null,""n_units"":0,""qualified"":false,""sampling_unit"":""epoch_id""}",mimo-v2.5-pro,9,3,18.129777998970063,0.30216296664950104,,"{""bootstrap_replicates"":0,""ci95_high"":null,""ci95_low"":null,""estimate"":null,""n_units"":0,""qualified"":false,""sampling_unit"":""epoch_id""}",do-capacity-20260828-r2:32d27ca2642c71f787a1c87d449f5a308e7aebdd2bf15a9b054d6ad5415230c1,,campaign_censored_before_start,do-sixhour-aimd-20260824-r1,False,0.06666666666666667,mixed,do-combined-capacity-20260828,0.30216296664950104,0.06666666666666667,,"{""bootstrap_replicates"":0,""ci95_high"":null,""ci95_low"":null,""estimate"":null,""n_units"":0,""qualified"":false,""sampling_unit"":""epoch_id""}",9,,
56.0,"{""bootstrap_replicates"":0,""ci95_high"":72.0,""ci95_low"":24.0,""estimate"":56.0,""method"":""epoch/block-bootstrap-ratio-of-sums"",""n_units"":3,""qualified"":true,""sampling_unit"":""capacity-eligible load epoch/block; launch-guarded and scientifically censored blocks are retained as audit counts but excluded from provider-capacity estimands; bootstrap assumes block-level exchangeability and does not remove temporal autocorrelation""}",14,,,,3,0,,,14,,,14,0,,14,0,confirmed_right_censored_lower_bound,60.0,1.0,registered open-loop AIMD bound with three separated confirmations when a numeric healthy lower bound is present,,,3.6854504474007834,"{""bootstrap_replicates"":0,""ci95_high"":6.137966654311686,""ci95_low"":1.9810245964334738,""estimate"":3.6854504474007834,""method"":""epoch/block-bootstrap-ratio-of-sums"",""n_units"":3,""qualified"":true,""sampling_unit"":""capacity-eligible load epoch/block; launch-guarded and scientifically censored blocks are retained as audit counts but excluded from provider-capacity estimands; bootstrap assumes block-level exchangeability and does not remove temporal autocorrelation""}",60.0,1.0,,,1989.6167486753657,"{""bootstrap_replicates"":0,""ci95_high"":3316.547982213081,""ci95_low"":1065.791232881209,""estimate"":1989.6167486753657,""method"":""epoch/block-bootstrap-ratio-of-sums"",""n_units"":3,""qualified"":true,""sampling_unit"":""capacity-eligible load epoch/block; launch-guarded and scientifically censored blocks are retained as audit counts but excluded from provider-capacity estimands; bootstrap assumes block-level exchangeability and does not remove temporal autocorrelation""}",8988.287148289453,"{""bootstrap_replicates"":0,""ci95_high"":15132.133791763077,""ci95_low"":5187.312905761051,""estimate"":8988.287148289453,""method"":""epoch/block-bootstrap-ratio-of-sums"",""n_units"":3,""qualified"":true,""sampling_unit"":""capacity-eligible load epoch/block; launch-guarded and scientifically censored blocks are retained as audit counts but excluded from provider-capacity estimands; bootstrap assumes block-level exchangeability and does not remove temporal autocorrelation""}",mimo-v2.5-pro,15,13,60.0,1.0,59.06367966440739,"{""bootstrap_replicates"":0,""ci95_high"":102.85475030945963,""ci95_low"":55.353453230753075,""estimate"":59.06367966440739,""method"":""epoch/block-bootstrap-percentile"",""n_units"":3,""qualified"":true,""sampling_unit"":""capacity-eligible load epoch/block; launch-guarded and scientifically censored blocks are retained as audit counts but excluded from provider-capacity estimands; bootstrap assumes block-level exchangeability and does not remove temporal autocorrelation""}",do-capacity-20260828-r2:32d27ca2642c71f787a1c87d449f5a308e7aebdd2bf15a9b054d6ad5415230c1,right_censored_highest_tested_confirmed_healthy_no_overload,completed_confirmations_healthy,do-capacity-20260828-r2,True,,short_long,do-combined-capacity-20260828,1.0,0.25,,,14,,
416.0010160381498,"{""bootstrap_replicates"":2000,""ci95_high"":431.1202494919792,""ci95_low"":388.9480943520592,""estimate"":416.0010160381498,""n_units"":3,""qualified"":true,""sampling_unit"":""epoch_id""}",360,,"[""do-epoch-3af60433f4d56fde55ec"",""do-epoch-ce5fe060828ecf19cec0"",""do-epoch-f2366121a656dfcde0d1""]","[16.70067691899021,18.511467479984276]",3,0,"[296.0,308.0]","[57.0,64.0]",360,,"[64.0,64.0]",360,0,"[""streamed""]",360,0,confirmed_right_censored_lower_bound,480.0,8.0,healthy_realized_offered_arrival_rate_over_short_confirmation_epochs; not_drain_inclusive_completed_goodput_or_sustained_capacity,,,416.0010160381498,"{""bootstrap_replicates"":2000,""ci95_high"":431.1202494919792,""ci95_low"":388.9480943520592,""estimate"":416.0010160381498,""n_units"":3,""qualified"":true,""sampling_unit"":""epoch_id""}",480.0,8.0,,,126000.19288349838,"{""bootstrap_replicates"":2000,""ci95_high"":130615.06492108667,""ci95_low"":117724.86445800953,""estimate"":126000.19288349838,""n_units"":3,""qualified"":true,""sampling_unit"":""epoch_id""}",26611.74731678174,"{""bootstrap_replicates"":2000,""ci95_high"":27591.695967486678,""ci95_low"":24869.989399694587,""estimate"":26611.74731678174,""n_units"":3,""qualified"":true,""sampling_unit"":""epoch_id""}",mimo-v2.5-pro,13,10,480.0,8.0,2.964661539896527,"{""bootstrap_replicates"":2000,""ci95_high"":3.0648232677849587,""ci95_low"":2.881444108849974,""estimate"":2.964661539896527,""n_units"":3,""qualified"":true,""sampling_unit"":""epoch_id""}",do-capacity-20260828-r2:32d27ca2642c71f787a1c87d449f5a308e7aebdd2bf15a9b054d6ad5415230c1,,campaign_censored_before_start,do-sixhour-aimd-20260824-r1,True,,short_short,do-combined-capacity-20260828,16.0,0.5162787136498969,0.4260655425071794,"{""bootstrap_replicates"":2000,""ci95_high"":0.4460759140056325,""ci95_low"":0.4079258355050115,""estimate"":0.4260655425071794,""n_units"":3,""qualified"":true,""sampling_unit"":""epoch_id""}",13,,
27.543508685610572,"{""bootstrap_replicates"":2000,""ci95_high"":28.0,""ci95_low"":26.63052605683171,""estimate"":27.543508685610572,""n_units"":3,""qualified"":true,""sampling_unit"":""epoch_id""}",21,,"[""do-epoch-5e7735136484aef71100"",""do-epoch-dd3cb926db81e931f205"",""do-epoch-f41294118ec273add2da""]","[15.0,15.771374515985372]",3,0,"[21884.0,21888.0]","[64.0,64.0]",21,,"[64.0,64.0]",21,0,"[""streamed""]",21,0,confirmed_bracketed_interval,28.0,0.4666666666666667,healthy_realized_offered_arrival_rate_over_short_confirmation_epochs; not_drain_inclusive_completed_goodput_or_sustained_capacity,48.0,0.8,27.543508685610572,"{""bootstrap_replicates"":2000,""ci95_high"":28.0,""ci95_low"":26.63052605683171,""estimate"":27.543508685610572,""n_units"":3,""qualified"":true,""sampling_unit"":""epoch_id""}",28.0,0.4666666666666667,48.0,0.8,602816.1586121192,"{""bootstrap_replicates"":2000,""ci95_high"":612836.0,""ci95_low"":582820.4758363577,""estimate"":602816.1586121192,""n_units"":3,""qualified"":true,""sampling_unit"":""epoch_id""}",1762.7845558790766,"{""bootstrap_replicates"":2000,""ci95_high"":1792.0,""ci95_low"":1704.353667637229,""estimate"":1762.7845558790766,""n_units"":3,""qualified"":true,""sampling_unit"":""epoch_id""}",minimax-m2.5,13,10,28.0,0.4666666666666667,3.7105249148327855,"{""bootstrap_replicates"":2000,""ci95_high"":4.314686845193501,""ci95_low"":3.244541066992678,""estimate"":3.7105249148327855,""n_units"":3,""qualified"":true,""sampling_unit"":""epoch_id""}",do-capacity-20260828-r2:32d27ca2642c71f787a1c87d449f5a308e7aebdd2bf15a9b054d6ad5415230c1,,campaign_censored_before_start,do-sixhour-aimd-20260824-r1,False,0.8,input32k_short,do-combined-capacity-20260828,0.8,0.06666666666666667,1.6620437143331703,"{""bootstrap_replicates"":2000,""ci95_high"":1.7425168430199847,""ci95_low"":1.6008155389863532,""estimate"":1.6620437143331703,""n_units"":3,""qualified"":true,""sampling_unit"":""epoch_id""}",13,,
35.332598404177816,"{""bootstrap_replicates"":2000,""ci95_high"":35.61139727376048,""ci95_low"":35.150575101679784,""estimate"":35.332598404177816,""n_units"":3,""qualified"":true,""sampling_unit"":""epoch_id""}",45,,"[""do-epoch-34ffabd14fd3ecc78902"",""do-epoch-883aba7c0e661a385d91"",""do-epoch-f8eba759e4c2925c8f22""]","[25.27280783400056,25.60413300199434]",3,0,"[76.0,2767.0]","[61.0,1024.0]",45,,"[1024.0,1024.0]",45,0,"[""streamed""]",45,0,confirmed_right_censored_lower_bound,60.0,1.0,healthy_realized_offered_arrival_rate_over_short_confirmation_epochs; not_drain_inclusive_completed_goodput_or_sustained_capacity,,,35.332598404177816,"{""bootstrap_replicates"":2000,""ci95_high"":35.61139727376048,""ci95_low"":35.150575101679784,""estimate"":35.332598404177816,""n_units"":3,""qualified"":true,""sampling_unit"":""epoch_id""}",60.0,1.0,,,23122.42973079687,"{""bootstrap_replicates"":2000,""ci95_high"":23304.09837594886,""ci95_low"":23009.566461559585,""estimate"":23122.42973079687,""n_units"":3,""qualified"":true,""sampling_unit"":""epoch_id""}",14671.308226099107,"{""bootstrap_replicates"":2000,""ci95_high"":14857.074942612873,""ci95_low"":14371.898473240139,""estimate"":14671.308226099107,""n_units"":3,""qualified"":true,""sampling_unit"":""epoch_id""}",minimax-m2.5,12,12,64.0,1.0666666666666667,14.957188764613237,"{""bootstrap_replicates"":2000,""ci95_high"":15.081705643521852,""ci95_low"":14.74348957799957,""estimate"":14.957188764613237,""n_units"":3,""qualified"":true,""sampling_unit"":""epoch_id""}",do-capacity-20260828-r2:32d27ca2642c71f787a1c87d449f5a308e7aebdd2bf15a9b054d6ad5415230c1,,campaign_censored_before_start,do-sixhour-aimd-20260824-r1,True,,mixed,do-combined-capacity-20260828,1.0666666666666667,0.06666666666666667,0.491533209666765,"{""bootstrap_replicates"":2000,""ci95_high"":0.5280393459834158,""ci95_low"":0.46300755100673996,""estimate"":0.491533209666765,""n_units"":3,""qualified"":true,""sampling_unit"":""epoch_id""}",12,,
11.347966925802295,"{""bootstrap_replicates"":2000,""ci95_high"":11.503119708993415,""ci95_low"":11.109724437926575,""estimate"":11.347966925802295,""n_units"":3,""qualified"":true,""sampling_unit"":""epoch_id""}",21,,"[""do-epoch-2124d288972bbe032709"",""do-epoch-97bcc74f2da9121e84f9"",""do-epoch-a58eb867e5064cae87a8""]","[36.51183423498878,37.80471805098932]",3,0,"[100.0,110.0]","[2048.0,2048.0]",21,,"[2048.0,2048.0]",21,0,"[""streamed""]",21,0,confirmed_right_censored_lower_bound,28.0,0.4666666666666667,healthy_realized_offered_arrival_rate_over_short_confirmation_epochs; not_drain_inclusive_completed_goodput_or_sustained_capacity,,,11.347966925802295,"{""bootstrap_replicates"":2000,""ci95_high"":11.503119708993415,""ci95_low"":11.109724437926575,""estimate"":11.347966925802295,""n_units"":3,""qualified"":true,""sampling_unit"":""epoch_id""}",28.0,0.4666666666666667,,,1173.797673295139,"{""bootstrap_replicates"":2000,""ci95_high"":1197.9677525508857,""ci95_low"":1141.1274101241725,""estimate"":1173.797673295139,""n_units"":3,""qualified"":true,""sampling_unit"":""epoch_id""}",23240.6362640431,"{""bootstrap_replicates"":2000,""ci95_high"":23558.389164018514,""ci95_low"":22752.715648873625,""estimate"":23240.6362640431,""n_units"":3,""qualified"":true,""sampling_unit"":""epoch_id""}",minimax-m2.5,12,11,28.0,0.4666666666666667,26.249636589123597,"{""bootstrap_replicates"":2000,""ci95_high"":26.80032861608488,""ci95_low"":25.964644025400048,""estimate"":26.249636589123597,""n_units"":3,""qualified"":true,""sampling_unit"":""epoch_id""}",do-capacity-20260828-r2:32d27ca2642c71f787a1c87d449f5a308e7aebdd2bf15a9b054d6ad5415230c1,,campaign_censored_before_start,do-sixhour-aimd-20260824-r1,True,,short_long,do-combined-capacity-20260828,0.4666666666666667,0.0418705465053142,0.495209568325663,"{""bootstrap_replicates"":2000,""ci95_high"":0.52440118798404,""ci95_low"":0.43895828298991546,""estimate"":0.495209568325663,""n_units"":3,""qualified"":true,""sampling_unit"":""epoch_id""}",12,,
,,,,,,,,,,,,,,,,,,censored_no_valid_healthy_epoch,,,registered open-loop AIMD bound with three separated confirmations when a numeric healthy lower bound is present,15.0,0.25,,,,,15.0,0.25,,,,,minimax-m2.5,3,0,,,,,do-capacity-20260828-r2:32d27ca2642c71f787a1c87d449f5a308e7aebdd2bf15a9b054d6ad5415230c1,left_censored_no_healthy_at_lowest_tested_rate,completed_no_healthy_at_lowest_tested_rate,do-capacity-20260828-r2,False,,short_short,do-combined-capacity-20260828,1.0,0.25,,,3,,
,,,,,,,,,,,,,,,,,,censored_no_valid_healthy_epoch,,,registered open-loop AIMD bound with three separated confirmations when a numeric healthy lower bound is present,15.0,0.25,,,,,15.0,0.25,,,,,nemotron-3-ultra-550b,3,0,,,,,do-capacity-20260828-r2:32d27ca2642c71f787a1c87d449f5a308e7aebdd2bf15a9b054d6ad5415230c1,left_censored_no_healthy_at_lowest_tested_rate,completed_no_healthy_at_lowest_tested_rate,do-capacity-20260828-r2,False,,input32k_short,do-combined-capacity-20260828,1.0,0.25,,,3,,
12.0,"{""bootstrap_replicates"":2000,""ci95_high"":12.0,""ci95_low"":12.0,""estimate"":12.0,""n_units"":3,""qualified"":true,""sampling_unit"":""epoch_id""}",9,,"[""do-epoch-3c7fe0ca5725d4ebb083"",""do-epoch-83d883c78ca6155c32ee"",""do-epoch-b0da79ac7ccd864c263f""]","[15.0,15.0]",3,0,"[70.0,3167.0]","[52.0,600.0]",9,,"[1024.0,1024.0]",9,0,"[""streamed""]",9,0,confirmed_right_censored_lower_bound,12.0,0.2,healthy_realized_offered_arrival_rate_over_short_confirmation_epochs; not_drain_inclusive_completed_goodput_or_sustained_capacity,,,12.0,"{""bootstrap_replicates"":2000,""ci95_high"":12.0,""ci95_low"":12.0,""estimate"":12.0,""n_units"":3,""qualified"":true,""sampling_unit"":""epoch_id""}",12.0,0.2,,,12950.666666666666,"{""bootstrap_replicates"":2000,""ci95_high"":12956.0,""ci95_low"":12944.0,""estimate"":12950.666666666666,""n_units"":3,""qualified"":true,""sampling_unit"":""epoch_id""}",1812.0,"{""bootstrap_replicates"":2000,""ci95_high"":2616.0,""ci95_low"":1012.0,""estimate"":1812.0,""n_units"":3,""qualified"":true,""sampling_unit"":""epoch_id""}",nemotron-3-ultra-550b,12,8,47.82713082547107,0.7971188470911845,5.596595149040028,"{""bootstrap_replicates"":2000,""ci95_high"":7.244169113819953,""ci95_low"":3.357444901691633,""estimate"":5.596595149040028,""n_units"":3,""qualified"":true,""sampling_unit"":""epoch_id""}",do-capacity-20260828-r2:32d27ca2642c71f787a1c87d449f5a308e7aebdd2bf15a9b054d6ad5415230c1,,campaign_censored_before_start,do-sixhour-aimd-20260824-r1,True,,mixed,do-combined-capacity-20260828,0.7971188470911845,0.06666666666666667,0.5973229573282879,"{""bootstrap_replicates"":2000,""ci95_high"":0.6702677569992375,""ci95_low"":0.5062616749783047,""estimate"":0.5973229573282879,""n_units"":3,""qualified"":true,""sampling_unit"":""epoch_id""}",12,,
52.0,"{""bootstrap_replicates"":0,""ci95_high"":72.0,""ci95_low"":36.0,""estimate"":52.0,""method"":""epoch/block-bootstrap-ratio-of-sums"",""n_units"":3,""qualified"":true,""sampling_unit"":""capacity-eligible load epoch/block; launch-guarded and scientifically censored blocks are retained as audit counts but excluded from provider-capacity estimands; bootstrap assumes block-level exchangeability and does not remove temporal autocorrelation""}",13,,,,3,0,,,13,,,13,0,,13,0,confirmed_right_censored_lower_bound,60.0,1.0,registered open-loop AIMD bound with three separated confirmations when a numeric healthy lower bound is present,,,4.626095688985808,"{""bootstrap_replicates"":0,""ci95_high"":6.198345000131371,""ci95_low"":3.52830981266567,""estimate"":4.626095688985808,""method"":""epoch/block-bootstrap-ratio-of-sums"",""n_units"":3,""qualified"":true,""sampling_unit"":""capacity-eligible load epoch/block; launch-guarded and scientifically censored blocks are retained as audit counts but excluded from provider-capacity estimands; bootstrap assumes block-level exchangeability and does not remove temporal autocorrelation""}",60.0,1.0,,,1410.2474781115968,"{""bootstrap_replicates"":0,""ci95_high"":1892.561340040112,""ci95_low"":1074.9583895921405,""estimate"":1410.2474781115968,""method"":""epoch/block-bootstrap-ratio-of-sums"",""n_units"":3,""qualified"":true,""sampling_unit"":""capacity-eligible load epoch/block; launch-guarded and scientifically censored blocks are retained as audit counts but excluded from provider-capacity estimands; bootstrap assumes block-level exchangeability and does not remove temporal autocorrelation""}",18443.887658471882,"{""bootstrap_replicates"":0,""ci95_high"":23923.54558550705,""ci95_low"":14451.956992678584,""estimate"":18443.887658471882,""method"":""epoch/block-bootstrap-ratio-of-sums"",""n_units"":3,""qualified"":true,""sampling_unit"":""capacity-eligible load epoch/block; launch-guarded and scientifically censored blocks are retained as audit counts but excluded from provider-capacity estimands; bootstrap assumes block-level exchangeability and does not remove temporal autocorrelation""}",nemotron-3-ultra-550b,15,13,60.0,1.0,54.63779398057377,"{""bootstrap_replicates"":0,""ci95_high"":54.866139665740775,""ci95_low"":47.132150486181494,""estimate"":54.63779398057377,""method"":""epoch/block-bootstrap-percentile"",""n_units"":3,""qualified"":true,""sampling_unit"":""capacity-eligible load epoch/block; launch-guarded and scientifically censored blocks are retained as audit counts but excluded from provider-capacity estimands; bootstrap assumes block-level exchangeability and does not remove temporal autocorrelation""}",do-capacity-20260828-r2:32d27ca2642c71f787a1c87d449f5a308e7aebdd2bf15a9b054d6ad5415230c1,right_censored_highest_tested_confirmed_healthy_no_overload,completed_confirmations_healthy,do-capacity-20260828-r2,True,,short_long,do-combined-capacity-20260828,1.0,0.25,,,13,,
,"{""bootstrap_replicates"":0,""ci95_high"":null,""ci95_low"":null,""estimate"":null,""n_units"":0,""qualified"":false,""sampling_unit"":""epoch_id""}",0,,[],,0,0,,,0,,,0,0,[],0,0,unconfirmed_healthy_observation_only,,,healthy_realized_offered_arrival_rate_over_short_confirmation_epochs; not_drain_inclusive_completed_goodput_or_sustained_capacity,,,,"{""bootstrap_replicates"":0,""ci95_high"":null,""ci95_low"":null,""estimate"":null,""n_units"":0,""qualified"":false,""sampling_unit"":""epoch_id""}",,,,,,"{""bootstrap_replicates"":0,""ci95_high"":null,""ci95_low"":null,""estimate"":null,""n_units"":0,""qualified"":false,""sampling_unit"":""epoch_id""}",,"{""bootstrap_replicates"":0,""ci95_high"":null,""ci95_low"":null,""estimate"":null,""n_units"":0,""qualified"":false,""sampling_unit"":""epoch_id""}",nemotron-3-ultra-550b,9,2,59.635806751079045,0.9939301125179841,,"{""bootstrap_replicates"":0,""ci95_high"":null,""ci95_low"":null,""estimate"":null,""n_units"":0,""qualified"":false,""sampling_unit"":""epoch_id""}",do-capacity-20260828-r2:32d27ca2642c71f787a1c87d449f5a308e7aebdd2bf15a9b054d6ad5415230c1,,campaign_censored_before_start,do-sixhour-aimd-20260824-r1,False,2.0,short_short,do-combined-capacity-20260828,2.0,0.7933127152433066,,"{""bootstrap_replicates"":0,""ci95_high"":null,""ci95_low"":null,""estimate"":null,""n_units"":0,""qualified"":false,""sampling_unit"":""epoch_id""}",9,,
,,,,,,,,,,,,,,,,,,censored_no_valid_healthy_epoch,,,registered open-loop AIMD bound with three separated confirmations when a numeric healthy lower bound is present,15.0,0.25,,,,,15.0,0.25,,,,,nvidia-nemotron-3-super-120b,3,0,,,,,do-capacity-20260828-r2:32d27ca2642c71f787a1c87d449f5a308e7aebdd2bf15a9b054d6ad5415230c1,left_censored_no_healthy_at_lowest_tested_rate,completed_no_healthy_at_lowest_tested_rate,do-capacity-20260828-r2,False,,input32k_short,do-combined-capacity-20260828,1.0,0.25,,,3,,
,"{""bootstrap_replicates"":0,""ci95_high"":null,""ci95_low"":null,""estimate"":null,""n_units"":0,""qualified"":false,""sampling_unit"":""epoch_id""}",0,,[],,0,0,,,0,,,0,0,[],0,0,censored_no_valid_healthy_epoch,,,healthy_realized_offered_arrival_rate_over_short_confirmation_epochs; not_drain_inclusive_completed_goodput_or_sustained_capacity,,,,"{""bootstrap_replicates"":0,""ci95_high"":null,""ci95_low"":null,""estimate"":null,""n_units"":0,""qualified"":false,""sampling_unit"":""epoch_id""}",,,,,,"{""bootstrap_replicates"":0,""ci95_high"":null,""ci95_low"":null,""estimate"":null,""n_units"":0,""qualified"":false,""sampling_unit"":""epoch_id""}",,"{""bootstrap_replicates"":0,""ci95_high"":null,""ci95_low"":null,""estimate"":null,""n_units"":0,""qualified"":false,""sampling_unit"":""epoch_id""}",nvidia-nemotron-3-super-120b,9,0,,,,"{""bootstrap_replicates"":0,""ci95_high"":null,""ci95_low"":null,""estimate"":null,""n_units"":0,""qualified"":false,""sampling_unit"":""epoch_id""}",do-capacity-20260828-r2:32d27ca2642c71f787a1c87d449f5a308e7aebdd2bf15a9b054d6ad5415230c1,,campaign_censored_before_start,do-sixhour-aimd-20260824-r1,False,0.06666666666666667,mixed,do-combined-capacity-20260828,3.0369931488847897,0.06666666666666667,,"{""bootstrap_replicates"":0,""ci95_high"":null,""ci95_low"":null,""estimate"":null,""n_units"":0,""qualified"":false,""sampling_unit"":""epoch_id""}",9,,
,"{""bootstrap_replicates"":0,""ci95_high"":null,""ci95_low"":null,""estimate"":null,""n_units"":0,""qualified"":false,""sampling_unit"":""epoch_id""}",0,,[],,0,0,,,0,,,0,0,[],0,0,unconfirmed_healthy_observation_only,,,healthy_realized_offered_arrival_rate_over_short_confirmation_epochs; not_drain_inclusive_completed_goodput_or_sustained_capacity,,,,"{""bootstrap_replicates"":0,""ci95_high"":null,""ci95_low"":null,""estimate"":null,""n_units"":0,""qualified"":false,""sampling_unit"":""epoch_id""}",,,,,,"{""bootstrap_replicates"":0,""ci95_high"":null,""ci95_low"":null,""estimate"":null,""n_units"":0,""qualified"":false,""sampling_unit"":""epoch_id""}",,"{""bootstrap_replicates"":0,""ci95_high"":null,""ci95_low"":null,""estimate"":null,""n_units"":0,""qualified"":false,""sampling_unit"":""epoch_id""}",nvidia-nemotron-3-super-120b,9,1,1.4749180304027019,0.024581967173378363,,"{""bootstrap_replicates"":0,""ci95_high"":null,""ci95_low"":null,""estimate"":null,""n_units"":0,""qualified"":false,""sampling_unit"":""epoch_id""}",do-capacity-20260828-r2:32d27ca2642c71f787a1c87d449f5a308e7aebdd2bf15a9b054d6ad5415230c1,,campaign_censored_before_start,do-sixhour-aimd-20260824-r1,False,0.06666666666666667,short_long,do-combined-capacity-20260828,2.9927771508444514,0.024581967173378363,,"{""bootstrap_replicates"":0,""ci95_high"":null,""ci95_low"":null,""estimate"":null,""n_units"":0,""qualified"":false,""sampling_unit"":""epoch_id""}",9,,
,,,,,,,,,,,,,,,,,,censored_no_valid_healthy_epoch,,,registered open-loop AIMD bound with three separated confirmations when a numeric healthy lower bound is present,15.0,0.25,,,,,15.0,0.25,,,,,nvidia-nemotron-3-super-120b,3,0,,,,,do-capacity-20260828-r2:32d27ca2642c71f787a1c87d449f5a308e7aebdd2bf15a9b054d6ad5415230c1,left_censored_no_healthy_at_lowest_tested_rate,completed_no_healthy_at_lowest_tested_rate,do-capacity-20260828-r2,False,,short_short,do-combined-capacity-20260828,1.0,0.25,,,3,,
,,,,,,,,,,,,,,,,,,censored_no_valid_healthy_epoch,,,registered open-loop AIMD bound with three separated confirmations when a numeric healthy lower bound is present,15.0,0.25,,,,,15.0,0.25,,,,,openai-gpt-oss-120b,3,0,,,,,do-capacity-20260828-r2:32d27ca2642c71f787a1c87d449f5a308e7aebdd2bf15a9b054d6ad5415230c1,left_censored_no_healthy_at_lowest_tested_rate,completed_no_healthy_at_lowest_tested_rate,do-capacity-20260828-r2,False,,input32k_short,do-combined-capacity-20260828,1.0,0.25,,,3,,
4.0,"{""bootstrap_replicates"":2000,""ci95_high"":4.0,""ci95_low"":4.0,""estimate"":4.0,""n_units"":3,""qualified"":true,""sampling_unit"":""epoch_id""}",3,,"[""do-epoch-10a7e9a250ee355a3a64"",""do-epoch-1f346250bf0ba781b118"",""do-epoch-84749f65661ad63a825e""]","[15.0,15.0]",3,0,"[107.0,110.0]","[31.0,85.0]",3,,"[1024.0,1024.0]",3,0,"[""streamed""]",3,0,confirmed_bracketed_interval,4.0,0.06666666666666667,healthy_realized_offered_arrival_rate_over_short_confirmation_epochs; not_drain_inclusive_completed_goodput_or_sustained_capacity,12.0,0.2,4.0,"{""bootstrap_replicates"":2000,""ci95_high"":4.0,""ci95_low"":4.0,""estimate"":4.0,""n_units"":3,""qualified"":true,""sampling_unit"":""epoch_id""}",4.0,0.06666666666666667,12.0,0.2,433.3333333333333,"{""bootstrap_replicates"":2000,""ci95_high"":440.0,""ci95_low"":428.0,""estimate"":433.3333333333333,""n_units"":3,""qualified"":true,""sampling_unit"":""epoch_id""}",228.0,"{""bootstrap_replicates"":2000,""ci95_high"":340.0,""ci95_low"":123.99999999999999,""estimate"":228.0,""n_units"":3,""qualified"":true,""sampling_unit"":""epoch_id""}",openai-gpt-oss-120b,12,10,26.46970782932758,0.44116179715545967,2.1289622469921596,"{""bootstrap_replicates"":2000,""ci95_high"":2.5418835019809194,""ci95_low"":1.4833480690140277,""estimate"":2.1289622469921596,""n_units"":3,""qualified"":true,""sampling_unit"":""epoch_id""}",do-capacity-20260828-r2:32d27ca2642c71f787a1c87d449f5a308e7aebdd2bf15a9b054d6ad5415230c1,,campaign_censored_before_start,do-sixhour-aimd-20260824-r1,False,0.2,mixed,do-combined-capacity-20260828,0.44116179715545967,0.06666666666666667,0.5731278776559824,"{""bootstrap_replicates"":2000,""ci95_high"":0.7001742499996908,""ci95_low"":0.4496990669867955,""estimate"":0.5731278776559824,""n_units"":3,""qualified"":true,""sampling_unit"":""epoch_id""}",12,,
,,,,,,,,,,,,,,,,,,measured_capacity_state_without_numeric_bound,,,registered open-loop AIMD bound with three separated confirmations when a numeric healthy lower bound is present,,,,,,,,,,,,,openai-gpt-oss-120b,12,11,60.0,1.0,,,do-capacity-20260828-r2:32d27ca2642c71f787a1c87d449f5a308e7aebdd2bf15a9b054d6ad5415230c1,confirmation_attempts_inconclusive,campaign_guard_censored,do-capacity-20260828-r2,False,,short_long,do-combined-capacity-20260828,1.0,0.25,,,11,,
411.6430872578707,"{""bootstrap_replicates"":2000,""ci95_high"":419.006402930911,""ci95_low"":397.1765437074594,""estimate"":411.6430872578707,""n_units"":3,""qualified"":true,""sampling_unit"":""epoch_id""}",360,,"[""do-epoch-40d61352b207bb5f00a1"",""do-epoch-50cf10d95047ef20461e"",""do-epoch-899c3a64107d466a96ee""]","[17.183508293994237,18.127958747994853]",3,0,"[100.0,114.0]","[23.0,64.0]",360,,"[64.0,64.0]",360,0,"[""streamed""]",360,0,confirmed_right_censored_lower_bound,480.0,8.0,healthy_realized_offered_arrival_rate_over_short_confirmation_epochs; not_drain_inclusive_completed_goodput_or_sustained_capacity,,,411.6430872578707,"{""bootstrap_replicates"":2000,""ci95_high"":419.006402930911,""ci95_low"":397.1765437074594,""estimate"":411.6430872578707,""n_units"":3,""qualified"":true,""sampling_unit"":""epoch_id""}",480.0,8.0,,,43937.15078442689,"{""bootstrap_replicates"":2000,""ci95_high"":44763.85071311899,""ci95_low"":42395.286236240405,""estimate"":43937.15078442689,""n_units"":3,""qualified"":true,""sampling_unit"":""epoch_id""}",23611.53391829913,"{""bootstrap_replicates"":2000,""ci95_high"":24514.10719854227,""ci95_low"":22374.278628853546,""estimate"":23611.53391829913,""n_units"":3,""qualified"":true,""sampling_unit"":""epoch_id""}",openai-gpt-oss-120b,13,10,480.0,8.0,2.666380706289298,"{""bootstrap_replicates"":2000,""ci95_high"":2.779925274201377,""ci95_low"":2.5889620875022956,""estimate"":2.666380706289298,""n_units"":3,""qualified"":true,""sampling_unit"":""epoch_id""}",do-capacity-20260828-r2:32d27ca2642c71f787a1c87d449f5a308e7aebdd2bf15a9b054d6ad5415230c1,,campaign_censored_before_start,do-sixhour-aimd-20260824-r1,True,,short_short,do-combined-capacity-20260828,16.0,0.43242076801142404,0.47078220399756293,"{""bootstrap_replicates"":2000,""ci95_high"":0.5049889920046553,""ci95_low"":0.453468300998793,""estimate"":0.47078220399756293,""n_units"":3,""qualified"":true,""sampling_unit"":""epoch_id""}",13,,
,,,,,,,,,,,,,,,,,,censored_no_valid_healthy_epoch,,,registered open-loop AIMD bound with three separated confirmations when a numeric healthy lower bound is present,15.0,0.25,,,,,15.0,0.25,,,,,qwen3.5-397b-a17b,3,0,,,,,do-capacity-20260828-r2:32d27ca2642c71f787a1c87d449f5a308e7aebdd2bf15a9b054d6ad5415230c1,left_censored_no_healthy_at_lowest_tested_rate,completed_no_healthy_at_lowest_tested_rate,do-capacity-20260828-r2,False,,input32k_short,do-combined-capacity-20260828,1.0,0.25,,,3,,
,"{""bootstrap_replicates"":0,""ci95_high"":null,""ci95_low"":null,""estimate"":null,""n_units"":0,""qualified"":false,""sampling_unit"":""epoch_id""}",0,,[],,0,0,,,0,,,0,0,[],0,0,censored_no_valid_healthy_epoch,,,healthy_realized_offered_arrival_rate_over_short_confirmation_epochs; not_drain_inclusive_completed_goodput_or_sustained_capacity,,,,"{""bootstrap_replicates"":0,""ci95_high"":null,""ci95_low"":null,""estimate"":null,""n_units"":0,""qualified"":false,""sampling_unit"":""epoch_id""}",,,,,,"{""bootstrap_replicates"":0,""ci95_high"":null,""ci95_low"":null,""estimate"":null,""n_units"":0,""qualified"":false,""sampling_unit"":""epoch_id""}",,"{""bootstrap_replicates"":0,""ci95_high"":null,""ci95_low"":null,""estimate"":null,""n_units"":0,""qualified"":false,""sampling_unit"":""epoch_id""}",qwen3.5-397b-a17b,9,0,,,,"{""bootstrap_replicates"":0,""ci95_high"":null,""ci95_low"":null,""estimate"":null,""n_units"":0,""qualified"":false,""sampling_unit"":""epoch_id""}",do-capacity-20260828-r2:32d27ca2642c71f787a1c87d449f5a308e7aebdd2bf15a9b054d6ad5415230c1,,campaign_censored_before_start,do-sixhour-aimd-20260824-r1,False,0.06666666666666667,mixed,do-combined-capacity-20260828,3.5240293198501758,0.06666666666666667,,"{""bootstrap_replicates"":0,""ci95_high"":null,""ci95_low"":null,""estimate"":null,""n_units"":0,""qualified"":false,""sampling_unit"":""epoch_id""}",9,,
,,,,,,,,,,,,,,,,,,censored_no_valid_healthy_epoch,,,registered open-loop AIMD bound with three separated confirmations when a numeric healthy lower bound is present,15.0,0.25,,,,,15.0,0.25,,,,,qwen3.5-397b-a17b,3,0,,,,,do-capacity-20260828-r2:32d27ca2642c71f787a1c87d449f5a308e7aebdd2bf15a9b054d6ad5415230c1,left_censored_no_healthy_at_lowest_tested_rate,completed_no_healthy_at_lowest_tested_rate,do-capacity-20260828-r2,False,,short_long,do-combined-capacity-20260828,1.0,0.25,,,3,,
,"{""bootstrap_replicates"":0,""ci95_high"":null,""ci95_low"":null,""estimate"":null,""n_units"":0,""qualified"":false,""sampling_unit"":""epoch_id""}",0,,[],,0,0,,,0,,,0,0,[],0,0,censored_no_valid_healthy_epoch,,,healthy_realized_offered_arrival_rate_over_short_confirmation_epochs; not_drain_inclusive_completed_goodput_or_sustained_capacity,,,,"{""bootstrap_replicates"":0,""ci95_high"":null,""ci95_low"":null,""estimate"":null,""n_units"":0,""qualified"":false,""sampling_unit"":""epoch_id""}",,,,,,"{""bootstrap_replicates"":0,""ci95_high"":null,""ci95_low"":null,""estimate"":null,""n_units"":0,""qualified"":false,""sampling_unit"":""epoch_id""}",,"{""bootstrap_replicates"":0,""ci95_high"":null,""ci95_low"":null,""estimate"":null,""n_units"":0,""qualified"":false,""sampling_unit"":""epoch_id""}",qwen3.5-397b-a17b,9,0,,,,"{""bootstrap_replicates"":0,""ci95_high"":null,""ci95_low"":null,""estimate"":null,""n_units"":0,""qualified"":false,""sampling_unit"":""epoch_id""}",do-capacity-20260828-r2:32d27ca2642c71f787a1c87d449f5a308e7aebdd2bf15a9b054d6ad5415230c1,,campaign_censored_before_start,do-sixhour-aimd-20260824-r1,False,1.3779769288244612,short_short,do-combined-capacity-20260828,3.0228421702926727,1.0,,"{""bootstrap_replicates"":0,""ci95_high"":null,""ci95_low"":null,""estimate"":null,""n_units"":0,""qualified"":false,""sampling_unit"":""epoch_id""}",9,,
36.0,"{""bootstrap_replicates"":0,""ci95_high"":36.0,""ci95_low"":36.0,""estimate"":36.0,""method"":""epoch/block-bootstrap-ratio-of-sums"",""n_units"":3,""qualified"":true,""sampling_unit"":""capacity-eligible load epoch/block; launch-guarded and scientifically censored blocks are retained as audit counts but excluded from provider-capacity estimands; bootstrap assumes block-level exchangeability and does not remove temporal autocorrelation""}",9,,,,3,0,,,9,,,9,0,,9,0,confirmed_right_censored_lower_bound,30.0,0.5,registered open-loop AIMD bound with three separated confirmations when a numeric healthy lower bound is present,,,9.011071689136223,"{""bootstrap_replicates"":0,""ci95_high"":15.551204657841911,""ci95_low"":6.5474429205175815,""estimate"":9.011071689136223,""method"":""epoch/block-bootstrap-ratio-of-sums"",""n_units"":3,""qualified"":true,""sampling_unit"":""capacity-eligible load epoch/block; launch-guarded and scientifically censored blocks are retained as audit counts but excluded from provider-capacity estimands; bootstrap assumes block-level exchangeability and does not remove temporal autocorrelation""}",30.0,0.5,,,901333.4469360383,"{""bootstrap_replicates"":0,""ci95_high"":1555472.9597564356,""ci95_low"":654916.7080486652,""estimate"":901333.4469360383,""method"":""epoch/block-bootstrap-ratio-of-sums"",""n_units"":3,""qualified"":true,""sampling_unit"":""capacity-eligible load epoch/block; launch-guarded and scientifically censored blocks are retained as audit counts but excluded from provider-capacity estimands; bootstrap assumes block-level exchangeability and does not remove temporal autocorrelation""}",663.8156144330351,"{""bootstrap_replicates"":0,""ci95_high"":1026.3795074175662,""ci95_low"":567.4450531115237,""estimate"":663.8156144330351,""method"":""epoch/block-bootstrap-ratio-of-sums"",""n_units"":3,""qualified"":true,""sampling_unit"":""capacity-eligible load epoch/block; launch-guarded and scientifically censored blocks are retained as audit counts but excluded from provider-capacity estimands; bootstrap assumes block-level exchangeability and does not remove temporal autocorrelation""}",qwen3.8-max,15,15,30.0,0.5,18.22730058976449,"{""bootstrap_replicates"":0,""ci95_high"":25.64585762459319,""ci95_low"":10.701624680566601,""estimate"":18.22730058976449,""method"":""epoch/block-bootstrap-percentile"",""n_units"":3,""qualified"":true,""sampling_unit"":""capacity-eligible load epoch/block; launch-guarded and scientifically censored blocks are retained as audit counts but excluded from provider-capacity estimands; bootstrap assumes block-level exchangeability and does not remove temporal autocorrelation""}",do-capacity-20260828-r2:32d27ca2642c71f787a1c87d449f5a308e7aebdd2bf15a9b054d6ad5415230c1,right_censored_highest_tested_confirmed_healthy_no_overload,completed_confirmations_healthy,do-capacity-20260828-r2,True,,input32k_short,do-combined-capacity-20260828,1.0,0.25,,,15,,
,"{""bootstrap_replicates"":0,""ci95_high"":null,""ci95_low"":null,""estimate"":null,""n_units"":0,""qualified"":false,""sampling_unit"":""epoch_id""}",0,,[],,0,0,,,0,,,0,0,[],0,0,unconfirmed_healthy_observation_only,,,healthy_realized_offered_arrival_rate_over_short_confirmation_epochs; not_drain_inclusive_completed_goodput_or_sustained_capacity,,,,"{""bootstrap_replicates"":0,""ci95_high"":null,""ci95_low"":null,""estimate"":null,""n_units"":0,""qualified"":false,""sampling_unit"":""epoch_id""}",,,,,,"{""bootstrap_replicates"":0,""ci95_high"":null,""ci95_low"":null,""estimate"":null,""n_units"":0,""qualified"":false,""sampling_unit"":""epoch_id""}",,"{""bootstrap_replicates"":0,""ci95_high"":null,""ci95_low"":null,""estimate"":null,""n_units"":0,""qualified"":false,""sampling_unit"":""epoch_id""}",qwen3.8-max,12,8,120.35698846061177,2.005949807676863,,"{""bootstrap_replicates"":0,""ci95_high"":null,""ci95_low"":null,""estimate"":null,""n_units"":0,""qualified"":false,""sampling_unit"":""epoch_id""}",do-capacity-20260828-r2:32d27ca2642c71f787a1c87d449f5a308e7aebdd2bf15a9b054d6ad5415230c1,,campaign_censored_before_start,do-sixhour-aimd-20260824-r1,False,0.4666666666666667,mixed,do-combined-capacity-20260828,2.005949807676863,0.06666666666666667,,"{""bootstrap_replicates"":0,""ci95_high"":null,""ci95_low"":null,""estimate"":null,""n_units"":0,""qualified"":false,""sampling_unit"":""epoch_id""}",12,,
,"{""bootstrap_replicates"":0,""ci95_high"":null,""ci95_low"":null,""estimate"":null,""n_units"":0,""qualified"":false,""sampling_unit"":""epoch_id""}",0,,[],,0,0,,,0,,,0,0,[],0,0,unconfirmed_healthy_observation_only,,,healthy_realized_offered_arrival_rate_over_short_confirmation_epochs; not_drain_inclusive_completed_goodput_or_sustained_capacity,,,,"{""bootstrap_replicates"":0,""ci95_high"":null,""ci95_low"":null,""estimate"":null,""n_units"":0,""qualified"":false,""sampling_unit"":""epoch_id""}",,,,,,"{""bootstrap_replicates"":0,""ci95_high"":null,""ci95_low"":null,""estimate"":null,""n_units"":0,""qualified"":false,""sampling_unit"":""epoch_id""}",,"{""bootstrap_replicates"":0,""ci95_high"":null,""ci95_low"":null,""estimate"":null,""n_units"":0,""qualified"":false,""sampling_unit"":""epoch_id""}",qwen3.8-max,12,7,54.783806937091526,0.9130634489515255,,"{""bootstrap_replicates"":0,""ci95_high"":null,""ci95_low"":null,""estimate"":null,""n_units"":0,""qualified"":false,""sampling_unit"":""epoch_id""}",do-capacity-20260828-r2:32d27ca2642c71f787a1c87d449f5a308e7aebdd2bf15a9b054d6ad5415230c1,,campaign_censored_before_start,do-sixhour-aimd-20260824-r1,False,0.2,short_long,do-combined-capacity-20260828,0.9130634489515255,0.06666666666666667,,"{""bootstrap_replicates"":0,""ci95_high"":null,""ci95_low"":null,""estimate"":null,""n_units"":0,""qualified"":false,""sampling_unit"":""epoch_id""}",12,,
,"{""bootstrap_replicates"":0,""ci95_high"":null,""ci95_low"":null,""estimate"":null,""n_units"":0,""qualified"":false,""sampling_unit"":""epoch_id""}",0,,[],,0,0,,,0,,,0,0,[],0,0,unconfirmed_healthy_observation_only,,,healthy_realized_offered_arrival_rate_over_short_confirmation_epochs; not_drain_inclusive_completed_goodput_or_sustained_capacity,,,,"{""bootstrap_replicates"":0,""ci95_high"":null,""ci95_low"":null,""estimate"":null,""n_units"":0,""qualified"":false,""sampling_unit"":""epoch_id""}",,,,,,"{""bootstrap_replicates"":0,""ci95_high"":null,""ci95_low"":null,""estimate"":null,""n_units"":0,""qualified"":false,""sampling_unit"":""epoch_id""}",,"{""bootstrap_replicates"":0,""ci95_high"":null,""ci95_low"":null,""estimate"":null,""n_units"":0,""qualified"":false,""sampling_unit"":""epoch_id""}",qwen3.8-max,9,5,148.02771682625465,2.4671286137709107,,"{""bootstrap_replicates"":0,""ci95_high"":null,""ci95_low"":null,""estimate"":null,""n_units"":0,""qualified"":false,""sampling_unit"":""epoch_id""}",do-capacity-20260828-r2:32d27ca2642c71f787a1c87d449f5a308e7aebdd2bf15a9b054d6ad5415230c1,,campaign_censored_before_start,do-sixhour-aimd-20260824-r1,False,2.0,short_short,do-combined-capacity-20260828,2.4671286137709107,1.0,,"{""bootstrap_replicates"":0,""ci95_high"":null,""ci95_low"":null,""estimate"":null,""n_units"":0,""qualified"":false,""sampling_unit"":""epoch_id""}",9,,
32.0,"{""bootstrap_replicates"":0,""ci95_high"":48.0,""ci95_low"":24.0,""estimate"":32.0,""method"":""epoch/block-bootstrap-ratio-of-sums"",""n_units"":3,""qualified"":true,""sampling_unit"":""capacity-eligible load epoch/block; launch-guarded and scientifically censored blocks are retained as audit counts but excluded from provider-capacity estimands; bootstrap assumes block-level exchangeability and does not remove temporal autocorrelation""}",8,,,,3,0,,,8,,,8,0,,8,0,confirmed_right_censored_lower_bound,30.0,0.5,registered open-loop AIMD bound with three separated confirmations when a numeric healthy lower bound is present,,,11.67279645369652,"{""bootstrap_replicates"":0,""ci95_high"":16.122324415419666,""ci95_low"":8.646607330794469,""estimate"":11.67279645369652,""method"":""epoch/block-bootstrap-ratio-of-sums"",""n_units"":3,""qualified"":true,""sampling_unit"":""capacity-eligible load epoch/block; launch-guarded and scientifically censored blocks are retained as audit counts but excluded from provider-capacity estimands; bootstrap assumes block-level exchangeability and does not remove temporal autocorrelation""}",30.0,0.5,,,1167289.859066549,"{""bootstrap_replicates"":0,""ci95_high"":1612236.4721230704,""ci95_low"":864639.1165611199,""estimate"":1167289.859066549,""method"":""epoch/block-bootstrap-ratio-of-sums"",""n_units"":3,""qualified"":true,""sampling_unit"":""capacity-eligible load epoch/block; launch-guarded and scientifically censored blocks are retained as audit counts but excluded from provider-capacity estimands; bootstrap assumes block-level exchangeability and does not remove temporal autocorrelation""}",402.71147765252994,"{""bootstrap_replicates"":0,""ci95_high"":574.9993874978322,""ci95_low"":155.38022230821883,""estimate"":402.71147765252994,""method"":""epoch/block-bootstrap-ratio-of-sums"",""n_units"":3,""qualified"":true,""sampling_unit"":""capacity-eligible load epoch/block; launch-guarded and scientifically censored blocks are retained as audit counts but excluded from provider-capacity estimands; bootstrap assumes block-level exchangeability and does not remove temporal autocorrelation""}",deepseek-v4-flash-0731,16,14,30.0,0.5,11.95334909306257,"{""bootstrap_replicates"":0,""ci95_high"":13.019294099201216,""ci95_low"":10.645581600064178,""estimate"":11.95334909306257,""method"":""epoch/block-bootstrap-percentile"",""n_units"":3,""qualified"":true,""sampling_unit"":""capacity-eligible load epoch/block; launch-guarded and scientifically censored blocks are retained as audit counts but excluded from provider-capacity estimands; bootstrap assumes block-level exchangeability and does not remove temporal autocorrelation""}",SHA256SUMS:9d3ea8a161ce4fee8cd37902f3d699018c18b9be82fbef00eb4a98f3f29d762d;campaign:50218753aa9404e0946bbbc04692f95986df6042ad57a54cf19ea467a11c19de;source:603061da297c5422a7ba1750a110d80bf26b4757,,campaign_censored_before_start,do-combined-capacity-20260828,True,,input100k_short,do-combined-capacity-20260829,1.0,0.25,,,15,100000,input100k_short
4.0,"{""bootstrap_replicates"":2000,""ci95_high"":4.0,""ci95_low"":4.0,""estimate"":4.0,""n_units"":3,""qualified"":true,""sampling_unit"":""epoch_id""}",3,,"[""do-epoch-31ba4317d19cc31fb9d8"",""do-epoch-41593985ec2e7c04276a"",""do-epoch-aa7c861e6da7cb610185""]","[15.0,15.0]",3,0,"[46.0,51.0]","[4.0,4.0]",3,,"[1024.0,1024.0]",3,0,"[""streamed""]",3,0,confirmed_bracketed_interval,4.0,0.06666666666666667,healthy_realized_offered_arrival_rate_over_short_confirmation_epochs; not_drain_inclusive_completed_goodput_or_sustained_capacity,12.0,0.2,4.0,"{""bootstrap_replicates"":2000,""ci95_high"":4.0,""ci95_low"":4.0,""estimate"":4.0,""n_units"":3,""qualified"":true,""sampling_unit"":""epoch_id""}",4.0,0.06666666666666667,12.0,0.2,193.33333333333334,"{""bootstrap_replicates"":2000,""ci95_high"":204.0,""ci95_low"":184.00000000000003,""estimate"":193.33333333333334,""n_units"":3,""qualified"":true,""sampling_unit"":""epoch_id""}",16.0,"{""bootstrap_replicates"":2000,""ci95_high"":16.0,""ci95_low"":16.0,""estimate"":16.0,""n_units"":3,""qualified"":true,""sampling_unit"":""epoch_id""}",deepseek-v4-flash-0731,12,9,129.0512174971011,2.150853624951685,0.5531866379994123,"{""bootstrap_replicates"":2000,""ci95_high"":0.6228933570091613,""ci95_low"":0.43502467300277203,""estimate"":0.5531866379994123,""n_units"":3,""qualified"":true,""sampling_unit"":""epoch_id""}",SHA256SUMS:9d3ea8a161ce4fee8cd37902f3d699018c18b9be82fbef00eb4a98f3f29d762d;campaign:50218753aa9404e0946bbbc04692f95986df6042ad57a54cf19ea467a11c19de;source:603061da297c5422a7ba1750a110d80bf26b4757,,campaign_censored_before_start,do-combined-capacity-20260828,False,0.2,mixed,do-combined-capacity-20260829,2.150853624951685,0.06666666666666667,0.49683042699083063,"{""bootstrap_replicates"":2000,""ci95_high"":0.583501177985454,""ci95_low"":0.3634383509925101,""estimate"":0.49683042699083063,""n_units"":3,""qualified"":true,""sampling_unit"":""epoch_id""}",12,,
44.0,"{""bootstrap_replicates"":0,""ci95_high"":48.0,""ci95_low"":36.0,""estimate"":44.0,""method"":""epoch/block-bootstrap-ratio-of-sums"",""n_units"":3,""qualified"":true,""sampling_unit"":""capacity-eligible load epoch/block; launch-guarded and scientifically censored blocks are retained as audit counts but excluded from provider-capacity estimands; bootstrap assumes block-level exchangeability and does not remove temporal autocorrelation""}",11,,,,3,0,,,11,,,11,0,,11,0,confirmed_right_censored_lower_bound,60.0,1.0,registered open-loop AIMD bound with three separated confirmations when a numeric healthy lower bound is present,,,2.45591159487582,"{""bootstrap_replicates"":0,""ci95_high"":2.9388591970741302,""ci95_low"":1.7787919505522007,""estimate"":2.45591159487582,""method"":""epoch/block-bootstrap-ratio-of-sums"",""n_units"":3,""qualified"":true,""sampling_unit"":""capacity-eligible load epoch/block; launch-guarded and scientifically censored blocks are retained as audit counts but excluded from provider-capacity estimands; bootstrap assumes block-level exchangeability and does not remove temporal autocorrelation""}",60.0,1.0,,,707.972333395566,"{""bootstrap_replicates"":0,""ci95_high"":844.9220191588124,""ci95_low"":512.2920817590337,""estimate"":707.972333395566,""method"":""epoch/block-bootstrap-ratio-of-sums"",""n_units"":3,""qualified"":true,""sampling_unit"":""capacity-eligible load epoch/block; launch-guarded and scientifically censored blocks are retained as audit counts but excluded from provider-capacity estimands; bootstrap assumes block-level exchangeability and does not remove temporal autocorrelation""}",9864.503817854396,"{""bootstrap_replicates"":0,""ci95_high"":12037.567271215637,""ci95_low"":6768.303371851123,""estimate"":9864.503817854396,""method"":""epoch/block-bootstrap-ratio-of-sums"",""n_units"":3,""qualified"":true,""sampling_unit"":""capacity-eligible load epoch/block; launch-guarded and scientifically censored blocks are retained as audit counts but excluded from provider-capacity estimands; bootstrap assumes block-level exchangeability and does not remove temporal autocorrelation""}",deepseek-v4-flash-0731,15,15,60.0,1.0,82.23320499503751,"{""bootstrap_replicates"":0,""ci95_high"":99.70470991202164,""ci95_low"":78.57411486423807,""estimate"":82.23320499503751,""method"":""epoch/block-bootstrap-percentile"",""n_units"":3,""qualified"":true,""sampling_unit"":""capacity-eligible load epoch/block; launch-guarded and scientifically censored blocks are retained as audit counts but excluded from provider-capacity estimands; bootstrap assumes block-level exchangeability and does not remove temporal autocorrelation""}",SHA256SUMS:9d3ea8a161ce4fee8cd37902f3d699018c18b9be82fbef00eb4a98f3f29d762d;campaign:50218753aa9404e0946bbbc04692f95986df6042ad57a54cf19ea467a11c19de;source:603061da297c5422a7ba1750a110d80bf26b4757,,campaign_censored_before_start,do-combined-capacity-20260828,True,,short_long,do-combined-capacity-20260829,1.0,0.25,,,15,,
1821.4333502608704,"{""bootstrap_replicates"":2000,""ci95_high"":1858.363101844329,""ci95_low"":1790.3357935705815,""estimate"":1821.4333502608704,""n_units"":3,""qualified"":true,""sampling_unit"":""epoch_id""}",1440,,"[""do-epoch-40b1bf2de7537f060de1"",""do-epoch-741c5e103619b65868e2"",""do-epoch-883e6062feb1e131105a""]","[15.497509594017174,16.08636776599451]",3,0,"[40.0,54.0]","[4.0,4.0]",1440,,"[64.0,64.0]",1440,0,"[""streamed""]",1440,0,confirmed_right_censored_lower_bound,1920.0,32.0,healthy_realized_offered_arrival_rate_over_short_confirmation_epochs; not_drain_inclusive_completed_goodput_or_sustained_capacity,,,1821.4333502608704,"{""bootstrap_replicates"":2000,""ci95_high"":1858.363101844329,""ci95_low"":1790.3357935705815,""estimate"":1821.4333502608704,""n_units"":3,""qualified"":true,""sampling_unit"":""epoch_id""}",1920.0,32.0,,,85752.08134163164,"{""bootstrap_replicates"":2000,""ci95_high"":87660.5361499152,""ci95_low"":84455.36119545558,""estimate"":85752.08134163164,""n_units"":3,""qualified"":true,""sampling_unit"":""epoch_id""}",7285.7334010434815,"{""bootstrap_replicates"":2000,""ci95_high"":7433.452407377316,""ci95_low"":7161.343174282326,""estimate"":7285.7334010434815,""n_units"":3,""qualified"":true,""sampling_unit"":""epoch_id""}",deepseek-v4-flash-0731,11,11,1920.0,32.0,0.7217236195763684,"{""bootstrap_replicates"":2000,""ci95_high"":0.7541720801862538,""ci95_low"":0.6884437455853912,""estimate"":0.7217236195763684,""n_units"":3,""qualified"":true,""sampling_unit"":""epoch_id""}",SHA256SUMS:9d3ea8a161ce4fee8cd37902f3d699018c18b9be82fbef00eb4a98f3f29d762d;campaign:50218753aa9404e0946bbbc04692f95986df6042ad57a54cf19ea467a11c19de;source:603061da297c5422a7ba1750a110d80bf26b4757,,campaign_censored_before_start,do-combined-capacity-20260828,True,,short_short,do-combined-capacity-20260829,32.0,1.9104998270909148,0.40638519983137183,"{""bootstrap_replicates"":2000,""ci95_high"":0.4114060235006036,""ci95_low"":0.3963769779948052,""estimate"":0.40638519983137183,""n_units"":3,""qualified"":true,""sampling_unit"":""epoch_id""}",11,,
,,,,,,,,,,,,,,,,,,censored_no_valid_healthy_epoch,,,registered open-loop AIMD bound with three separated confirmations when a numeric healthy lower bound is present,30.0,0.5,,,,,30.0,0.5,,,,,gemma-4-31B-it,1,0,,,,,SHA256SUMS:9d3ea8a161ce4fee8cd37902f3d699018c18b9be82fbef00eb4a98f3f29d762d;campaign:50218753aa9404e0946bbbc04692f95986df6042ad57a54cf19ea467a11c19de;source:603061da297c5422a7ba1750a110d80bf26b4757,left_censored_no_healthy_at_lowest_tested_rate,completed_no_healthy_at_lowest_tested_rate,do-six-hour-variation-20260828-r1,False,,input100k_short,do-combined-capacity-20260829,0.5,0.5,,,1,100000,input100k_short
124.0,"{""bootstrap_replicates"":0,""ci95_high"":192.0,""ci95_low"":84.0,""estimate"":124.0,""method"":""epoch/block-bootstrap-ratio-of-sums"",""n_units"":3,""qualified"":true,""sampling_unit"":""capacity-eligible load epoch/block; launch-guarded and scientifically censored blocks are retained as audit counts but excluded from provider-capacity estimands; bootstrap assumes block-level exchangeability and does not remove temporal autocorrelation""}",31,,,,3,0,,,31,,,31,0,,31,0,confirmed_right_censored_lower_bound,120.0,2.0,registered open-loop AIMD bound with three separated confirmations when a numeric healthy lower bound is present,,,4.725116287510351,"{""bootstrap_replicates"":0,""ci95_high"":8.305450100199652,""ci95_low"":2.8171616176171344,""estimate"":4.725116287510351,""method"":""epoch/block-bootstrap-ratio-of-sums"",""n_units"":3,""qualified"":true,""sampling_unit"":""capacity-eligible load epoch/block; launch-guarded and scientifically censored blocks are retained as audit counts but excluded from provider-capacity estimands; bootstrap assumes block-level exchangeability and does not remove temporal autocorrelation""}",120.0,2.0,,,138809.89360129763,"{""bootstrap_replicates"":0,""ci95_high"":168751.0385060618,""ci95_low"":106473.91904743519,""estimate"":138809.89360129763,""method"":""epoch/block-bootstrap-ratio-of-sums"",""n_units"":3,""qualified"":true,""sampling_unit"":""capacity-eligible load epoch/block; launch-guarded and scientifically censored blocks are retained as audit counts but excluded from provider-capacity estimands; bootstrap assumes block-level exchangeability and does not remove temporal autocorrelation""}",3835.5750406100155,"{""bootstrap_replicates"":0,""ci95_high"":9385.677703856869,""ci95_low"":1434.2874085693236,""estimate"":3835.5750406100155,""method"":""epoch/block-bootstrap-ratio-of-sums"",""n_units"":3,""qualified"":true,""sampling_unit"":""capacity-eligible load epoch/block; launch-guarded and scientifically censored blocks are retained as audit counts but excluded from provider-capacity estimands; bootstrap assumes block-level exchangeability and does not remove temporal autocorrelation""}",gemma-4-31B-it,15,14,120.0,2.0,111.54077418154338,"{""bootstrap_replicates"":0,""ci95_high"":166.29681919454015,""ci95_low"":104.93539901729673,""estimate"":111.54077418154338,""method"":""epoch/block-bootstrap-percentile"",""n_units"":3,""qualified"":true,""sampling_unit"":""capacity-eligible load epoch/block; launch-guarded and scientifically censored blocks are retained as audit counts but excluded from provider-capacity estimands; bootstrap assumes block-level exchangeability and does not remove temporal autocorrelation""}",SHA256SUMS:9d3ea8a161ce4fee8cd37902f3d699018c18b9be82fbef00eb4a98f3f29d762d;campaign:50218753aa9404e0946bbbc04692f95986df6042ad57a54cf19ea467a11c19de;source:603061da297c5422a7ba1750a110d80bf26b4757,,campaign_censored_before_start,do-combined-capacity-20260828,True,,mixed,do-combined-capacity-20260829,2.0,0.25,,,15,,
80.0,"{""bootstrap_replicates"":0,""ci95_high"":132.0,""ci95_low"":24.0,""estimate"":80.0,""method"":""epoch/block-bootstrap-ratio-of-sums"",""n_units"":3,""qualified"":true,""sampling_unit"":""capacity-eligible load epoch/block; launch-guarded and scientifically censored blocks are retained as audit counts but excluded from provider-capacity estimands; bootstrap assumes block-level exchangeability and does not remove temporal autocorrelation""}",20,,,,3,0,,,20,,,20,0,,20,0,confirmed_right_censored_lower_bound,60.0,1.0,registered open-loop AIMD bound with three separated confirmations when a numeric healthy lower bound is present,,,2.998190828542467,"{""bootstrap_replicates"":0,""ci95_high"":5.107659565975497,""ci95_low"":1.0286811368215507,""estimate"":2.998190828542467,""method"":""epoch/block-bootstrap-ratio-of-sums"",""n_units"":3,""qualified"":true,""sampling_unit"":""capacity-eligible load epoch/block; launch-guarded and scientifically censored blocks are retained as audit counts but excluded from provider-capacity estimands; bootstrap assumes block-level exchangeability and does not remove temporal autocorrelation""}",60.0,1.0,,,905.0039015955438,"{""bootstrap_replicates"":0,""ci95_high"":1538.1351950109067,""ci95_low"":310.66170332010836,""estimate"":905.0039015955438,""method"":""epoch/block-bootstrap-ratio-of-sums"",""n_units"":3,""qualified"":true,""sampling_unit"":""capacity-eligible load epoch/block; launch-guarded and scientifically censored blocks are retained as audit counts but excluded from provider-capacity estimands; bootstrap assumes block-level exchangeability and does not remove temporal autocorrelation""}",6564.688728635159,"{""bootstrap_replicates"":0,""ci95_high"":11324.410923419959,""ci95_low"":2263.098501007412,""estimate"":6564.688728635159,""method"":""epoch/block-bootstrap-ratio-of-sums"",""n_units"":3,""qualified"":true,""sampling_unit"":""capacity-eligible load epoch/block; launch-guarded and scientifically censored blocks are retained as audit counts but excluded from provider-capacity estimands; bootstrap assumes block-level exchangeability and does not remove temporal autocorrelation""}",gemma-4-31B-it,15,14,60.0,1.0,108.65705996790784,"{""bootstrap_replicates"":0,""ci95_high"":145.2361411380116,""ci95_low"":76.39676857349696,""estimate"":108.65705996790784,""method"":""epoch/block-bootstrap-percentile"",""n_units"":3,""qualified"":true,""sampling_unit"":""capacity-eligible load epoch/block; launch-guarded and scientifically censored blocks are retained as audit counts but excluded from provider-capacity estimands; bootstrap assumes block-level exchangeability and does not remove temporal autocorrelation""}",SHA256SUMS:9d3ea8a161ce4fee8cd37902f3d699018c18b9be82fbef00eb4a98f3f29d762d;campaign:50218753aa9404e0946bbbc04692f95986df6042ad57a54cf19ea467a11c19de;source:603061da297c5422a7ba1750a110d80bf26b4757,,campaign_censored_before_start,do-combined-capacity-20260828,True,,short_long,do-combined-capacity-20260829,1.0,0.25,,,14,,
24.0,"{""bootstrap_replicates"":0,""ci95_high"":36.0,""ci95_low"":12.0,""estimate"":24.0,""method"":""epoch/block-bootstrap-ratio-of-sums"",""n_units"":3,""qualified"":true,""sampling_unit"":""capacity-eligible load epoch/block; launch-guarded and scientifically censored blocks are retained as audit counts but excluded from provider-capacity estimands; bootstrap assumes block-level exchangeability and does not remove temporal autocorrelation""}",6,,,,3,0,,,6,,,6,0,,6,0,confirmed_bracketed_interval,15.0,0.25,registered open-loop AIMD bound with three separated confirmations when a numeric healthy lower bound is present,150.0,2.5,23.45223644337196,"{""bootstrap_replicates"":0,""ci95_high"":35.99284136907699,""ci95_low"":11.221131554757738,""estimate"":23.45223644337196,""method"":""epoch/block-bootstrap-ratio-of-sums"",""n_units"":3,""qualified"":true,""sampling_unit"":""capacity-eligible load epoch/block; launch-guarded and scientifically censored blocks are retained as audit counts but excluded from provider-capacity estimands; bootstrap assumes block-level exchangeability and does not remove temporal autocorrelation""}",15.0,0.25,150.0,2.5,6785.513744282286,"{""bootstrap_replicates"":0,""ci95_high"":10389.933541873559,""ci95_low"":3254.1281508797438,""estimate"":6785.513744282286,""method"":""epoch/block-bootstrap-ratio-of-sums"",""n_units"":3,""qualified"":true,""sampling_unit"":""capacity-eligible load epoch/block; launch-guarded and scientifically censored blocks are retained as audit counts but excluded from provider-capacity estimands; bootstrap assumes block-level exchangeability and does not remove temporal autocorrelation""}",140.71341866023175,"{""bootstrap_replicates"":0,""ci95_high"":215.95704821446196,""ci95_low"":67.32678932854643,""estimate"":140.71341866023175,""method"":""epoch/block-bootstrap-ratio-of-sums"",""n_units"":3,""qualified"":true,""sampling_unit"":""capacity-eligible load epoch/block; launch-guarded and scientifically censored blocks are retained as audit counts but excluded from provider-capacity estimands; bootstrap assumes block-level exchangeability and does not remove temporal autocorrelation""}",gemma-4-31B-it,21,16,150.0,2.5,0.6012254936271347,"{""bootstrap_replicates"":0,""ci95_high"":0.8329410264792386,""ci95_low"":0.5242253469768912,""estimate"":0.6012254936271347,""method"":""epoch/block-bootstrap-percentile"",""n_units"":3,""qualified"":true,""sampling_unit"":""capacity-eligible load epoch/block; launch-guarded and scientifically censored blocks are retained as audit counts but excluded from provider-capacity estimands; bootstrap assumes block-level exchangeability and does not remove temporal autocorrelation""}",SHA256SUMS:9d3ea8a161ce4fee8cd37902f3d699018c18b9be82fbef00eb4a98f3f29d762d;campaign:50218753aa9404e0946bbbc04692f95986df6042ad57a54cf19ea467a11c19de;source:603061da297c5422a7ba1750a110d80bf26b4757,,campaign_censored_before_start,do-combined-capacity-20260828,False,,short_short,do-combined-capacity-20260829,2.5,0.25,,,21,,
,,,,,,,,,,,,,,,,,,censored_no_valid_healthy_epoch,,,registered open-loop AIMD bound with three separated confirmations when a numeric healthy lower bound is present,30.0,0.5,,,,,30.0,0.5,,,,,glm-5.2,1,0,,,,,SHA256SUMS:9d3ea8a161ce4fee8cd37902f3d699018c18b9be82fbef00eb4a98f3f29d762d;campaign:50218753aa9404e0946bbbc04692f95986df6042ad57a54cf19ea467a11c19de;source:603061da297c5422a7ba1750a110d80bf26b4757,left_censored_no_healthy_at_lowest_tested_rate,completed_no_healthy_at_lowest_tested_rate,do-six-hour-variation-20260828-r1,False,,input100k_short,do-combined-capacity-20260829,0.5,0.5,,,1,100000,input100k_short
4.0,"{""bootstrap_replicates"":2000,""ci95_high"":4.0,""ci95_low"":4.0,""estimate"":4.0,""n_units"":3,""qualified"":true,""sampling_unit"":""epoch_id""}",3,,"[""do-epoch-12a71053a0f659e458ca"",""do-epoch-73799389d8d848cbb60a"",""do-epoch-cd077b045a0e411a202d""]","[15.0,15.0]",3,0,"[55.0,56.0]","[25.0,196.0]",3,,"[1024.0,1024.0]",3,0,"[""streamed""]",3,0,confirmed_bracketed_interval,4.0,0.06666666666666667,healthy_realized_offered_arrival_rate_over_short_confirmation_epochs; not_drain_inclusive_completed_goodput_or_sustained_capacity,12.0,0.2,4.0,"{""bootstrap_replicates"":2000,""ci95_high"":4.0,""ci95_low"":4.0,""estimate"":4.0,""n_units"":3,""qualified"":true,""sampling_unit"":""epoch_id""}",4.0,0.06666666666666667,12.0,0.2,221.33333333333334,"{""bootstrap_replicates"":2000,""ci95_high"":224.0,""ci95_low"":220.0,""estimate"":221.33333333333334,""n_units"":3,""qualified"":true,""sampling_unit"":""epoch_id""}",526.6666666666666,"{""bootstrap_replicates"":2000,""ci95_high"":784.0000000000001,""ci95_low"":100.0,""estimate"":526.6666666666666,""n_units"":3,""qualified"":true,""sampling_unit"":""epoch_id""}",glm-5.2,12,9,30.71686978492822,0.5119478297488037,2.4374301616723337,"{""bootstrap_replicates"":2000,""ci95_high"":4.273844736017054,""ci95_low"":0.6746091700042598,""estimate"":2.4374301616723337,""n_units"":3,""qualified"":true,""sampling_unit"":""epoch_id""}",SHA256SUMS:9d3ea8a161ce4fee8cd37902f3d699018c18b9be82fbef00eb4a98f3f29d762d;campaign:50218753aa9404e0946bbbc04692f95986df6042ad57a54cf19ea467a11c19de;source:603061da297c5422a7ba1750a110d80bf26b4757,,campaign_censored_before_start,do-combined-capacity-20260828,False,0.2,mixed,do-combined-capacity-20260829,0.5119478297488037,0.06666666666666667,0.5757723553397227,"{""bootstrap_replicates"":2000,""ci95_high"":0.774398141016718,""ci95_low"":0.450778797006933,""estimate"":0.5757723553397227,""n_units"":3,""qualified"":true,""sampling_unit"":""epoch_id""}",12,,
,,,,,,,,,,,,,,,,,,censored_no_valid_healthy_epoch,,,registered open-loop AIMD bound with three separated confirmations when a numeric healthy lower bound is present,30.0,0.5,,,,,30.0,0.5,,,,,glm-5.2,1,0,,,,,SHA256SUMS:9d3ea8a161ce4fee8cd37902f3d699018c18b9be82fbef00eb4a98f3f29d762d;campaign:50218753aa9404e0946bbbc04692f95986df6042ad57a54cf19ea467a11c19de;source:603061da297c5422a7ba1750a110d80bf26b4757,left_censored_no_healthy_at_lowest_tested_rate,completed_no_healthy_at_lowest_tested_rate,do-six-hour-variation-20260828-r1,False,,short_long,do-combined-capacity-20260829,0.5,0.5,,,1,,short_long
,,,,,,,,,,,,,,,,,,censored_no_valid_healthy_epoch,,,registered open-loop AIMD bound with three separated confirmations when a numeric healthy lower bound is present,30.0,0.5,,,,,30.0,0.5,,,,,glm-5.2,1,0,,,,,SHA256SUMS:9d3ea8a161ce4fee8cd37902f3d699018c18b9be82fbef00eb4a98f3f29d762d;campaign:50218753aa9404e0946bbbc04692f95986df6042ad57a54cf19ea467a11c19de;source:603061da297c5422a7ba1750a110d80bf26b4757,left_censored_no_healthy_at_lowest_tested_rate,completed_no_healthy_at_lowest_tested_rate,do-six-hour-variation-20260828-r1,False,,short_short,do-combined-capacity-20260829,0.5,0.5,,,1,,short_short
41.55329379567497,"{""bootstrap_replicates"":2000,""ci95_high"":41.95382619994334,""ci95_low"":41.236388255680815,""estimate"":41.55329379567497,""n_units"":3,""qualified"":true,""sampling_unit"":""epoch_id""}",36,,"[""do-epoch-083a43fd3fe49f076d92"",""do-epoch-c8d0d691a40228d4992e"",""do-epoch-f5c579856d3bc00ee81a""]","[17.16172433400061,17.460307036002632]",3,0,"[20844.0,20851.0]","[45.0,64.0]",36,,"[64.0,64.0]",36,0,"[""streamed""]",36,0,confirmed_right_censored_lower_bound,48.0,0.8,healthy_realized_offered_arrival_rate_over_short_confirmation_epochs; not_drain_inclusive_completed_goodput_or_sustained_capacity,,,41.55329379567497,"{""bootstrap_replicates"":2000,""ci95_high"":41.95382619994334,""ci95_low"":41.236388255680815,""estimate"":41.55329379567497,""n_units"":3,""qualified"":true,""sampling_unit"":""epoch_id""}",48.0,0.8,,,866252.3122589379,"{""bootstrap_replicates"":2000,""ci95_high"":874604.4224858521,""ci95_low"":859634.3677720501,""estimate"":866252.3122589379,""n_units"":3,""qualified"":true,""sampling_unit"":""epoch_id""}",2637.2685057621165,"{""bootstrap_replicates"":2000,""ci95_high"":2654.0586836096477,""ci95_low"":2618.6179853131302,""estimate"":2637.2685057621165,""n_units"":3,""qualified"":true,""sampling_unit"":""epoch_id""}",kimi-k3,11,11,48.0,0.8,4.819711359407423,"{""bootstrap_replicates"":2000,""ci95_high"":5.034051840745088,""ci95_low"":4.6234077950954084,""estimate"":4.819711359407423,""n_units"":3,""qualified"":true,""sampling_unit"":""epoch_id""}",SHA256SUMS:9d3ea8a161ce4fee8cd37902f3d699018c18b9be82fbef00eb4a98f3f29d762d;campaign:50218753aa9404e0946bbbc04692f95986df6042ad57a54cf19ea467a11c19de;source:603061da297c5422a7ba1750a110d80bf26b4757,,campaign_censored_before_start,do-combined-capacity-20260828,True,,input32k_short,do-combined-capacity-20260829,0.8,0.06666666666666667,2.023592996837882,"{""bootstrap_replicates"":2000,""ci95_high"":2.163327163012582,""ci95_low"":1.9074609539966332,""estimate"":2.023592996837882,""n_units"":3,""qualified"":true,""sampling_unit"":""epoch_id""}",11,,
,,,,,,,,,,,,,,,,,,censored_no_valid_healthy_epoch,,,registered open-loop AIMD bound with three separated confirmations when a numeric healthy lower bound is present,30.0,0.5,,,,,30.0,0.5,,,,,kimi-k3,1,0,,,,,SHA256SUMS:9d3ea8a161ce4fee8cd37902f3d699018c18b9be82fbef00eb4a98f3f29d762d;campaign:50218753aa9404e0946bbbc04692f95986df6042ad57a54cf19ea467a11c19de;source:603061da297c5422a7ba1750a110d80bf26b4757,left_censored_no_healthy_at_lowest_tested_rate,completed_no_healthy_at_lowest_tested_rate,do-six-hour-variation-20260828-r1,False,,mixed,do-combined-capacity-20260829,0.5,0.5,,,1,,mixed
,,,,,,,,,,,,,,,,,,censored_no_valid_healthy_epoch,,,registered open-loop AIMD bound with three separated confirmations when a numeric healthy lower bound is present,30.0,0.5,,,,,30.0,0.5,,,,,kimi-k3,1,0,,,,,SHA256SUMS:9d3ea8a161ce4fee8cd37902f3d699018c18b9be82fbef00eb4a98f3f29d762d;campaign:50218753aa9404e0946bbbc04692f95986df6042ad57a54cf19ea467a11c19de;source:603061da297c5422a7ba1750a110d80bf26b4757,left_censored_no_healthy_at_lowest_tested_rate,completed_no_healthy_at_lowest_tested_rate,do-six-hour-variation-20260828-r1,False,,short_long,do-combined-capacity-20260829,0.5,0.5,,,1,,short_long
,,,,,,,,,,,,,,,,,,censored_no_valid_healthy_epoch,,,registered open-loop AIMD bound with three separated confirmations when a numeric healthy lower bound is present,30.0,0.5,,,,,30.0,0.5,,,,,kimi-k3,1,0,,,,,SHA256SUMS:9d3ea8a161ce4fee8cd37902f3d699018c18b9be82fbef00eb4a98f3f29d762d;campaign:50218753aa9404e0946bbbc04692f95986df6042ad57a54cf19ea467a11c19de;source:603061da297c5422a7ba1750a110d80bf26b4757,left_censored_no_healthy_at_lowest_tested_rate,completed_no_healthy_at_lowest_tested_rate,do-six-hour-variation-20260828-r1,False,,short_short,do-combined-capacity-20260829,0.5,0.5,,,1,,short_short
,,,,,,,,,,,,,,,,,,censored_no_valid_healthy_epoch,,,registered open-loop AIMD bound with three separated confirmations when a numeric healthy lower bound is present,30.0,0.5,,,,,30.0,0.5,,,,,mimo-v2.5-pro,1,0,,,,,SHA256SUMS:9d3ea8a161ce4fee8cd37902f3d699018c18b9be82fbef00eb4a98f3f29d762d;campaign:50218753aa9404e0946bbbc04692f95986df6042ad57a54cf19ea467a11c19de;source:603061da297c5422a7ba1750a110d80bf26b4757,left_censored_no_healthy_at_lowest_tested_rate,completed_no_healthy_at_lowest_tested_rate,do-six-hour-variation-20260828-r1,False,,input100k_short,do-combined-capacity-20260829,0.5,0.5,,,1,100000,input100k_short
,,,,,,,,,,,,,,,,,,censored_no_valid_healthy_epoch,,,registered open-loop AIMD bound with three separated confirmations when a numeric healthy lower bound is present,30.0,0.5,,,,,30.0,0.5,,,,,mimo-v2.5-pro,1,0,,,,,SHA256SUMS:9d3ea8a161ce4fee8cd37902f3d699018c18b9be82fbef00eb4a98f3f29d762d;campaign:50218753aa9404e0946bbbc04692f95986df6042ad57a54cf19ea467a11c19de;source:603061da297c5422a7ba1750a110d80bf26b4757,left_censored_no_healthy_at_lowest_tested_rate,completed_no_healthy_at_lowest_tested_rate,do-six-hour-variation-20260828-r1,False,,mixed,do-combined-capacity-20260829,0.5,0.5,,,1,,mixed
56.0,"{""bootstrap_replicates"":0,""ci95_high"":72.0,""ci95_low"":24.0,""estimate"":56.0,""method"":""epoch/block-bootstrap-ratio-of-sums"",""n_units"":3,""qualified"":true,""sampling_unit"":""capacity-eligible load epoch/block; launch-guarded and scientifically censored blocks are retained as audit counts but excluded from provider-capacity estimands; bootstrap assumes block-level exchangeability and does not remove temporal autocorrelation""}",14,,,,3,0,,,14,,,14,0,,14,0,confirmed_right_censored_lower_bound,60.0,1.0,registered open-loop AIMD bound with three separated confirmations when a numeric healthy lower bound is present,,,3.6854504474007834,"{""bootstrap_replicates"":0,""ci95_high"":6.137966654311686,""ci95_low"":1.9810245964334738,""estimate"":3.6854504474007834,""method"":""epoch/block-bootstrap-ratio-of-sums"",""n_units"":3,""qualified"":true,""sampling_unit"":""capacity-eligible load epoch/block; launch-guarded and scientifically censored blocks are retained as audit counts but excluded from provider-capacity estimands; bootstrap assumes block-level exchangeability and does not remove temporal autocorrelation""}",60.0,1.0,,,1989.6167486753657,"{""bootstrap_replicates"":0,""ci95_high"":3316.547982213081,""ci95_low"":1065.791232881209,""estimate"":1989.6167486753657,""method"":""epoch/block-bootstrap-ratio-of-sums"",""n_units"":3,""qualified"":true,""sampling_unit"":""capacity-eligible load epoch/block; launch-guarded and scientifically censored blocks are retained as audit counts but excluded from provider-capacity estimands; bootstrap assumes block-level exchangeability and does not remove temporal autocorrelation""}",8988.287148289453,"{""bootstrap_replicates"":0,""ci95_high"":15132.133791763077,""ci95_low"":5187.312905761051,""estimate"":8988.287148289453,""method"":""epoch/block-bootstrap-ratio-of-sums"",""n_units"":3,""qualified"":true,""sampling_unit"":""capacity-eligible load epoch/block; launch-guarded and scientifically censored blocks are retained as audit counts but excluded from provider-capacity estimands; bootstrap assumes block-level exchangeability and does not remove temporal autocorrelation""}",mimo-v2.5-pro,15,13,60.0,1.0,59.06367966440739,"{""bootstrap_replicates"":0,""ci95_high"":102.85475030945963,""ci95_low"":55.353453230753075,""estimate"":59.06367966440739,""method"":""epoch/block-bootstrap-percentile"",""n_units"":3,""qualified"":true,""sampling_unit"":""capacity-eligible load epoch/block; launch-guarded and scientifically censored blocks are retained as audit counts but excluded from provider-capacity estimands; bootstrap assumes block-level exchangeability and does not remove temporal autocorrelation""}",SHA256SUMS:9d3ea8a161ce4fee8cd37902f3d699018c18b9be82fbef00eb4a98f3f29d762d;campaign:50218753aa9404e0946bbbc04692f95986df6042ad57a54cf19ea467a11c19de;source:603061da297c5422a7ba1750a110d80bf26b4757,,campaign_censored_before_start,do-combined-capacity-20260828,True,,short_long,do-combined-capacity-20260829,1.0,0.25,,,14,,
416.0010160381498,"{""bootstrap_replicates"":2000,""ci95_high"":431.1202494919792,""ci95_low"":388.9480943520592,""estimate"":416.0010160381498,""n_units"":3,""qualified"":true,""sampling_unit"":""epoch_id""}",360,,"[""do-epoch-3af60433f4d56fde55ec"",""do-epoch-ce5fe060828ecf19cec0"",""do-epoch-f2366121a656dfcde0d1""]","[16.70067691899021,18.511467479984276]",3,0,"[296.0,308.0]","[57.0,64.0]",360,,"[64.0,64.0]",360,0,"[""streamed""]",360,0,confirmed_right_censored_lower_bound,480.0,8.0,healthy_realized_offered_arrival_rate_over_short_confirmation_epochs; not_drain_inclusive_completed_goodput_or_sustained_capacity,,,416.0010160381498,"{""bootstrap_replicates"":2000,""ci95_high"":431.1202494919792,""ci95_low"":388.9480943520592,""estimate"":416.0010160381498,""n_units"":3,""qualified"":true,""sampling_unit"":""epoch_id""}",480.0,8.0,,,126000.19288349838,"{""bootstrap_replicates"":2000,""ci95_high"":130615.06492108667,""ci95_low"":117724.86445800953,""estimate"":126000.19288349838,""n_units"":3,""qualified"":true,""sampling_unit"":""epoch_id""}",26611.74731678174,"{""bootstrap_replicates"":2000,""ci95_high"":27591.695967486678,""ci95_low"":24869.989399694587,""estimate"":26611.74731678174,""n_units"":3,""qualified"":true,""sampling_unit"":""epoch_id""}",mimo-v2.5-pro,13,10,480.0,8.0,2.964661539896527,"{""bootstrap_replicates"":2000,""ci95_high"":3.0648232677849587,""ci95_low"":2.881444108849974,""estimate"":2.964661539896527,""n_units"":3,""qualified"":true,""sampling_unit"":""epoch_id""}",SHA256SUMS:9d3ea8a161ce4fee8cd37902f3d699018c18b9be82fbef00eb4a98f3f29d762d;campaign:50218753aa9404e0946bbbc04692f95986df6042ad57a54cf19ea467a11c19de;source:603061da297c5422a7ba1750a110d80bf26b4757,,campaign_censored_before_start,do-combined-capacity-20260828,True,,short_short,do-combined-capacity-20260829,16.0,0.5162787136498969,0.4260655425071794,"{""bootstrap_replicates"":2000,""ci95_high"":0.4460759140056325,""ci95_low"":0.4079258355050115,""estimate"":0.4260655425071794,""n_units"":3,""qualified"":true,""sampling_unit"":""epoch_id""}",13,,
27.543508685610572,"{""bootstrap_replicates"":2000,""ci95_high"":28.0,""ci95_low"":26.63052605683171,""estimate"":27.543508685610572,""n_units"":3,""qualified"":true,""sampling_unit"":""epoch_id""}",21,,"[""do-epoch-5e7735136484aef71100"",""do-epoch-dd3cb926db81e931f205"",""do-epoch-f41294118ec273add2da""]","[15.0,15.771374515985372]",3,0,"[21884.0,21888.0]","[64.0,64.0]",21,,"[64.0,64.0]",21,0,"[""streamed""]",21,0,confirmed_bracketed_interval,28.0,0.4666666666666667,healthy_realized_offered_arrival_rate_over_short_confirmation_epochs; not_drain_inclusive_completed_goodput_or_sustained_capacity,48.0,0.8,27.543508685610572,"{""bootstrap_replicates"":2000,""ci95_high"":28.0,""ci95_low"":26.63052605683171,""estimate"":27.543508685610572,""n_units"":3,""qualified"":true,""sampling_unit"":""epoch_id""}",28.0,0.4666666666666667,48.0,0.8,602816.1586121192,"{""bootstrap_replicates"":2000,""ci95_high"":612836.0,""ci95_low"":582820.4758363577,""estimate"":602816.1586121192,""n_units"":3,""qualified"":true,""sampling_unit"":""epoch_id""}",1762.7845558790766,"{""bootstrap_replicates"":2000,""ci95_high"":1792.0,""ci95_low"":1704.353667637229,""estimate"":1762.7845558790766,""n_units"":3,""qualified"":true,""sampling_unit"":""epoch_id""}",minimax-m2.5,13,10,28.0,0.4666666666666667,3.7105249148327855,"{""bootstrap_replicates"":2000,""ci95_high"":4.314686845193501,""ci95_low"":3.244541066992678,""estimate"":3.7105249148327855,""n_units"":3,""qualified"":true,""sampling_unit"":""epoch_id""}",SHA256SUMS:9d3ea8a161ce4fee8cd37902f3d699018c18b9be82fbef00eb4a98f3f29d762d;campaign:50218753aa9404e0946bbbc04692f95986df6042ad57a54cf19ea467a11c19de;source:603061da297c5422a7ba1750a110d80bf26b4757,,campaign_censored_before_start,do-combined-capacity-20260828,False,0.8,input32k_short,do-combined-capacity-20260829,0.8,0.06666666666666667,1.6620437143331703,"{""bootstrap_replicates"":2000,""ci95_high"":1.7425168430199847,""ci95_low"":1.6008155389863532,""estimate"":1.6620437143331703,""n_units"":3,""qualified"":true,""sampling_unit"":""epoch_id""}",13,,
35.332598404177816,"{""bootstrap_replicates"":2000,""ci95_high"":35.61139727376048,""ci95_low"":35.150575101679784,""estimate"":35.332598404177816,""n_units"":3,""qualified"":true,""sampling_unit"":""epoch_id""}",45,,"[""do-epoch-34ffabd14fd3ecc78902"",""do-epoch-883aba7c0e661a385d91"",""do-epoch-f8eba759e4c2925c8f22""]","[25.27280783400056,25.60413300199434]",3,0,"[76.0,2767.0]","[61.0,1024.0]",45,,"[1024.0,1024.0]",45,0,"[""streamed""]",45,0,confirmed_right_censored_lower_bound,60.0,1.0,healthy_realized_offered_arrival_rate_over_short_confirmation_epochs; not_drain_inclusive_completed_goodput_or_sustained_capacity,,,35.332598404177816,"{""bootstrap_replicates"":2000,""ci95_high"":35.61139727376048,""ci95_low"":35.150575101679784,""estimate"":35.332598404177816,""n_units"":3,""qualified"":true,""sampling_unit"":""epoch_id""}",60.0,1.0,,,23122.42973079687,"{""bootstrap_replicates"":2000,""ci95_high"":23304.09837594886,""ci95_low"":23009.566461559585,""estimate"":23122.42973079687,""n_units"":3,""qualified"":true,""sampling_unit"":""epoch_id""}",14671.308226099107,"{""bootstrap_replicates"":2000,""ci95_high"":14857.074942612873,""ci95_low"":14371.898473240139,""estimate"":14671.308226099107,""n_units"":3,""qualified"":true,""sampling_unit"":""epoch_id""}",minimax-m2.5,12,12,64.0,1.0666666666666667,14.957188764613237,"{""bootstrap_replicates"":2000,""ci95_high"":15.081705643521852,""ci95_low"":14.74348957799957,""estimate"":14.957188764613237,""n_units"":3,""qualified"":true,""sampling_unit"":""epoch_id""}",SHA256SUMS:9d3ea8a161ce4fee8cd37902f3d699018c18b9be82fbef00eb4a98f3f29d762d;campaign:50218753aa9404e0946bbbc04692f95986df6042ad57a54cf19ea467a11c19de;source:603061da297c5422a7ba1750a110d80bf26b4757,,campaign_censored_before_start,do-combined-capacity-20260828,True,,mixed,do-combined-capacity-20260829,1.0666666666666667,0.06666666666666667,0.491533209666765,"{""bootstrap_replicates"":2000,""ci95_high"":0.5280393459834158,""ci95_low"":0.46300755100673996,""estimate"":0.491533209666765,""n_units"":3,""qualified"":true,""sampling_unit"":""epoch_id""}",12,,
11.347966925802295,"{""bootstrap_replicates"":2000,""ci95_high"":11.503119708993415,""ci95_low"":11.109724437926575,""estimate"":11.347966925802295,""n_units"":3,""qualified"":true,""sampling_unit"":""epoch_id""}",21,,"[""do-epoch-2124d288972bbe032709"",""do-epoch-97bcc74f2da9121e84f9"",""do-epoch-a58eb867e5064cae87a8""]","[36.51183423498878,37.80471805098932]",3,0,"[100.0,110.0]","[2048.0,2048.0]",21,,"[2048.0,2048.0]",21,0,"[""streamed""]",21,0,confirmed_right_censored_lower_bound,28.0,0.4666666666666667,healthy_realized_offered_arrival_rate_over_short_confirmation_epochs; not_drain_inclusive_completed_goodput_or_sustained_capacity,,,11.347966925802295,"{""bootstrap_replicates"":2000,""ci95_high"":11.503119708993415,""ci95_low"":11.109724437926575,""estimate"":11.347966925802295,""n_units"":3,""qualified"":true,""sampling_unit"":""epoch_id""}",28.0,0.4666666666666667,,,1173.797673295139,"{""bootstrap_replicates"":2000,""ci95_high"":1197.9677525508857,""ci95_low"":1141.1274101241725,""estimate"":1173.797673295139,""n_units"":3,""qualified"":true,""sampling_unit"":""epoch_id""}",23240.6362640431,"{""bootstrap_replicates"":2000,""ci95_high"":23558.389164018514,""ci95_low"":22752.715648873625,""estimate"":23240.6362640431,""n_units"":3,""qualified"":true,""sampling_unit"":""epoch_id""}",minimax-m2.5,12,11,28.0,0.4666666666666667,26.249636589123597,"{""bootstrap_replicates"":2000,""ci95_high"":26.80032861608488,""ci95_low"":25.964644025400048,""estimate"":26.249636589123597,""n_units"":3,""qualified"":true,""sampling_unit"":""epoch_id""}",SHA256SUMS:9d3ea8a161ce4fee8cd37902f3d699018c18b9be82fbef00eb4a98f3f29d762d;campaign:50218753aa9404e0946bbbc04692f95986df6042ad57a54cf19ea467a11c19de;source:603061da297c5422a7ba1750a110d80bf26b4757,,campaign_censored_before_start,do-combined-capacity-20260828,True,,short_long,do-combined-capacity-20260829,0.4666666666666667,0.0418705465053142,0.495209568325663,"{""bootstrap_replicates"":2000,""ci95_high"":0.52440118798404,""ci95_low"":0.43895828298991546,""estimate"":0.495209568325663,""n_units"":3,""qualified"":true,""sampling_unit"":""epoch_id""}",12,,
,,,,,,,,,,,,,,,,,,censored_no_valid_healthy_epoch,,,registered open-loop AIMD bound with three separated confirmations when a numeric healthy lower bound is present,30.0,0.5,,,,,30.0,0.5,,,,,minimax-m2.5,1,0,,,,,SHA256SUMS:9d3ea8a161ce4fee8cd37902f3d699018c18b9be82fbef00eb4a98f3f29d762d;campaign:50218753aa9404e0946bbbc04692f95986df6042ad57a54cf19ea467a11c19de;source:603061da297c5422a7ba1750a110d80bf26b4757,left_censored_no_healthy_at_lowest_tested_rate,completed_no_healthy_at_lowest_tested_rate,do-six-hour-variation-20260828-r1,False,,short_short,do-combined-capacity-20260829,0.5,0.5,,,1,,short_short
,,,,,,,,,,,,,,,,,,censored_no_valid_healthy_epoch,,,registered open-loop AIMD bound with three separated confirmations when a numeric healthy lower bound is present,30.0,0.5,,,,,30.0,0.5,,,,,nemotron-3-ultra-550b,1,0,,,,,SHA256SUMS:9d3ea8a161ce4fee8cd37902f3d699018c18b9be82fbef00eb4a98f3f29d762d;campaign:50218753aa9404e0946bbbc04692f95986df6042ad57a54cf19ea467a11c19de;source:603061da297c5422a7ba1750a110d80bf26b4757,left_censored_no_healthy_at_lowest_tested_rate,completed_no_healthy_at_lowest_tested_rate,do-six-hour-variation-20260828-r1,False,,input100k_short,do-combined-capacity-20260829,0.5,0.5,,,1,100000,input100k_short
12.0,"{""bootstrap_replicates"":2000,""ci95_high"":12.0,""ci95_low"":12.0,""estimate"":12.0,""n_units"":3,""qualified"":true,""sampling_unit"":""epoch_id""}",9,,"[""do-epoch-3c7fe0ca5725d4ebb083"",""do-epoch-83d883c78ca6155c32ee"",""do-epoch-b0da79ac7ccd864c263f""]","[15.0,15.0]",3,0,"[70.0,3167.0]","[52.0,600.0]",9,,"[1024.0,1024.0]",9,0,"[""streamed""]",9,0,confirmed_right_censored_lower_bound,12.0,0.2,healthy_realized_offered_arrival_rate_over_short_confirmation_epochs; not_drain_inclusive_completed_goodput_or_sustained_capacity,,,12.0,"{""bootstrap_replicates"":2000,""ci95_high"":12.0,""ci95_low"":12.0,""estimate"":12.0,""n_units"":3,""qualified"":true,""sampling_unit"":""epoch_id""}",12.0,0.2,,,12950.666666666666,"{""bootstrap_replicates"":2000,""ci95_high"":12956.0,""ci95_low"":12944.0,""estimate"":12950.666666666666,""n_units"":3,""qualified"":true,""sampling_unit"":""epoch_id""}",1812.0,"{""bootstrap_replicates"":2000,""ci95_high"":2616.0,""ci95_low"":1012.0,""estimate"":1812.0,""n_units"":3,""qualified"":true,""sampling_unit"":""epoch_id""}",nemotron-3-ultra-550b,12,8,47.82713082547107,0.7971188470911845,5.596595149040028,"{""bootstrap_replicates"":2000,""ci95_high"":7.244169113819953,""ci95_low"":3.357444901691633,""estimate"":5.596595149040028,""n_units"":3,""qualified"":true,""sampling_unit"":""epoch_id""}",SHA256SUMS:9d3ea8a161ce4fee8cd37902f3d699018c18b9be82fbef00eb4a98f3f29d762d;campaign:50218753aa9404e0946bbbc04692f95986df6042ad57a54cf19ea467a11c19de;source:603061da297c5422a7ba1750a110d80bf26b4757,,campaign_censored_before_start,do-combined-capacity-20260828,True,,mixed,do-combined-capacity-20260829,0.7971188470911845,0.06666666666666667,0.5973229573282879,"{""bootstrap_replicates"":2000,""ci95_high"":0.6702677569992375,""ci95_low"":0.5062616749783047,""estimate"":0.5973229573282879,""n_units"":3,""qualified"":true,""sampling_unit"":""epoch_id""}",12,,
52.0,"{""bootstrap_replicates"":0,""ci95_high"":72.0,""ci95_low"":36.0,""estimate"":52.0,""method"":""epoch/block-bootstrap-ratio-of-sums"",""n_units"":3,""qualified"":true,""sampling_unit"":""capacity-eligible load epoch/block; launch-guarded and scientifically censored blocks are retained as audit counts but excluded from provider-capacity estimands; bootstrap assumes block-level exchangeability and does not remove temporal autocorrelation""}",13,,,,3,0,,,13,,,13,0,,13,0,confirmed_right_censored_lower_bound,60.0,1.0,registered open-loop AIMD bound with three separated confirmations when a numeric healthy lower bound is present,,,4.626095688985808,"{""bootstrap_replicates"":0,""ci95_high"":6.198345000131371,""ci95_low"":3.52830981266567,""estimate"":4.626095688985808,""method"":""epoch/block-bootstrap-ratio-of-sums"",""n_units"":3,""qualified"":true,""sampling_unit"":""capacity-eligible load epoch/block; launch-guarded and scientifically censored blocks are retained as audit counts but excluded from provider-capacity estimands; bootstrap assumes block-level exchangeability and does not remove temporal autocorrelation""}",60.0,1.0,,,1410.2474781115968,"{""bootstrap_replicates"":0,""ci95_high"":1892.561340040112,""ci95_low"":1074.9583895921405,""estimate"":1410.2474781115968,""method"":""epoch/block-bootstrap-ratio-of-sums"",""n_units"":3,""qualified"":true,""sampling_unit"":""capacity-eligible load epoch/block; launch-guarded and scientifically censored blocks are retained as audit counts but excluded from provider-capacity estimands; bootstrap assumes block-level exchangeability and does not remove temporal autocorrelation""}",18443.887658471882,"{""bootstrap_replicates"":0,""ci95_high"":23923.54558550705,""ci95_low"":14451.956992678584,""estimate"":18443.887658471882,""method"":""epoch/block-bootstrap-ratio-of-sums"",""n_units"":3,""qualified"":true,""sampling_unit"":""capacity-eligible load epoch/block; launch-guarded and scientifically censored blocks are retained as audit counts but excluded from provider-capacity estimands; bootstrap assumes block-level exchangeability and does not remove temporal autocorrelation""}",nemotron-3-ultra-550b,15,13,60.0,1.0,54.63779398057377,"{""bootstrap_replicates"":0,""ci95_high"":54.866139665740775,""ci95_low"":47.132150486181494,""estimate"":54.63779398057377,""method"":""epoch/block-bootstrap-percentile"",""n_units"":3,""qualified"":true,""sampling_unit"":""capacity-eligible load epoch/block; launch-guarded and scientifically censored blocks are retained as audit counts but excluded from provider-capacity estimands; bootstrap assumes block-level exchangeability and does not remove temporal autocorrelation""}",SHA256SUMS:9d3ea8a161ce4fee8cd37902f3d699018c18b9be82fbef00eb4a98f3f29d762d;campaign:50218753aa9404e0946bbbc04692f95986df6042ad57a54cf19ea467a11c19de;source:603061da297c5422a7ba1750a110d80bf26b4757,,campaign_censored_before_start,do-combined-capacity-20260828,True,,short_long,do-combined-capacity-20260829,1.0,0.25,,,13,,
92.0,"{""bootstrap_replicates"":0,""ci95_high"":108.0,""ci95_low"":72.0,""estimate"":92.0,""method"":""epoch/block-bootstrap-ratio-of-sums"",""n_units"":3,""qualified"":true,""sampling_unit"":""capacity-eligible load epoch/block; launch-guarded and scientifically censored blocks are retained as audit counts but excluded from provider-capacity estimands; bootstrap assumes block-level exchangeability and does not remove temporal autocorrelation""}",23,,,,3,0,,,23,,,23,0,,23,0,confirmed_right_censored_lower_bound,120.0,2.0,registered open-loop AIMD bound with three separated confirmations when a numeric healthy lower bound is present,,,76.87054265205161,"{""bootstrap_replicates"":0,""ci95_high"":95.06167394994317,""ci95_low"":59.896765060271974,""estimate"":76.87054265205161,""method"":""epoch/block-bootstrap-ratio-of-sums"",""n_units"":3,""qualified"":true,""sampling_unit"":""capacity-eligible load epoch/block; launch-guarded and scientifically censored blocks are retained as audit counts but excluded from provider-capacity estimands; bootstrap assumes block-level exchangeability and does not remove temporal autocorrelation""}",120.0,2.0,,,22376.01230676024,"{""bootstrap_replicates"":0,""ci95_high"":27662.947119433462,""ci95_low"":17459.90701506928,""estimate"":22376.01230676024,""method"":""epoch/block-bootstrap-ratio-of-sums"",""n_units"":3,""qualified"":true,""sampling_unit"":""capacity-eligible load epoch/block; launch-guarded and scientifically censored blocks are retained as audit counts but excluded from provider-capacity estimands; bootstrap assumes block-level exchangeability and does not remove temporal autocorrelation""}",5267.303270418841,"{""bootstrap_replicates"":0,""ci95_high"":6189.571214962966,""ci95_low"":4182.790760042326,""estimate"":5267.303270418841,""method"":""epoch/block-bootstrap-ratio-of-sums"",""n_units"":3,""qualified"":true,""sampling_unit"":""capacity-eligible load epoch/block; launch-guarded and scientifically censored blocks are retained as audit counts but excluded from provider-capacity estimands; bootstrap assumes block-level exchangeability and does not remove temporal autocorrelation""}",nemotron-3-ultra-550b,15,11,120.0,2.0,1.779216185444966,"{""bootstrap_replicates"":0,""ci95_high"":2.3722797696362248,""ci95_low"":1.7027877684740815,""estimate"":1.779216185444966,""method"":""epoch/block-bootstrap-percentile"",""n_units"":3,""qualified"":true,""sampling_unit"":""capacity-eligible load epoch/block; launch-guarded and scientifically censored blocks are retained as audit counts but excluded from provider-capacity estimands; bootstrap assumes block-level exchangeability and does not remove temporal autocorrelation""}",SHA256SUMS:9d3ea8a161ce4fee8cd37902f3d699018c18b9be82fbef00eb4a98f3f29d762d;campaign:50218753aa9404e0946bbbc04692f95986df6042ad57a54cf19ea467a11c19de;source:603061da297c5422a7ba1750a110d80bf26b4757,right_censored_highest_tested_confirmed_healthy_no_overload,completed_confirmations_healthy,do-six-hour-variation-20260828-r1,True,,short_short,do-combined-capacity-20260829,4.0,0.125,,,12,,short_short
,,,,,,,,,,,,,,,,,,censored_no_valid_healthy_epoch,,,registered open-loop AIMD bound with three separated confirmations when a numeric healthy lower bound is present,30.0,0.5,,,,,30.0,0.5,,,,,nvidia-nemotron-3-super-120b,1,0,,,,,SHA256SUMS:9d3ea8a161ce4fee8cd37902f3d699018c18b9be82fbef00eb4a98f3f29d762d;campaign:50218753aa9404e0946bbbc04692f95986df6042ad57a54cf19ea467a11c19de;source:603061da297c5422a7ba1750a110d80bf26b4757,left_censored_no_healthy_at_lowest_tested_rate,completed_no_healthy_at_lowest_tested_rate,do-six-hour-variation-20260828-r1,False,,input100k_short,do-combined-capacity-20260829,0.5,0.5,,,1,100000,input100k_short
,,,,,,,,,,,,,,,,,,censored_no_valid_healthy_epoch,,,registered open-loop AIMD bound with three separated confirmations when a numeric healthy lower bound is present,30.0,0.5,,,,,30.0,0.5,,,,,nvidia-nemotron-3-super-120b,1,0,,,,,SHA256SUMS:9d3ea8a161ce4fee8cd37902f3d699018c18b9be82fbef00eb4a98f3f29d762d;campaign:50218753aa9404e0946bbbc04692f95986df6042ad57a54cf19ea467a11c19de;source:603061da297c5422a7ba1750a110d80bf26b4757,left_censored_no_healthy_at_lowest_tested_rate,completed_no_healthy_at_lowest_tested_rate,do-six-hour-variation-20260828-r1,False,,mixed,do-combined-capacity-20260829,0.5,0.5,,,1,,mixed
,,,,,,,,,,,,,,,,,,censored_no_valid_healthy_epoch,,,registered open-loop AIMD bound with three separated confirmations when a numeric healthy lower bound is present,30.0,0.5,,,,,30.0,0.5,,,,,nvidia-nemotron-3-super-120b,1,0,,,,,SHA256SUMS:9d3ea8a161ce4fee8cd37902f3d699018c18b9be82fbef00eb4a98f3f29d762d;campaign:50218753aa9404e0946bbbc04692f95986df6042ad57a54cf19ea467a11c19de;source:603061da297c5422a7ba1750a110d80bf26b4757,left_censored_no_healthy_at_lowest_tested_rate,completed_no_healthy_at_lowest_tested_rate,do-six-hour-variation-20260828-r1,False,,short_long,do-combined-capacity-20260829,0.5,0.5,,,1,,short_long
,,,,,,,,,,,,,,,,,,censored_no_valid_healthy_epoch,,,registered open-loop AIMD bound with three separated confirmations when a numeric healthy lower bound is present,30.0,0.5,,,,,30.0,0.5,,,,,nvidia-nemotron-3-super-120b,1,0,,,,,SHA256SUMS:9d3ea8a161ce4fee8cd37902f3d699018c18b9be82fbef00eb4a98f3f29d762d;campaign:50218753aa9404e0946bbbc04692f95986df6042ad57a54cf19ea467a11c19de;source:603061da297c5422a7ba1750a110d80bf26b4757,left_censored_no_healthy_at_lowest_tested_rate,completed_no_healthy_at_lowest_tested_rate,do-six-hour-variation-20260828-r1,False,,short_short,do-combined-capacity-20260829,0.5,0.5,,,1,,short_short
,,,,,,,,,,,,,,,,,,censored_no_valid_healthy_epoch,,,registered open-loop AIMD bound with three separated confirmations when a numeric healthy lower bound is present,30.0,0.5,,,,,30.0,0.5,,,,,openai-gpt-oss-120b,1,0,,,,,SHA256SUMS:9d3ea8a161ce4fee8cd37902f3d699018c18b9be82fbef00eb4a98f3f29d762d;campaign:50218753aa9404e0946bbbc04692f95986df6042ad57a54cf19ea467a11c19de;source:603061da297c5422a7ba1750a110d80bf26b4757,left_censored_no_healthy_at_lowest_tested_rate,completed_no_healthy_at_lowest_tested_rate,do-six-hour-variation-20260828-r1,False,,input100k_short,do-combined-capacity-20260829,0.5,0.5,,,1,100000,input100k_short
4.0,"{""bootstrap_replicates"":2000,""ci95_high"":4.0,""ci95_low"":4.0,""estimate"":4.0,""n_units"":3,""qualified"":true,""sampling_unit"":""epoch_id""}",3,,"[""do-epoch-10a7e9a250ee355a3a64"",""do-epoch-1f346250bf0ba781b118"",""do-epoch-84749f65661ad63a825e""]","[15.0,15.0]",3,0,"[107.0,110.0]","[31.0,85.0]",3,,"[1024.0,1024.0]",3,0,"[""streamed""]",3,0,confirmed_bracketed_interval,4.0,0.06666666666666667,healthy_realized_offered_arrival_rate_over_short_confirmation_epochs; not_drain_inclusive_completed_goodput_or_sustained_capacity,12.0,0.2,4.0,"{""bootstrap_replicates"":2000,""ci95_high"":4.0,""ci95_low"":4.0,""estimate"":4.0,""n_units"":3,""qualified"":true,""sampling_unit"":""epoch_id""}",4.0,0.06666666666666667,12.0,0.2,433.3333333333333,"{""bootstrap_replicates"":2000,""ci95_high"":440.0,""ci95_low"":428.0,""estimate"":433.3333333333333,""n_units"":3,""qualified"":true,""sampling_unit"":""epoch_id""}",228.0,"{""bootstrap_replicates"":2000,""ci95_high"":340.0,""ci95_low"":123.99999999999999,""estimate"":228.0,""n_units"":3,""qualified"":true,""sampling_unit"":""epoch_id""}",openai-gpt-oss-120b,12,10,26.46970782932758,0.44116179715545967,2.1289622469921596,"{""bootstrap_replicates"":2000,""ci95_high"":2.5418835019809194,""ci95_low"":1.4833480690140277,""estimate"":2.1289622469921596,""n_units"":3,""qualified"":true,""sampling_unit"":""epoch_id""}",SHA256SUMS:9d3ea8a161ce4fee8cd37902f3d699018c18b9be82fbef00eb4a98f3f29d762d;campaign:50218753aa9404e0946bbbc04692f95986df6042ad57a54cf19ea467a11c19de;source:603061da297c5422a7ba1750a110d80bf26b4757,,campaign_censored_before_start,do-combined-capacity-20260828,False,0.2,mixed,do-combined-capacity-20260829,0.44116179715545967,0.06666666666666667,0.5731278776559824,"{""bootstrap_replicates"":2000,""ci95_high"":0.7001742499996908,""ci95_low"":0.4496990669867955,""estimate"":0.5731278776559824,""n_units"":3,""qualified"":true,""sampling_unit"":""epoch_id""}",12,,
96.0,"{""bootstrap_replicates"":0,""ci95_high"":96.0,""ci95_low"":96.0,""estimate"":96.0,""method"":""epoch/block-bootstrap-ratio-of-sums"",""n_units"":3,""qualified"":true,""sampling_unit"":""capacity-eligible load epoch/block; launch-guarded and scientifically censored blocks are retained as audit counts but excluded from provider-capacity estimands; bootstrap assumes block-level exchangeability and does not remove temporal autocorrelation""}",24,,,,3,0,,,24,,,24,0,,24,0,confirmed_right_censored_lower_bound,60.0,1.0,registered open-loop AIMD bound with three separated confirmations when a numeric healthy lower bound is present,,,3.3873902611972753,"{""bootstrap_replicates"":0,""ci95_high"":3.712160304110367,""ci95_low"":3.238197094897576,""estimate"":3.3873902611972753,""method"":""epoch/block-bootstrap-ratio-of-sums"",""n_units"":3,""qualified"":true,""sampling_unit"":""capacity-eligible load epoch/block; launch-guarded and scientifically censored blocks are retained as audit counts but excluded from provider-capacity estimands; bootstrap assumes block-level exchangeability and does not remove temporal autocorrelation""}",60.0,1.0,,,1187.2802865496449,"{""bootstrap_replicates"":0,""ci95_high"":1302.040226666711,""ci95_low"":1133.7737578510137,""estimate"":1187.2802865496449,""method"":""epoch/block-bootstrap-ratio-of-sums"",""n_units"":3,""qualified"":true,""sampling_unit"":""capacity-eligible load epoch/block; launch-guarded and scientifically censored blocks are retained as audit counts but excluded from provider-capacity estimands; bootstrap assumes block-level exchangeability and does not remove temporal autocorrelation""}",13874.75050986404,"{""bootstrap_replicates"":0,""ci95_high"":15205.008605636063,""ci95_low"":13263.655300700471,""estimate"":13874.75050986404,""method"":""epoch/block-bootstrap-ratio-of-sums"",""n_units"":3,""qualified"":true,""sampling_unit"":""capacity-eligible load epoch/block; launch-guarded and scientifically censored blocks are retained as audit counts but excluded from provider-capacity estimands; bootstrap assumes block-level exchangeability and does not remove temporal autocorrelation""}",openai-gpt-oss-120b,15,14,60.0,1.0,143.87743323378965,"{""bootstrap_replicates"":0,""ci95_high"":144.27346834431518,""ci95_low"":126.72571608967263,""estimate"":143.87743323378965,""method"":""epoch/block-bootstrap-percentile"",""n_units"":3,""qualified"":true,""sampling_unit"":""capacity-eligible load epoch/block; launch-guarded and scientifically censored blocks are retained as audit counts but excluded from provider-capacity estimands; bootstrap assumes block-level exchangeability and does not remove temporal autocorrelation""}",SHA256SUMS:9d3ea8a161ce4fee8cd37902f3d699018c18b9be82fbef00eb4a98f3f29d762d;campaign:50218753aa9404e0946bbbc04692f95986df6042ad57a54cf19ea467a11c19de;source:603061da297c5422a7ba1750a110d80bf26b4757,right_censored_highest_tested_confirmed_healthy_no_overload,completed_confirmations_healthy,do-six-hour-variation-20260828-r1,True,,short_long,do-combined-capacity-20260829,1.0,0.125,,,14,,short_long
411.6430872578707,"{""bootstrap_replicates"":2000,""ci95_high"":419.006402930911,""ci95_low"":397.1765437074594,""estimate"":411.6430872578707,""n_units"":3,""qualified"":true,""sampling_unit"":""epoch_id""}",360,,"[""do-epoch-40d61352b207bb5f00a1"",""do-epoch-50cf10d95047ef20461e"",""do-epoch-899c3a64107d466a96ee""]","[17.183508293994237,18.127958747994853]",3,0,"[100.0,114.0]","[23.0,64.0]",360,,"[64.0,64.0]",360,0,"[""streamed""]",360,0,confirmed_right_censored_lower_bound,480.0,8.0,healthy_realized_offered_arrival_rate_over_short_confirmation_epochs; not_drain_inclusive_completed_goodput_or_sustained_capacity,,,411.6430872578707,"{""bootstrap_replicates"":2000,""ci95_high"":419.006402930911,""ci95_low"":397.1765437074594,""estimate"":411.6430872578707,""n_units"":3,""qualified"":true,""sampling_unit"":""epoch_id""}",480.0,8.0,,,43937.15078442689,"{""bootstrap_replicates"":2000,""ci95_high"":44763.85071311899,""ci95_low"":42395.286236240405,""estimate"":43937.15078442689,""n_units"":3,""qualified"":true,""sampling_unit"":""epoch_id""}",23611.53391829913,"{""bootstrap_replicates"":2000,""ci95_high"":24514.10719854227,""ci95_low"":22374.278628853546,""estimate"":23611.53391829913,""n_units"":3,""qualified"":true,""sampling_unit"":""epoch_id""}",openai-gpt-oss-120b,13,10,480.0,8.0,2.666380706289298,"{""bootstrap_replicates"":2000,""ci95_high"":2.779925274201377,""ci95_low"":2.5889620875022956,""estimate"":2.666380706289298,""n_units"":3,""qualified"":true,""sampling_unit"":""epoch_id""}",SHA256SUMS:9d3ea8a161ce4fee8cd37902f3d699018c18b9be82fbef00eb4a98f3f29d762d;campaign:50218753aa9404e0946bbbc04692f95986df6042ad57a54cf19ea467a11c19de;source:603061da297c5422a7ba1750a110d80bf26b4757,,campaign_censored_before_start,do-combined-capacity-20260828,True,,short_short,do-combined-capacity-20260829,16.0,0.43242076801142404,0.47078220399756293,"{""bootstrap_replicates"":2000,""ci95_high"":0.5049889920046553,""ci95_low"":0.453468300998793,""estimate"":0.47078220399756293,""n_units"":3,""qualified"":true,""sampling_unit"":""epoch_id""}",13,,
,,,,,,,,,,,,,,,,,,censored_no_valid_healthy_epoch,,,registered open-loop AIMD bound with three separated confirmations when a numeric healthy lower bound is present,30.0,0.5,,,,,30.0,0.5,,,,,qwen3.5-397b-a17b,1,0,,,,,SHA256SUMS:9d3ea8a161ce4fee8cd37902f3d699018c18b9be82fbef00eb4a98f3f29d762d;campaign:50218753aa9404e0946bbbc04692f95986df6042ad57a54cf19ea467a11c19de;source:603061da297c5422a7ba1750a110d80bf26b4757,left_censored_no_healthy_at_lowest_tested_rate,completed_no_healthy_at_lowest_tested_rate,do-six-hour-variation-20260828-r1,False,,input100k_short,do-combined-capacity-20260829,0.5,0.5,,,1,100000,input100k_short
,,,,,,,,,,,,,,,,,,censored_no_valid_healthy_epoch,,,registered open-loop AIMD bound with three separated confirmations when a numeric healthy lower bound is present,30.0,0.5,,,,,30.0,0.5,,,,,qwen3.5-397b-a17b,1,0,,,,,SHA256SUMS:9d3ea8a161ce4fee8cd37902f3d699018c18b9be82fbef00eb4a98f3f29d762d;campaign:50218753aa9404e0946bbbc04692f95986df6042ad57a54cf19ea467a11c19de;source:603061da297c5422a7ba1750a110d80bf26b4757,left_censored_no_healthy_at_lowest_tested_rate,completed_no_healthy_at_lowest_tested_rate,do-six-hour-variation-20260828-r1,False,,mixed,do-combined-capacity-20260829,0.5,0.5,,,1,,mixed
,,,,,,,,,,,,,,,,,,censored_no_valid_healthy_epoch,,,registered open-loop AIMD bound with three separated confirmations when a numeric healthy lower bound is present,30.0,0.5,,,,,30.0,0.5,,,,,qwen3.5-397b-a17b,1,0,,,,,SHA256SUMS:9d3ea8a161ce4fee8cd37902f3d699018c18b9be82fbef00eb4a98f3f29d762d;campaign:50218753aa9404e0946bbbc04692f95986df6042ad57a54cf19ea467a11c19de;source:603061da297c5422a7ba1750a110d80bf26b4757,left_censored_no_healthy_at_lowest_tested_rate,completed_no_healthy_at_lowest_tested_rate,do-six-hour-variation-20260828-r1,False,,short_long,do-combined-capacity-20260829,0.5,0.5,,,1,,short_long
,,,,,,,,,,,,,,,,,,censored_no_valid_healthy_epoch,,,registered open-loop AIMD bound with three separated confirmations when a numeric healthy lower bound is present,30.0,0.5,,,,,30.0,0.5,,,,,qwen3.5-397b-a17b,1,0,,,,,SHA256SUMS:9d3ea8a161ce4fee8cd37902f3d699018c18b9be82fbef00eb4a98f3f29d762d;campaign:50218753aa9404e0946bbbc04692f95986df6042ad57a54cf19ea467a11c19de;source:603061da297c5422a7ba1750a110d80bf26b4757,left_censored_no_healthy_at_lowest_tested_rate,completed_no_healthy_at_lowest_tested_rate,do-six-hour-variation-20260828-r1,False,,short_short,do-combined-capacity-20260829,0.5,0.5,,,1,,short_short
36.0,"{""bootstrap_replicates"":0,""ci95_high"":36.0,""ci95_low"":36.0,""estimate"":36.0,""method"":""epoch/block-bootstrap-ratio-of-sums"",""n_units"":3,""qualified"":true,""sampling_unit"":""capacity-eligible load epoch/block; launch-guarded and scientifically censored blocks are retained as audit counts but excluded from provider-capacity estimands; bootstrap assumes block-level exchangeability and does not remove temporal autocorrelation""}",9,,,,3,0,,,9,,,9,0,,9,0,confirmed_right_censored_lower_bound,30.0,0.5,registered open-loop AIMD bound with three separated confirmations when a numeric healthy lower bound is present,,,9.011071689136223,"{""bootstrap_replicates"":0,""ci95_high"":15.551204657841911,""ci95_low"":6.5474429205175815,""estimate"":9.011071689136223,""method"":""epoch/block-bootstrap-ratio-of-sums"",""n_units"":3,""qualified"":true,""sampling_unit"":""capacity-eligible load epoch/block; launch-guarded and scientifically censored blocks are retained as audit counts but excluded from provider-capacity estimands; bootstrap assumes block-level exchangeability and does not remove temporal autocorrelation""}",30.0,0.5,,,901333.4469360383,"{""bootstrap_replicates"":0,""ci95_high"":1555472.9597564356,""ci95_low"":654916.7080486652,""estimate"":901333.4469360383,""method"":""epoch/block-bootstrap-ratio-of-sums"",""n_units"":3,""qualified"":true,""sampling_unit"":""capacity-eligible load epoch/block; launch-guarded and scientifically censored blocks are retained as audit counts but excluded from provider-capacity estimands; bootstrap assumes block-level exchangeability and does not remove temporal autocorrelation""}",663.8156144330351,"{""bootstrap_replicates"":0,""ci95_high"":1026.3795074175662,""ci95_low"":567.4450531115237,""estimate"":663.8156144330351,""method"":""epoch/block-bootstrap-ratio-of-sums"",""n_units"":3,""qualified"":true,""sampling_unit"":""capacity-eligible load epoch/block; launch-guarded and scientifically censored blocks are retained as audit counts but excluded from provider-capacity estimands; bootstrap assumes block-level exchangeability and does not remove temporal autocorrelation""}",qwen3.8-max,15,15,30.0,0.5,18.22730058976449,"{""bootstrap_replicates"":0,""ci95_high"":25.64585762459319,""ci95_low"":10.701624680566601,""estimate"":18.22730058976449,""method"":""epoch/block-bootstrap-percentile"",""n_units"":3,""qualified"":true,""sampling_unit"":""capacity-eligible load epoch/block; launch-guarded and scientifically censored blocks are retained as audit counts but excluded from provider-capacity estimands; bootstrap assumes block-level exchangeability and does not remove temporal autocorrelation""}",SHA256SUMS:9d3ea8a161ce4fee8cd37902f3d699018c18b9be82fbef00eb4a98f3f29d762d;campaign:50218753aa9404e0946bbbc04692f95986df6042ad57a54cf19ea467a11c19de;source:603061da297c5422a7ba1750a110d80bf26b4757,,campaign_censored_before_start,do-combined-capacity-20260828,True,,input100k_short,do-combined-capacity-20260829,1.0,0.25,,,15,100000,input100k_short
96.0,"{""bootstrap_replicates"":0,""ci95_high"":120.0,""ci95_low"":84.0,""estimate"":96.0,""method"":""epoch/block-bootstrap-ratio-of-sums"",""n_units"":3,""qualified"":true,""sampling_unit"":""capacity-eligible load epoch/block; launch-guarded and scientifically censored blocks are retained as audit counts but excluded from provider-capacity estimands; bootstrap assumes block-level exchangeability and does not remove temporal autocorrelation""}",24,,,,3,0,,,24,,,24,0,,24,0,confirmed_right_censored_lower_bound,120.0,2.0,registered open-loop AIMD bound with three separated confirmations when a numeric healthy lower bound is present,,,6.721811176467197,"{""bootstrap_replicates"":0,""ci95_high"":25.287835494087183,""ci95_low"":3.9582069478215645,""estimate"":6.721811176467197,""method"":""epoch/block-bootstrap-ratio-of-sums"",""n_units"":3,""qualified"":true,""sampling_unit"":""capacity-eligible load epoch/block; launch-guarded and scientifically censored blocks are retained as audit counts but excluded from provider-capacity estimands; bootstrap assumes block-level exchangeability and does not remove temporal autocorrelation""}",120.0,2.0,,,143128.0855314474,"{""bootstrap_replicates"":0,""ci95_high"":736179.466903866,""ci95_low"":58420.87271730468,""estimate"":143128.0855314474,""method"":""epoch/block-bootstrap-ratio-of-sums"",""n_units"":3,""qualified"":true,""sampling_unit"":""capacity-eligible load epoch/block; launch-guarded and scientifically censored blocks are retained as audit counts but excluded from provider-capacity estimands; bootstrap assumes block-level exchangeability and does not remove temporal autocorrelation""}",5977.930739604828,"{""bootstrap_replicates"":0,""ci95_high"":8416.734628596356,""ci95_low"":2846.6877670486715,""estimate"":5977.930739604828,""method"":""epoch/block-bootstrap-ratio-of-sums"",""n_units"":3,""qualified"":true,""sampling_unit"":""capacity-eligible load epoch/block; launch-guarded and scientifically censored blocks are retained as audit counts but excluded from provider-capacity estimands; bootstrap assumes block-level exchangeability and does not remove temporal autocorrelation""}",qwen3.8-max,15,14,120.0,2.0,89.64591879176442,"{""bootstrap_replicates"":0,""ci95_high"":98.42635629688155,""ci95_low"":12.327299484203103,""estimate"":89.64591879176442,""method"":""epoch/block-bootstrap-percentile"",""n_units"":3,""qualified"":true,""sampling_unit"":""capacity-eligible load epoch/block; launch-guarded and scientifically censored blocks are retained as audit counts but excluded from provider-capacity estimands; bootstrap assumes block-level exchangeability and does not remove temporal autocorrelation""}",SHA256SUMS:9d3ea8a161ce4fee8cd37902f3d699018c18b9be82fbef00eb4a98f3f29d762d;campaign:50218753aa9404e0946bbbc04692f95986df6042ad57a54cf19ea467a11c19de;source:603061da297c5422a7ba1750a110d80bf26b4757,right_censored_highest_tested_confirmed_healthy_no_overload,completed_confirmations_healthy,do-six-hour-variation-20260828-r1,True,,mixed,do-combined-capacity-20260829,2.0,0.125,,,15,,mixed
56.0,"{""bootstrap_replicates"":0,""ci95_high"":108.0,""ci95_low"":24.0,""estimate"":56.0,""method"":""epoch/block-bootstrap-ratio-of-sums"",""n_units"":3,""qualified"":true,""sampling_unit"":""capacity-eligible load epoch/block; launch-guarded and scientifically censored blocks are retained as audit counts but excluded from provider-capacity estimands; bootstrap assumes block-level exchangeability and does not remove temporal autocorrelation""}",14,,,,3,0,,,14,,,14,0,,14,0,confirmed_right_censored_lower_bound,60.0,1.0,registered open-loop AIMD bound with three separated confirmations when a numeric healthy lower bound is present,,,2.314194025946712,"{""bootstrap_replicates"":0,""ci95_high"":4.046573253511671,""ci95_low"":0.8561036142225154,""estimate"":2.314194025946712,""method"":""epoch/block-bootstrap-ratio-of-sums"",""n_units"":3,""qualified"":true,""sampling_unit"":""capacity-eligible load epoch/block; launch-guarded and scientifically censored blocks are retained as audit counts but excluded from provider-capacity estimands; bootstrap assumes block-level exchangeability and does not remove temporal autocorrelation""}",60.0,1.0,,,696.4071022366784,"{""bootstrap_replicates"":0,""ci95_high"":1217.1193108062325,""ci95_low"":258.11523968808837,""estimate"":696.4071022366784,""method"":""epoch/block-bootstrap-ratio-of-sums"",""n_units"":3,""qualified"":true,""sampling_unit"":""capacity-eligible load epoch/block; launch-guarded and scientifically censored blocks are retained as audit counts but excluded from provider-capacity estimands; bootstrap assumes block-level exchangeability and does not remove temporal autocorrelation""}",9069.82228640501,"{""bootstrap_replicates"":0,""ci95_high"":15461.956401668094,""ci95_low"":3506.600403855423,""estimate"":9069.82228640501,""method"":""epoch/block-bootstrap-ratio-of-sums"",""n_units"":3,""qualified"":true,""sampling_unit"":""capacity-eligible load epoch/block; launch-guarded and scientifically censored blocks are retained as audit counts but excluded from provider-capacity estimands; bootstrap assumes block-level exchangeability and does not remove temporal autocorrelation""}",qwen3.8-max,15,14,60.0,1.0,131.50424282897728,"{""bootstrap_replicates"":0,""ci95_high"":135.63729981795186,""ci95_low"":87.89113499827218,""estimate"":131.50424282897728,""method"":""epoch/block-bootstrap-percentile"",""n_units"":3,""qualified"":true,""sampling_unit"":""capacity-eligible load epoch/block; launch-guarded and scientifically censored blocks are retained as audit counts but excluded from provider-capacity estimands; bootstrap assumes block-level exchangeability and does not remove temporal autocorrelation""}",SHA256SUMS:9d3ea8a161ce4fee8cd37902f3d699018c18b9be82fbef00eb4a98f3f29d762d;campaign:50218753aa9404e0946bbbc04692f95986df6042ad57a54cf19ea467a11c19de;source:603061da297c5422a7ba1750a110d80bf26b4757,right_censored_highest_tested_confirmed_healthy_no_overload,completed_confirmations_healthy,do-six-hour-variation-20260828-r1,True,,short_long,do-combined-capacity-20260829,1.0,0.125,,,14,,short_long
520.0,"{""bootstrap_replicates"":0,""ci95_high"":552.0,""ci95_low"":468.0,""estimate"":520.0,""method"":""epoch/block-bootstrap-ratio-of-sums"",""n_units"":3,""qualified"":true,""sampling_unit"":""capacity-eligible load epoch/block; launch-guarded and scientifically censored blocks are retained as audit counts but excluded from provider-capacity estimands; bootstrap assumes block-level exchangeability and does not remove temporal autocorrelation""}",130,,,,3,0,,,130,,,130,0,,130,0,confirmed_right_censored_lower_bound,480.0,8.0,registered open-loop AIMD bound with three separated confirmations when a numeric healthy lower bound is present,,,268.95368715572977,"{""bootstrap_replicates"":0,""ci95_high"":293.3102037192711,""ci95_low"":257.0838277588643,""estimate"":268.95368715572977,""method"":""epoch/block-bootstrap-ratio-of-sums"",""n_units"":3,""qualified"":true,""sampling_unit"":""capacity-eligible load epoch/block; launch-guarded and scientifically censored blocks are retained as audit counts but excluded from provider-capacity estimands; bootstrap assumes block-level exchangeability and does not remove temporal autocorrelation""}",480.0,8.0,,,77100.74660948139,"{""bootstrap_replicates"":0,""ci95_high"":84056.186381416,""ci95_low"":73657.81259942435,""estimate"":77100.74660948139,""method"":""epoch/block-bootstrap-ratio-of-sums"",""n_units"":3,""qualified"":true,""sampling_unit"":""capacity-eligible load epoch/block; launch-guarded and scientifically censored blocks are retained as audit counts but excluded from provider-capacity estimands; bootstrap assumes block-level exchangeability and does not remove temporal autocorrelation""}",2408.1699373020724,"{""bootstrap_replicates"":0,""ci95_high"":3029.7604336911195,""ci95_low"":1961.9193626555689,""estimate"":2408.1699373020724,""method"":""epoch/block-bootstrap-ratio-of-sums"",""n_units"":3,""qualified"":true,""sampling_unit"":""capacity-eligible load epoch/block; launch-guarded and scientifically censored blocks are retained as audit counts but excluded from provider-capacity estimands; bootstrap assumes block-level exchangeability and does not remove temporal autocorrelation""}",qwen3.8-max,15,13,480.0,8.0,5.34125585486181,"{""bootstrap_replicates"":0,""ci95_high"":6.916223376989365,""ci95_low"":3.602024059672841,""estimate"":5.34125585486181,""method"":""epoch/block-bootstrap-percentile"",""n_units"":3,""qualified"":true,""sampling_unit"":""capacity-eligible load epoch/block; launch-guarded and scientifically censored blocks are retained as audit counts but excluded from provider-capacity estimands; bootstrap assumes block-level exchangeability and does not remove temporal autocorrelation""}",SHA256SUMS:9d3ea8a161ce4fee8cd37902f3d699018c18b9be82fbef00eb4a98f3f29d762d;campaign:50218753aa9404e0946bbbc04692f95986df6042ad57a54cf19ea467a11c19de;source:603061da297c5422a7ba1750a110d80bf26b4757,right_censored_highest_tested_confirmed_healthy_no_overload,completed_confirmations_healthy,do-six-hour-variation-20260828-r1,True,,short_short,do-combined-capacity-20260829,8.0,0.125,,,13,,short_short
